"unique_id","indicator_id","name","measure","measure_info","geo_type_name","geo_join_id","geo_place_name","time_period","start_date","data_value","message"
"979541","1427","Fine particles (PM 2.5)","Winter mean","mcg/m3","CD","309","South Crown Heights and Lefferts Gardens (CD9)","2024","2024-01-01T00:00:00.000","6.244001597",
"979186","1425","Fine particles (PM 2.5)","Annual mean","mcg/m3","UHF34","301","Washington Heights","2024","2024-01-01T00:00:00.000","6.672108038",
"980317","1432","Nitrogen dioxide (NO2)","Summer mean","ppb","Borough","4","Queens","2024","2024-01-01T00:00:00.000","11.23126987",
"980292","1432","Nitrogen dioxide (NO2)","Summer mean","ppb","UHF42","306","Chelsea - Clinton","2024","2024-01-01T00:00:00.000","20.95912082",
"980102","1431","Nitrogen dioxide (NO2)","Annual mean","ppb","UHF34","210","Coney Island - Sheepshead Bay","2024","2024-01-01T00:00:00.000","12.24254166",
"979198","1427","Fine particles (PM 2.5)","Winter mean","mcg/m3","UHF34","204","East New York","2024","2024-01-01T00:00:00.000","6.140117569",
"980444","1435","Ozone (O3)","Summer mean","ppb","UHF34","501502","Northern SI","2024","2024-01-01T00:00:00.000","32.50193907",
"980318","1432","Nitrogen dioxide (NO2)","Summer mean","ppb","Borough","3","Manhattan","2024","2024-01-01T00:00:00.000","17.00851792",
"980191","1432","Nitrogen dioxide (NO2)","Summer mean","ppb","CD","406","Rego Park and Forest Hills (CD6)","2024","2024-01-01T00:00:00.000","12.16721068",
"980002","1431","Nitrogen dioxide (NO2)","Annual mean","ppb","UHF42","107","Hunts Point - Mott Haven","2024","2024-01-01T00:00:00.000","15.22265105",
"980357","1433","Nitrogen dioxide (NO2)","Winter mean","ppb","UHF34","405","Ridgewood - Forest Hills","2024","2024-01-01T00:00:00.000","20.73006887",
"980097","1431","Nitrogen dioxide (NO2)","Annual mean","ppb","UHF34","304","Upper West Side","2024","2024-01-01T00:00:00.000","18.2887298",
"980490","1435","Ozone (O3)","Summer mean","ppb","Borough","4","Queens","2024","2024-01-01T00:00:00.000","34.97566335",
"980255","1432","Nitrogen dioxide (NO2)","Summer mean","ppb","UHF34","304","Upper West Side","2024","2024-01-01T00:00:00.000","16.62447091",
"980461","1435","Ozone (O3)","Summer mean","ppb","UHF42","310","Lower Manhattan","2024","2024-01-01T00:00:00.000","29.50178081",
"980443","1435","Ozone (O3)","Summer mean","ppb","UHF34","404406","Bayside Little Neck-Fresh Meadows","2024","2024-01-01T00:00:00.000","33.97412924",
"980376","1433","Nitrogen dioxide (NO2)","Winter mean","ppb","CD","107","Upper West Side (CD7)","2024","2024-01-01T00:00:00.000","22.47014351",
"980106","1431","Nitrogen dioxide (NO2)","Annual mean","ppb","UHF34","206","Borough Park","2024","2024-01-01T00:00:00.000","14.45318989",
"979418","1426","Fine particles (PM 2.5)","Summer mean","mcg/m3","UHF42","101","Kingsbridge - Riverdale","2024","2024-01-01T00:00:00.000","8.223734017",
"980194","1432","Nitrogen dioxide (NO2)","Summer mean","ppb","CD","403","Jackson Heights (CD3)","2024","2024-01-01T00:00:00.000","12.54885174",
"979459","1425","Fine particles (PM 2.5)","Annual mean","mcg/m3","CD","212","Williamsbridge and Baychester (CD12)","2024","2024-01-01T00:00:00.000","6.165169668",
"979421","1426","Fine particles (PM 2.5)","Summer mean","mcg/m3","Borough","3","Manhattan","2024","2024-01-01T00:00:00.000","9.553281391",
"979537","1427","Fine particles (PM 2.5)","Winter mean","mcg/m3","CD","305","East New York and Starrett City (CD5)","2024","2024-01-01T00:00:00.000","6.078499068",
"979452","1425","Fine particles (PM 2.5)","Annual mean","mcg/m3","CD","307","Sunset Park (CD7)","2024","2024-01-01T00:00:00.000","7.025956057",
"980370","1433","Nitrogen dioxide (NO2)","Winter mean","ppb","CD","101","Financial District (CD1)","2024","2024-01-01T00:00:00.000","23.70359427",
"980090","1431","Nitrogen dioxide (NO2)","Annual mean","ppb","UHF34","409","Southeast Queens","2024","2024-01-01T00:00:00.000","12.97318603",
"979282","1427","Fine particles (PM 2.5)","Winter mean","mcg/m3","Borough","1","Bronx","2024","2024-01-01T00:00:00.000","6.057922489",
"980480","1435","Ozone (O3)","Summer mean","ppb","UHF42","202","Downtown - Heights - Slope","2024","2024-01-01T00:00:00.000","31.93205725",
"980280","1432","Nitrogen dioxide (NO2)","Summer mean","ppb","UHF42","408","Jamaica","2024","2024-01-01T00:00:00.000","11.09919248",
"980271","1432","Nitrogen dioxide (NO2)","Summer mean","ppb","UHF34","103","Fordham - Bronx Pk","2024","2024-01-01T00:00:00.000","12.64837197",
"980529","1435","Ozone (O3)","Summer mean","ppb","CD","310","Bay Ridge and Dyker Heights (CD10)","2024","2024-01-01T00:00:00.000","32.70528749",
"979229","1425","Fine particles (PM 2.5)","Annual mean","mcg/m3","UHF34","201","Greenpoint","2024","2024-01-01T00:00:00.000","7.426385592",
"979237","1425","Fine particles (PM 2.5)","Annual mean","mcg/m3","UHF42","501","Port Richmond","2024","2024-01-01T00:00:00.000","6.401123784",
"979256","1425","Fine particles (PM 2.5)","Annual mean","mcg/m3","UHF42","302","Central Harlem - Morningside Heights","2024","2024-01-01T00:00:00.000","6.848416019",
"980434","1435","Ozone (O3)","Summer mean","ppb","UHF34","403","Flushing - Clearview","2024","2024-01-01T00:00:00.000","34.57578433",
"980375","1433","Nitrogen dioxide (NO2)","Winter mean","ppb","CD","106","Stuyvesant Town and Turtle Bay (CD6)","2024","2024-01-01T00:00:00.000","24.10002616",
"980146","1431","Nitrogen dioxide (NO2)","Annual mean","ppb","UHF42","309","Union Square - Lower East Side","2024","2024-01-01T00:00:00.000","17.67747451",
"980103","1431","Nitrogen dioxide (NO2)","Annual mean","ppb","UHF34","209","Bensonhurst - Bay Ridge","2024","2024-01-01T00:00:00.000","14.07524578",
"980328","1433","Nitrogen dioxide (NO2)","Winter mean","ppb","UHF42","408","Jamaica","2024","2024-01-01T00:00:00.000","19.71430665",
"979397","1426","Fine particles (PM 2.5)","Summer mean","mcg/m3","UHF42","304","Upper West Side","2024","2024-01-01T00:00:00.000","8.350196949",
"979424","1425","Fine particles (PM 2.5)","Annual mean","mcg/m3","CD","503","Tottenville and Great Kills (CD3)","2024","2024-01-01T00:00:00.000","5.738345711",
"980204","1432","Nitrogen dioxide (NO2)","Summer mean","ppb","CD","311","Bensonhurst (CD11)","2024","2024-01-01T00:00:00.000","10.7582287",
"980140","1431","Nitrogen dioxide (NO2)","Annual mean","ppb","UHF42","405","Ridgewood - Forest Hills","2024","2024-01-01T00:00:00.000","14.58847595",
"980035","1431","Nitrogen dioxide (NO2)","Annual mean","ppb","CD","404","Elmhurst and Corona (CD4)","2024","2024-01-01T00:00:00.000","15.8864791",
"979507","1427","Fine particles (PM 2.5)","Winter mean","mcg/m3","UHF34","105106107","South Bronx","2024","2024-01-01T00:00:00.000","6.449358132",
"979540","1427","Fine particles (PM 2.5)","Winter mean","mcg/m3","CD","308","Crown Heights and Prospect Heights (CD8)","2024","2024-01-01T00:00:00.000","6.581414498",
"979552","1427","Fine particles (PM 2.5)","Winter mean","mcg/m3","CD","402","Woodside and Sunnyside (CD2)","2024","2024-01-01T00:00:00.000","7.051481948",
"979542","1427","Fine particles (PM 2.5)","Winter mean","mcg/m3","CD","310","Bay Ridge and Dyker Heights (CD10)","2024","2024-01-01T00:00:00.000","6.298140364",
"979480","1427","Fine particles (PM 2.5)","Winter mean","mcg/m3","UHF42","210","Coney Island - Sheepshead Bay","2024","2024-01-01T00:00:00.000","5.779387481",
"980348","1433","Nitrogen dioxide (NO2)","Winter mean","ppb","UHF34","210","Coney Island - Sheepshead Bay","2024","2024-01-01T00:00:00.000","17.63569599",
"980364","1433","Nitrogen dioxide (NO2)","Winter mean","ppb","UHF34","309310","Union Square-Lower Manhattan","2024","2024-01-01T00:00:00.000","22.59417451",
"980365","1433","Nitrogen dioxide (NO2)","Winter mean","ppb","UHF34","404406","Bayside Little Neck-Fresh Meadows","2024","2024-01-01T00:00:00.000","19.70966009",
"979399","1426","Fine particles (PM 2.5)","Summer mean","mcg/m3","UHF42","302","Central Harlem - Morningside Heights","2024","2024-01-01T00:00:00.000","8.499777646",
"980085","1431","Nitrogen dioxide (NO2)","Annual mean","ppb","UHF34","404406","Bayside Little Neck-Fresh Meadows","2024","2024-01-01T00:00:00.000","14.20532072",
"980221","1432","Nitrogen dioxide (NO2)","Summer mean","ppb","CD","206","Belmont and East Tremont (CD6)","2024","2024-01-01T00:00:00.000","13.60864014",
"979281","1427","Fine particles (PM 2.5)","Winter mean","mcg/m3","Borough","2","Brooklyn","2024","2024-01-01T00:00:00.000","6.301084035",
"980499","1435","Ozone (O3)","Summer mean","ppb","CD","104","Clinton and Chelsea (CD4)","2024","2024-01-01T00:00:00.000","29.54698239",
"980477","1435","Ozone (O3)","Summer mean","ppb","UHF42","205","Sunset Park","2024","2024-01-01T00:00:00.000","32.59966492",
"980540","1435","Ozone (O3)","Summer mean","ppb","CD","403","Jackson Heights (CD3)","2024","2024-01-01T00:00:00.000","33.99961094",
"980240","1432","Nitrogen dioxide (NO2)","Summer mean","ppb","UHF34","105106107","South Bronx","2024","2024-01-01T00:00:00.000","13.68038073",
"979174","1425","Fine particles (PM 2.5)","Annual mean","mcg/m3","UHF34","305307","Upper East Side-Gramercy","2024","2024-01-01T00:00:00.000","7.908905453",
"980265","1432","Nitrogen dioxide (NO2)","Summer mean","ppb","UHF34","205","Sunset Park","2024","2024-01-01T00:00:00.000","13.64762982",
"980254","1432","Nitrogen dioxide (NO2)","Summer mean","ppb","UHF34","401","Long Island City - Astoria","2024","2024-01-01T00:00:00.000","13.33833751",
"980531","1435","Ozone (O3)","Summer mean","ppb","CD","312","Borough Park (CD12)","2024","2024-01-01T00:00:00.000","33.84084666",
"980492","1435","Ozone (O3)","Summer mean","ppb","Borough","2","Brooklyn","2024","2024-01-01T00:00:00.000","34.21422558",
"980468","1435","Ozone (O3)","Summer mean","ppb","UHF42","303","East Harlem","2024","2024-01-01T00:00:00.000","32.19031911",
"980448","1435","Ozone (O3)","Summer mean","ppb","UHF42","503","Willowbrook","2024","2024-01-01T00:00:00.000","33.28007848",
"979239","1425","Fine particles (PM 2.5)","Annual mean","mcg/m3","UHF42","409","Southeast Queens","2024","2024-01-01T00:00:00.000","5.36639077",
"979249","1425","Fine particles (PM 2.5)","Annual mean","mcg/m3","UHF42","309","Union Square - Lower East Side","2024","2024-01-01T00:00:00.000","8.448370337",
"980436","1435","Ozone (O3)","Summer mean","ppb","UHF34","407","Southwest Queens","2024","2024-01-01T00:00:00.000","35.60543907",
"980429","1435","Ozone (O3)","Summer mean","ppb","UHF34","302","Central Harlem - Morningside Heights","2024","2024-01-01T00:00:00.000","31.68197668",
"980404","1433","Nitrogen dioxide (NO2)","Winter mean","ppb","CD","311","Bensonhurst (CD11)","2024","2024-01-01T00:00:00.000","19.25914484",
"979359","1426","Fine particles (PM 2.5)","Summer mean","mcg/m3","UHF34","303","East Harlem","2024","2024-01-01T00:00:00.000","8.273588298",
"980378","1433","Nitrogen dioxide (NO2)","Winter mean","ppb","CD","109","Morningside Heights and Hamilton Heights (CD9)","2024","2024-01-01T00:00:00.000","21.05607529",
"980346","1433","Nitrogen dioxide (NO2)","Winter mean","ppb","UHF34","208","Canarsie - Flatlands","2024","2024-01-01T00:00:00.000","18.47735586",
"980332","1433","Nitrogen dioxide (NO2)","Winter mean","ppb","UHF42","502","Stapleton - St. George","2024","2024-01-01T00:00:00.000","18.1460027",
"980325","1433","Nitrogen dioxide (NO2)","Winter mean","ppb","UHF42","405","Ridgewood - Forest Hills","2024","2024-01-01T00:00:00.000","20.73006887",
"980323","1433","Nitrogen dioxide (NO2)","Winter mean","ppb","UHF42","403","Flushing - Clearview","2024","2024-01-01T00:00:00.000","19.54685604",
"980313","1432","Nitrogen dioxide (NO2)","Summer mean","ppb","UHF42","103","Fordham - Bronx Pk","2024","2024-01-01T00:00:00.000","12.64837197",
"980260","1432","Nitrogen dioxide (NO2)","Summer mean","ppb","UHF34","210","Coney Island - Sheepshead Bay","2024","2024-01-01T00:00:00.000","9.022628797",
"980277","1432","Nitrogen dioxide (NO2)","Summer mean","ppb","UHF42","501","Port Richmond","2024","2024-01-01T00:00:00.000","11.37511504",
"979419","1426","Fine particles (PM 2.5)","Summer mean","mcg/m3","Borough","5","Staten Island","2024","2024-01-01T00:00:00.000","7.308865418",
"980059","1431","Nitrogen dioxide (NO2)","Annual mean","ppb","CD","210","Throgs Neck and Co-op City (CD10)","2024","2024-01-01T00:00:00.000","14.23180203",
"980044","1431","Nitrogen dioxide (NO2)","Annual mean","ppb","CD","313","Coney Island (CD13)","2024","2024-01-01T00:00:00.000","12.1268352",
"979445","1425","Fine particles (PM 2.5)","Annual mean","mcg/m3","CD","314","Flatbush and Midwood (CD14)","2024","2024-01-01T00:00:00.000","6.17714604",
"980200","1432","Nitrogen dioxide (NO2)","Summer mean","ppb","CD","315","Sheepshead Bay (CD15)","2024","2024-01-01T00:00:00.000","8.94854937",
"980181","1432","Nitrogen dioxide (NO2)","Summer mean","ppb","CD","502","South Beach and Willowbrook (CD2)","2024","2024-01-01T00:00:00.000","9.206255477",
"980148","1433","Nitrogen dioxide (NO2)","Winter mean","ppb","UHF42","309","Union Square - Lower East Side","2024","2024-01-01T00:00:00.000","22.13560879",
"980045","1431","Nitrogen dioxide (NO2)","Annual mean","ppb","CD","312","Borough Park (CD12)","2024","2024-01-01T00:00:00.000","14.65870582",
"980041","1431","Nitrogen dioxide (NO2)","Annual mean","ppb","CD","316","Brownsville (CD16)","2024","2024-01-01T00:00:00.000","15.08718777",
"979474","1427","Fine particles (PM 2.5)","Winter mean","mcg/m3","UHF42","204","East New York","2024","2024-01-01T00:00:00.000","6.140117569",
"979495","1427","Fine particles (PM 2.5)","Winter mean","mcg/m3","UHF42","404","Bayside - Little Neck","2024","2024-01-01T00:00:00.000","5.00446468",
"980024","1431","Nitrogen dioxide (NO2)","Annual mean","ppb","CD","501","St. George and Stapleton (CD1)","2024","2024-01-01T00:00:00.000","13.4826996",
"979536","1427","Fine particles (PM 2.5)","Winter mean","mcg/m3","CD","304","Bushwick (CD4)","2024","2024-01-01T00:00:00.000","6.653231741",
"979564","1427","Fine particles (PM 2.5)","Winter mean","mcg/m3","CD","414","Rockaway and Broad Channel (CD14)","2024","2024-01-01T00:00:00.000","5.098495519",
"979553","1427","Fine particles (PM 2.5)","Winter mean","mcg/m3","CD","403","Jackson Heights (CD3)","2024","2024-01-01T00:00:00.000","6.160547201",
"980095","1431","Nitrogen dioxide (NO2)","Annual mean","ppb","UHF34","402","West Queens","2024","2024-01-01T00:00:00.000","15.78254292",
"980006","1431","Nitrogen dioxide (NO2)","Annual mean","ppb","UHF42","204","East New York","2024","2024-01-01T00:00:00.000","14.57567849",
"979512","1427","Fine particles (PM 2.5)","Winter mean","mcg/m3","CD","104","Clinton and Chelsea (CD4)","2024","2024-01-01T00:00:00.000","7.971873214",
"979486","1427","Fine particles (PM 2.5)","Winter mean","mcg/m3","UHF42","305","Upper East Side","2024","2024-01-01T00:00:00.000","6.843519145",
"980021","1431","Nitrogen dioxide (NO2)","Annual mean","ppb","UHF42","308","Greenwich Village - SoHo","2024","2024-01-01T00:00:00.000","19.50562391",
"980338","1433","Nitrogen dioxide (NO2)","Winter mean","ppb","UHF34","104","Pelham - Throgs Neck","2024","2024-01-01T00:00:00.000","18.71184904",
"980350","1433","Nitrogen dioxide (NO2)","Winter mean","ppb","UHF34","301","Washington Heights","2024","2024-01-01T00:00:00.000","20.21363379",
"980392","1433","Nitrogen dioxide (NO2)","Winter mean","ppb","CD","211","Morris Park and Bronxdale (CD11)","2024","2024-01-01T00:00:00.000","17.86067473",
"979439","1425","Fine particles (PM 2.5)","Annual mean","mcg/m3","CD","402","Woodside and Sunnyside (CD2)","2024","2024-01-01T00:00:00.000","7.367305672",
"980366","1433","Nitrogen dioxide (NO2)","Winter mean","ppb","UHF34","501502","Northern SI","2024","2024-01-01T00:00:00.000","17.86835534",
"980435","1435","Ozone (O3)","Summer mean","ppb","UHF34","405","Ridgewood - Forest Hills","2024","2024-01-01T00:00:00.000","34.32853477",
"979403","1426","Fine particles (PM 2.5)","Summer mean","mcg/m3","UHF42","209","Bensonhurst - Bay Ridge","2024","2024-01-01T00:00:00.000","7.872861125",
"980410","1433","Nitrogen dioxide (NO2)","Winter mean","ppb","CD","317","East Flatbush (CD17)","2024","2024-01-01T00:00:00.000","20.85741642",
"980080","1431","Nitrogen dioxide (NO2)","Annual mean","ppb","CD","101","Financial District (CD1)","2024","2024-01-01T00:00:00.000","20.20060467",
"980186","1432","Nitrogen dioxide (NO2)","Summer mean","ppb","CD","411","Bayside and Little Neck (CD11)","2024","2024-01-01T00:00:00.000","11.69230034",
"979378","1426","Fine particles (PM 2.5)","Summer mean","mcg/m3","UHF42","503","Willowbrook","2024","2024-01-01T00:00:00.000","7.396332469",
"979357","1426","Fine particles (PM 2.5)","Summer mean","mcg/m3","UHF34","401","Long Island City - Astoria","2024","2024-01-01T00:00:00.000","8.960601653",
"979289","1426","Fine particles (PM 2.5)","Summer mean","mcg/m3","CD","411","Bayside and Little Neck (CD11)","2024","2024-01-01T00:00:00.000","7.075653794",
"980458","1435","Ozone (O3)","Summer mean","ppb","UHF42","403","Flushing - Clearview","2024","2024-01-01T00:00:00.000","34.56638806",
"980475","1435","Ozone (O3)","Summer mean","ppb","UHF42","207","East Flatbush - Flatbush","2024","2024-01-01T00:00:00.000","34.4783078",
"980478","1435","Ozone (O3)","Summer mean","ppb","UHF42","204","East New York","2024","2024-01-01T00:00:00.000","34.87066059",
"980551","1435","Ozone (O3)","Summer mean","ppb","CD","414","Rockaway and Broad Channel (CD14)","2024","2024-01-01T00:00:00.000","38.44312178",
"980501","1435","Ozone (O3)","Summer mean","ppb","CD","106","Stuyvesant Town and Turtle Bay (CD6)","2024","2024-01-01T00:00:00.000","29.42423981",
"980539","1435","Ozone (O3)","Summer mean","ppb","CD","402","Woodside and Sunnyside (CD2)","2024","2024-01-01T00:00:00.000","33.72692032",
"979196","1427","Fine particles (PM 2.5)","Winter mean","mcg/m3","UHF34","202","Downtown - Heights - Slope","2024","2024-01-01T00:00:00.000","7.001017859",
"980237","1432","Nitrogen dioxide (NO2)","Summer mean","ppb","CD","102","Greenwich Village and Soho (CD2)","2024","2024-01-01T00:00:00.000","18.02412756",
"980239","1432","Nitrogen dioxide (NO2)","Summer mean","ppb","Citywide","1","New York City","2024","2024-01-01T00:00:00.000","11.44055583",
"979167","1425","Fine particles (PM 2.5)","Annual mean","mcg/m3","Citywide","1","New York City","2024","2024-01-01T00:00:00.000","6.255051193",
"980264","1432","Nitrogen dioxide (NO2)","Summer mean","ppb","UHF34","206","Borough Park","2024","2024-01-01T00:00:00.000","11.41974523",
"979149","1425","Fine particles (PM 2.5)","Annual mean","mcg/m3","CD","206","Belmont and East Tremont (CD6)","2024","2024-01-01T00:00:00.000","6.625871497",
"980279","1432","Nitrogen dioxide (NO2)","Summer mean","ppb","UHF42","409","Southeast Queens","2024","2024-01-01T00:00:00.000","10.49311277",
"980251","1432","Nitrogen dioxide (NO2)","Summer mean","ppb","UHF34","405","Ridgewood - Forest Hills","2024","2024-01-01T00:00:00.000","11.33348082",
"979202","1427","Fine particles (PM 2.5)","Winter mean","mcg/m3","UHF34","208","Canarsie - Flatlands","2024","2024-01-01T00:00:00.000","5.777148755",
"980532","1435","Ozone (O3)","Summer mean","ppb","CD","313","Coney Island (CD13)","2024","2024-01-01T00:00:00.000","36.08947586",
"980519","1435","Ozone (O3)","Summer mean","ppb","CD","212","Williamsbridge and Baychester (CD12)","2024","2024-01-01T00:00:00.000","33.78035472",
"980491","1435","Ozone (O3)","Summer mean","ppb","Borough","3","Manhattan","2024","2024-01-01T00:00:00.000","30.4729769",
"980476","1435","Ozone (O3)","Summer mean","ppb","UHF42","206","Borough Park","2024","2024-01-01T00:00:00.000","33.93145841",
"980464","1435","Ozone (O3)","Summer mean","ppb","UHF42","307","Gramercy Park - Murray Hill","2024","2024-01-01T00:00:00.000","28.50132899",
"980470","1435","Ozone (O3)","Summer mean","ppb","UHF42","301","Washington Heights","2024","2024-01-01T00:00:00.000","31.33527003",
"979181","1425","Fine particles (PM 2.5)","Annual mean","mcg/m3","UHF34","402","West Queens","2024","2024-01-01T00:00:00.000","6.784837542",
"980471","1435","Ozone (O3)","Summer mean","ppb","UHF42","211","Williamsburg - Bushwick","2024","2024-01-01T00:00:00.000","33.72747189",
"979329","1426","Fine particles (PM 2.5)","Summer mean","mcg/m3","CD","201","Mott Haven and Melrose (CD1)","2024","2024-01-01T00:00:00.000","8.399981948",
"980228","1432","Nitrogen dioxide (NO2)","Summer mean","ppb","CD","111","East Harlem (CD11)","2024","2024-01-01T00:00:00.000","14.24079367",
"979246","1425","Fine particles (PM 2.5)","Annual mean","mcg/m3","UHF42","402","West Queens","2024","2024-01-01T00:00:00.000","6.784837542",
"979268","1425","Fine particles (PM 2.5)","Annual mean","mcg/m3","UHF42","201","Greenpoint","2024","2024-01-01T00:00:00.000","7.426385592",
"980440","1435","Ozone (O3)","Summer mean","ppb","UHF34","305307","Upper East Side-Gramercy","2024","2024-01-01T00:00:00.000","29.72804568",
"980441","1435","Ozone (O3)","Summer mean","ppb","UHF34","306308","Chelsea-Village","2024","2024-01-01T00:00:00.000","29.11805365",
"980082","1431","Nitrogen dioxide (NO2)","Annual mean","ppb","UHF34","105106107","South Bronx","2024","2024-01-01T00:00:00.000","15.70154364",
"980418","1435","Ozone (O3)","Summer mean","ppb","UHF34","202","Downtown - Heights - Slope","2024","2024-01-01T00:00:00.000","31.93205725",
"980406","1433","Nitrogen dioxide (NO2)","Winter mean","ppb","CD","313","Coney Island (CD13)","2024","2024-01-01T00:00:00.000","17.39753613",
"979364","1426","Fine particles (PM 2.5)","Summer mean","mcg/m3","UHF34","209","Bensonhurst - Bay Ridge","2024","2024-01-01T00:00:00.000","7.872861125",
"980402","1433","Nitrogen dioxide (NO2)","Winter mean","ppb","CD","309","South Crown Heights and Lefferts Gardens (CD9)","2024","2024-01-01T00:00:00.000","21.37142434",
"979374","1426","Fine particles (PM 2.5)","Summer mean","mcg/m3","UHF34","103","Fordham - Bronx Pk","2024","2024-01-01T00:00:00.000","8.294831068",
"980377","1433","Nitrogen dioxide (NO2)","Winter mean","ppb","CD","108","Upper East Side (CD8)","2024","2024-01-01T00:00:00.000","22.86892435",
"980360","1433","Nitrogen dioxide (NO2)","Winter mean","ppb","UHF34","409","Southeast Queens","2024","2024-01-01T00:00:00.000","18.73618447",
"980345","1433","Nitrogen dioxide (NO2)","Winter mean","ppb","UHF34","207","East Flatbush - Flatbush","2024","2024-01-01T00:00:00.000","20.67867275",
"980334","1433","Nitrogen dioxide (NO2)","Winter mean","ppb","UHF42","504","South Beach - Tottenville","2024","2024-01-01T00:00:00.000","15.30339073",
"980393","1433","Nitrogen dioxide (NO2)","Winter mean","ppb","CD","212","Williamsbridge and Baychester (CD12)","2024","2024-01-01T00:00:00.000","17.36685537",
"980138","1431","Nitrogen dioxide (NO2)","Annual mean","ppb","UHF42","407","Southwest Queens","2024","2024-01-01T00:00:00.000","13.6760549",
"980139","1431","Nitrogen dioxide (NO2)","Annual mean","ppb","UHF42","406","Fresh Meadows","2024","2024-01-01T00:00:00.000","14.40654198",
"980005","1431","Nitrogen dioxide (NO2)","Annual mean","ppb","UHF42","203","Bedford Stuyvesant - Crown Heights","2024","2024-01-01T00:00:00.000","15.51359309",
"980321","1433","Nitrogen dioxide (NO2)","Winter mean","ppb","UHF42","401","Long Island City - Astoria","2024","2024-01-01T00:00:00.000","21.33557512",
"980320","1432","Nitrogen dioxide (NO2)","Summer mean","ppb","Borough","1","Bronx","2024","2024-01-01T00:00:00.000","12.79574906",
"980310","1432","Nitrogen dioxide (NO2)","Summer mean","ppb","UHF42","106","High Bridge - Morrisania","2024","2024-01-01T00:00:00.000","14.27503549",
"980307","1432","Nitrogen dioxide (NO2)","Summer mean","ppb","UHF42","202","Downtown - Heights - Slope","2024","2024-01-01T00:00:00.000","14.51862323",
"980315","1432","Nitrogen dioxide (NO2)","Summer mean","ppb","UHF42","101","Kingsbridge - Riverdale","2024","2024-01-01T00:00:00.000","12.21536579",
"980290","1432","Nitrogen dioxide (NO2)","Summer mean","ppb","UHF42","308","Greenwich Village - SoHo","2024","2024-01-01T00:00:00.000","18.21131632",
"980287","1432","Nitrogen dioxide (NO2)","Summer mean","ppb","UHF42","401","Long Island City - Astoria","2024","2024-01-01T00:00:00.000","13.33833751",
"980296","1432","Nitrogen dioxide (NO2)","Summer mean","ppb","UHF42","302","Central Harlem - Morningside Heights","2024","2024-01-01T00:00:00.000","14.72612779",
"979420","1426","Fine particles (PM 2.5)","Summer mean","mcg/m3","Borough","4","Queens","2024","2024-01-01T00:00:00.000","7.492274178",
"979412","1426","Fine particles (PM 2.5)","Summer mean","mcg/m3","UHF42","107","Hunts Point - Mott Haven","2024","2024-01-01T00:00:00.000","8.545609307",
"980062","1431","Nitrogen dioxide (NO2)","Annual mean","ppb","CD","207","Kingsbridge Heights and Bedford (CD7)","2024","2024-01-01T00:00:00.000","14.62090576",
"980060","1431","Nitrogen dioxide (NO2)","Annual mean","ppb","CD","209","Parkchester and Soundview (CD9)","2024","2024-01-01T00:00:00.000","14.91110719",
"980050","1431","Nitrogen dioxide (NO2)","Annual mean","ppb","CD","307","Sunset Park (CD7)","2024","2024-01-01T00:00:00.000","16.10580838",
"979430","1425","Fine particles (PM 2.5)","Annual mean","mcg/m3","CD","411","Bayside and Little Neck (CD11)","2024","2024-01-01T00:00:00.000","5.475896508",
"979461","1427","Fine particles (PM 2.5)","Winter mean","mcg/m3","Borough","3","Manhattan","2024","2024-01-01T00:00:00.000","7.237969019",
"979450","1425","Fine particles (PM 2.5)","Annual mean","mcg/m3","CD","309","South Crown Heights and Lefferts Gardens (CD9)","2024","2024-01-01T00:00:00.000","6.311201205",
"979448","1425","Fine particles (PM 2.5)","Annual mean","mcg/m3","CD","311","Bensonhurst (CD11)","2024","2024-01-01T00:00:00.000","6.119479394",
"980187","1432","Nitrogen dioxide (NO2)","Summer mean","ppb","CD","410","South Ozone Park and Howard Beach (CD10)","2024","2024-01-01T00:00:00.000","9.995722951",
"980205","1432","Nitrogen dioxide (NO2)","Summer mean","ppb","CD","310","Bay Ridge and Dyker Heights (CD10)","2024","2024-01-01T00:00:00.000","12.85900026",
"980171","1433","Nitrogen dioxide (NO2)","Winter mean","ppb","UHF42","104","Pelham - Throgs Neck","2024","2024-01-01T00:00:00.000","18.71184904",
"980147","1433","Nitrogen dioxide (NO2)","Winter mean","ppb","UHF42","310","Lower Manhattan","2024","2024-01-01T00:00:00.000","23.59597775",
"980126","1433","Nitrogen dioxide (NO2)","Winter mean","ppb","CD","413","Queens Village (CD13)","2024","2024-01-01T00:00:00.000","18.73190781",
"980113","1431","Nitrogen dioxide (NO2)","Annual mean","ppb","UHF34","103","Fordham - Bronx Pk","2024","2024-01-01T00:00:00.000","14.14232526",
"980038","1431","Nitrogen dioxide (NO2)","Annual mean","ppb","CD","401","Long Island City and Astoria (CD1)","2024","2024-01-01T00:00:00.000","15.32288753",
"979455","1425","Fine particles (PM 2.5)","Annual mean","mcg/m3","CD","304","Bushwick (CD4)","2024","2024-01-01T00:00:00.000","6.918548546",
"979504","1427","Fine particles (PM 2.5)","Winter mean","mcg/m3","UHF34","404406","Bayside Little Neck-Fresh Meadows","2024","2024-01-01T00:00:00.000","5.128107294",
"979470","1427","Fine particles (PM 2.5)","Winter mean","mcg/m3","UHF42","107","Hunts Point - Mott Haven","2024","2024-01-01T00:00:00.000","6.57516587",
"980063","1431","Nitrogen dioxide (NO2)","Annual mean","ppb","CD","206","Belmont and East Tremont (CD6)","2024","2024-01-01T00:00:00.000","15.3466762",
"980046","1431","Nitrogen dioxide (NO2)","Annual mean","ppb","CD","311","Bensonhurst (CD11)","2024","2024-01-01T00:00:00.000","13.52717147",
"979511","1427","Fine particles (PM 2.5)","Winter mean","mcg/m3","CD","103","Lower East Side and Chinatown (CD3)","2024","2024-01-01T00:00:00.000","7.490820958",
"979526","1427","Fine particles (PM 2.5)","Winter mean","mcg/m3","CD","206","Belmont and East Tremont (CD6)","2024","2024-01-01T00:00:00.000","6.265965408",
"979518","1427","Fine particles (PM 2.5)","Winter mean","mcg/m3","CD","110","Central Harlem (CD10)","2024","2024-01-01T00:00:00.000","6.688121978",
"980294","1432","Nitrogen dioxide (NO2)","Summer mean","ppb","UHF42","304","Upper West Side","2024","2024-01-01T00:00:00.000","16.62465998",
"979544","1427","Fine particles (PM 2.5)","Winter mean","mcg/m3","CD","312","Borough Park (CD12)","2024","2024-01-01T00:00:00.000","6.272137802",
"980007","1431","Nitrogen dioxide (NO2)","Annual mean","ppb","UHF42","205","Sunset Park","2024","2024-01-01T00:00:00.000","16.09614633",
"979560","1427","Fine particles (PM 2.5)","Winter mean","mcg/m3","CD","410","South Ozone Park and Howard Beach (CD10)","2024","2024-01-01T00:00:00.000","5.51344052",
"979563","1427","Fine particles (PM 2.5)","Winter mean","mcg/m3","CD","413","Queens Village (CD13)","2024","2024-01-01T00:00:00.000","5.00204624",
"980316","1432","Nitrogen dioxide (NO2)","Summer mean","ppb","Borough","5","Staten Island","2024","2024-01-01T00:00:00.000","9.015272242",
"980084","1431","Nitrogen dioxide (NO2)","Annual mean","ppb","UHF34","501502","Northern SI","2024","2024-01-01T00:00:00.000","13.20313347",
"979562","1427","Fine particles (PM 2.5)","Winter mean","mcg/m3","CD","412","Jamaica and Hollis (CD12)","2024","2024-01-01T00:00:00.000","5.370816358",
"979996","1431","Nitrogen dioxide (NO2)","Annual mean","ppb","UHF42","101","Kingsbridge - Riverdale","2024","2024-01-01T00:00:00.000","13.50595126",
"979530","1427","Fine particles (PM 2.5)","Winter mean","mcg/m3","CD","210","Throgs Neck and Co-op City (CD10)","2024","2024-01-01T00:00:00.000","5.595536371",
"979515","1427","Fine particles (PM 2.5)","Winter mean","mcg/m3","CD","107","Upper West Side (CD7)","2024","2024-01-01T00:00:00.000","6.748582207",
"979500","1427","Fine particles (PM 2.5)","Winter mean","mcg/m3","UHF42","409","Southeast Queens","2024","2024-01-01T00:00:00.000","4.952464086",
"980010","1431","Nitrogen dioxide (NO2)","Annual mean","ppb","UHF42","208","Canarsie - Flatlands","2024","2024-01-01T00:00:00.000","12.39451621",
"980020","1431","Nitrogen dioxide (NO2)","Annual mean","ppb","UHF42","307","Gramercy Park - Murray Hill","2024","2024-01-01T00:00:00.000","22.54087537",
"980019","1431","Nitrogen dioxide (NO2)","Annual mean","ppb","UHF42","306","Chelsea - Clinton","2024","2024-01-01T00:00:00.000","22.31126311",
"980329","1433","Nitrogen dioxide (NO2)","Winter mean","ppb","UHF42","409","Southeast Queens","2024","2024-01-01T00:00:00.000","18.73613789",
"980339","1433","Nitrogen dioxide (NO2)","Winter mean","ppb","UHF34","201","Greenpoint","2024","2024-01-01T00:00:00.000","22.31466937",
"980344","1433","Nitrogen dioxide (NO2)","Winter mean","ppb","UHF34","206","Borough Park","2024","2024-01-01T00:00:00.000","20.42019447",
"980055","1431","Nitrogen dioxide (NO2)","Annual mean","ppb","CD","302","Fort Greene and Brooklyn Heights (CD2)","2024","2024-01-01T00:00:00.000","17.95803395",
"980349","1433","Nitrogen dioxide (NO2)","Winter mean","ppb","UHF34","211","Williamsburg - Bushwick","2024","2024-01-01T00:00:00.000","21.79709348",
"980359","1433","Nitrogen dioxide (NO2)","Winter mean","ppb","UHF34","408","Jamaica","2024","2024-01-01T00:00:00.000","19.7145876",
"979278","1425","Fine particles (PM 2.5)","Annual mean","mcg/m3","Borough","3","Manhattan","2024","2024-01-01T00:00:00.000","7.712711937",
"979299","1426","Fine particles (PM 2.5)","Summer mean","mcg/m3","CD","401","Long Island City and Astoria (CD1)","2024","2024-01-01T00:00:00.000","8.512916909",
"979277","1425","Fine particles (PM 2.5)","Annual mean","mcg/m3","Borough","4","Queens","2024","2024-01-01T00:00:00.000","5.945005842",
"980372","1433","Nitrogen dioxide (NO2)","Winter mean","ppb","CD","103","Lower East Side and Chinatown (CD3)","2024","2024-01-01T00:00:00.000","21.9795616",
"980382","1433","Nitrogen dioxide (NO2)","Winter mean","ppb","CD","201","Mott Haven and Melrose (CD1)","2024","2024-01-01T00:00:00.000","20.71154826",
"980388","1433","Nitrogen dioxide (NO2)","Winter mean","ppb","CD","207","Kingsbridge Heights and Bedford (CD7)","2024","2024-01-01T00:00:00.000","18.13624743",
"979369","1426","Fine particles (PM 2.5)","Summer mean","mcg/m3","UHF34","204","East New York","2024","2024-01-01T00:00:00.000","7.862037671",
"979406","1426","Fine particles (PM 2.5)","Summer mean","mcg/m3","UHF42","206","Borough Park","2024","2024-01-01T00:00:00.000","8.006160397",
"979340","1426","Fine particles (PM 2.5)","Summer mean","mcg/m3","CD","102","Greenwich Village and Soho (CD2)","2024","2024-01-01T00:00:00.000","11.62141805",
"980408","1433","Nitrogen dioxide (NO2)","Winter mean","ppb","CD","315","Sheepshead Bay (CD15)","2024","2024-01-01T00:00:00.000","17.65989419",
"979287","1426","Fine particles (PM 2.5)","Summer mean","mcg/m3","CD","413","Queens Village (CD13)","2024","2024-01-01T00:00:00.000","6.963338278",
"980079","1431","Nitrogen dioxide (NO2)","Annual mean","ppb","CD","102","Greenwich Village and Soho (CD2)","2024","2024-01-01T00:00:00.000","19.39942496",
"980136","1431","Nitrogen dioxide (NO2)","Annual mean","ppb","UHF42","409","Southeast Queens","2024","2024-01-01T00:00:00.000","12.97316072",
"980188","1432","Nitrogen dioxide (NO2)","Summer mean","ppb","CD","409","Kew Gardens and Woodhaven (CD9)","2024","2024-01-01T00:00:00.000","11.316278",
"979265","1425","Fine particles (PM 2.5)","Annual mean","mcg/m3","UHF42","204","East New York","2024","2024-01-01T00:00:00.000","6.305637969",
"979250","1425","Fine particles (PM 2.5)","Annual mean","mcg/m3","UHF42","308","Greenwich Village - SoHo","2024","2024-01-01T00:00:00.000","8.933307926",
"979372","1426","Fine particles (PM 2.5)","Summer mean","mcg/m3","UHF34","201","Greenpoint","2024","2024-01-01T00:00:00.000","9.118454778",
"979334","1426","Fine particles (PM 2.5)","Summer mean","mcg/m3","CD","108","Upper East Side (CD8)","2024","2024-01-01T00:00:00.000","8.726573544",
"979308","1426","Fine particles (PM 2.5)","Summer mean","mcg/m3","CD","310","Bay Ridge and Dyker Heights (CD10)","2024","2024-01-01T00:00:00.000","8.109451161",
"979288","1426","Fine particles (PM 2.5)","Summer mean","mcg/m3","CD","412","Jamaica and Hollis (CD12)","2024","2024-01-01T00:00:00.000","7.246356477",
"979263","1425","Fine particles (PM 2.5)","Annual mean","mcg/m3","UHF42","206","Borough Park","2024","2024-01-01T00:00:00.000","6.298935226",
"980456","1435","Ozone (O3)","Summer mean","ppb","UHF42","405","Ridgewood - Forest Hills","2024","2024-01-01T00:00:00.000","34.32853477",
"980460","1435","Ozone (O3)","Summer mean","ppb","UHF42","401","Long Island City - Astoria","2024","2024-01-01T00:00:00.000","33.62730397",
"980466","1435","Ozone (O3)","Summer mean","ppb","UHF42","305","Upper East Side","2024","2024-01-01T00:00:00.000","30.81149464",
"979210","1427","Fine particles (PM 2.5)","Winter mean","mcg/m3","UHF34","401","Long Island City - Astoria","2024","2024-01-01T00:00:00.000","6.991050711",
"980472","1435","Ozone (O3)","Summer mean","ppb","UHF42","210","Coney Island - Sheepshead Bay","2024","2024-01-01T00:00:00.000","35.89674479",
"980535","1435","Ozone (O3)","Summer mean","ppb","CD","316","Brownsville (CD16)","2024","2024-01-01T00:00:00.000","34.39508323",
"980550","1435","Ozone (O3)","Summer mean","ppb","CD","413","Queens Village (CD13)","2024","2024-01-01T00:00:00.000","35.87566759",
"980484","1435","Ozone (O3)","Summer mean","ppb","UHF42","105","Crotona - Tremont","2024","2024-01-01T00:00:00.000","32.73114411",
"979217","1427","Fine particles (PM 2.5)","Winter mean","mcg/m3","UHF34","410","Rockaways","2024","2024-01-01T00:00:00.000","5.095318198",
"980512","1435","Ozone (O3)","Summer mean","ppb","CD","205","Fordham and University Heights (CD5)","2024","2024-01-01T00:00:00.000","32.65661558",
"979216","1427","Fine particles (PM 2.5)","Winter mean","mcg/m3","UHF34","409","Southeast Queens","2024","2024-01-01T00:00:00.000","4.952391579",
"980544","1435","Ozone (O3)","Summer mean","ppb","CD","407","Flushing and Whitestone (CD7)","2024","2024-01-01T00:00:00.000","34.52479951",
"979197","1427","Fine particles (PM 2.5)","Winter mean","mcg/m3","UHF34","203","Bedford Stuyvesant - Crown Heights","2024","2024-01-01T00:00:00.000","6.410213554",
"979190","1427","Fine particles (PM 2.5)","Winter mean","mcg/m3","UHF42","504","South Beach - Tottenville","2024","2024-01-01T00:00:00.000","5.59409156",
"979381","1426","Fine particles (PM 2.5)","Summer mean","mcg/m3","UHF42","410","Rockaways","2024","2024-01-01T00:00:00.000","6.702621438",
"980247","1432","Nitrogen dioxide (NO2)","Summer mean","ppb","UHF34","410","Rockaways","2024","2024-01-01T00:00:00.000","7.114411185",
"980170","1433","Nitrogen dioxide (NO2)","Winter mean","ppb","UHF42","105","Crotona - Tremont","2024","2024-01-01T00:00:00.000","19.75115497",
"979157","1425","Fine particles (PM 2.5)","Annual mean","mcg/m3","CD","110","Central Harlem (CD10)","2024","2024-01-01T00:00:00.000","6.847964651",
"979168","1425","Fine particles (PM 2.5)","Annual mean","mcg/m3","UHF34","105106107","South Bronx","2024","2024-01-01T00:00:00.000","6.704855087",
"979178","1425","Fine particles (PM 2.5)","Annual mean","mcg/m3","UHF34","407","Southwest Queens","2024","2024-01-01T00:00:00.000","5.830017798",
"980278","1432","Nitrogen dioxide (NO2)","Summer mean","ppb","UHF42","410","Rockaways","2024","2024-01-01T00:00:00.000","7.114411185",
"979159","1425","Fine particles (PM 2.5)","Annual mean","mcg/m3","CD","108","Upper East Side (CD8)","2024","2024-01-01T00:00:00.000","7.055602758",
"979179","1425","Fine particles (PM 2.5)","Annual mean","mcg/m3","UHF34","405","Ridgewood - Forest Hills","2024","2024-01-01T00:00:00.000","6.226555987",
"979158","1425","Fine particles (PM 2.5)","Annual mean","mcg/m3","CD","109","Morningside Heights and Hamilton Heights (CD9)","2024","2024-01-01T00:00:00.000","6.831355099",
"979173","1425","Fine particles (PM 2.5)","Annual mean","mcg/m3","UHF34","306308","Chelsea-Village","2024","2024-01-01T00:00:00.000","9.31876552",
"980270","1432","Nitrogen dioxide (NO2)","Summer mean","ppb","UHF34","104","Pelham - Throgs Neck","2024","2024-01-01T00:00:00.000","12.34562544",
"980248","1432","Nitrogen dioxide (NO2)","Summer mean","ppb","UHF34","409","Southeast Queens","2024","2024-01-01T00:00:00.000","10.49325872",
"979191","1427","Fine particles (PM 2.5)","Winter mean","mcg/m3","UHF34","101","Kingsbridge - Riverdale","2024","2024-01-01T00:00:00.000","6.151617791",
"979194","1427","Fine particles (PM 2.5)","Winter mean","mcg/m3","UHF34","104","Pelham - Throgs Neck","2024","2024-01-01T00:00:00.000","5.83457178",
"980547","1435","Ozone (O3)","Summer mean","ppb","CD","410","South Ozone Park and Howard Beach (CD10)","2024","2024-01-01T00:00:00.000","36.06666739",
"980536","1435","Ozone (O3)","Summer mean","ppb","CD","317","East Flatbush (CD17)","2024","2024-01-01T00:00:00.000","34.80454314",
"980522","1435","Ozone (O3)","Summer mean","ppb","CD","303","Bedford Stuyvesant (CD3)","2024","2024-01-01T00:00:00.000","33.15663983",
"980508","1435","Ozone (O3)","Summer mean","ppb","CD","201","Mott Haven and Melrose (CD1)","2024","2024-01-01T00:00:00.000","33.12405618",
"980520","1435","Ozone (O3)","Summer mean","ppb","CD","301","Greenpoint and Williamsburg (CD1)","2024","2024-01-01T00:00:00.000","33.16267437",
"980494","1435","Ozone (O3)","Summer mean","ppb","UHF34","105106107","South Bronx","2024","2024-01-01T00:00:00.000","33.35361336",
"980487","1435","Ozone (O3)","Summer mean","ppb","UHF42","102","Northeast Bronx","2024","2024-01-01T00:00:00.000","34.00544567",
"980479","1435","Ozone (O3)","Summer mean","ppb","UHF42","203","Bedford Stuyvesant - Crown Heights","2024","2024-01-01T00:00:00.000","33.65579212",
"979213","1427","Fine particles (PM 2.5)","Winter mean","mcg/m3","UHF34","405","Ridgewood - Forest Hills","2024","2024-01-01T00:00:00.000","6.065393566",
"979228","1425","Fine particles (PM 2.5)","Annual mean","mcg/m3","UHF34","202","Downtown - Heights - Slope","2024","2024-01-01T00:00:00.000","7.232122393",
"980463","1435","Ozone (O3)","Summer mean","ppb","UHF42","308","Greenwich Village - SoHo","2024","2024-01-01T00:00:00.000","30.13551243",
"980459","1435","Ozone (O3)","Summer mean","ppb","UHF42","402","West Queens","2024","2024-01-01T00:00:00.000","33.90541806",
"980450","1435","Ozone (O3)","Summer mean","ppb","UHF42","501","Port Richmond","2024","2024-01-01T00:00:00.000","32.71644811",
"980453","1435","Ozone (O3)","Summer mean","ppb","UHF42","408","Jamaica","2024","2024-01-01T00:00:00.000","35.1994998",
"980454","1435","Ozone (O3)","Summer mean","ppb","UHF42","407","Southwest Queens","2024","2024-01-01T00:00:00.000","35.60606155",
"980554","1435","Ozone (O3)","Summer mean","ppb","CD","503","Tottenville and Great Kills (CD3)","2024","2024-01-01T00:00:00.000","34.20650959",
"979313","1426","Fine particles (PM 2.5)","Summer mean","mcg/m3","CD","305","East New York and Starrett City (CD5)","2024","2024-01-01T00:00:00.000","7.782354015",
"979328","1426","Fine particles (PM 2.5)","Summer mean","mcg/m3","CD","202","Hunts Point and Longwood (CD2)","2024","2024-01-01T00:00:00.000","8.936051725",
"979379","1426","Fine particles (PM 2.5)","Summer mean","mcg/m3","UHF42","502","Stapleton - St. George","2024","2024-01-01T00:00:00.000","7.604942808",
"980235","1432","Nitrogen dioxide (NO2)","Summer mean","ppb","CD","104","Clinton and Chelsea (CD4)","2024","2024-01-01T00:00:00.000","19.34898416",
"979380","1426","Fine particles (PM 2.5)","Summer mean","mcg/m3","UHF42","501","Port Richmond","2024","2024-01-01T00:00:00.000","7.868356361",
"979273","1425","Fine particles (PM 2.5)","Annual mean","mcg/m3","UHF42","103","Fordham - Bronx Pk","2024","2024-01-01T00:00:00.000","6.37609579",
"979255","1425","Fine particles (PM 2.5)","Annual mean","mcg/m3","UHF42","303","East Harlem","2024","2024-01-01T00:00:00.000","6.66133586",
"979275","1425","Fine particles (PM 2.5)","Annual mean","mcg/m3","UHF42","101","Kingsbridge - Riverdale","2024","2024-01-01T00:00:00.000","6.334203347",
"980437","1435","Ozone (O3)","Summer mean","ppb","UHF34","408","Jamaica","2024","2024-01-01T00:00:00.000","35.19902756",
"980179","1433","Nitrogen dioxide (NO2)","Winter mean","ppb","Borough","1","Bronx","2024","2024-01-01T00:00:00.000","18.64101031",
"980043","1431","Nitrogen dioxide (NO2)","Annual mean","ppb","CD","314","Flatbush and Midwood (CD14)","2024","2024-01-01T00:00:00.000","14.11497987",
"980130","1433","Nitrogen dioxide (NO2)","Winter mean","ppb","CD","503","Tottenville and Great Kills (CD3)","2024","2024-01-01T00:00:00.000","15.2192944",
"980101","1431","Nitrogen dioxide (NO2)","Annual mean","ppb","UHF34","211","Williamsburg - Bushwick","2024","2024-01-01T00:00:00.000","15.82250175",
"980099","1431","Nitrogen dioxide (NO2)","Annual mean","ppb","UHF34","302","Central Harlem - Morningside Heights","2024","2024-01-01T00:00:00.000","16.52182254",
"980427","1435","Ozone (O3)","Summer mean","ppb","UHF34","211","Williamsburg - Bushwick","2024","2024-01-01T00:00:00.000","33.72747189",
"980420","1435","Ozone (O3)","Summer mean","ppb","UHF34","204","East New York","2024","2024-01-01T00:00:00.000","34.87066059",
"980413","1433","Nitrogen dioxide (NO2)","Winter mean","ppb","CD","402","Woodside and Sunnyside (CD2)","2024","2024-01-01T00:00:00.000","21.87052971",
"980405","1433","Nitrogen dioxide (NO2)","Winter mean","ppb","CD","312","Borough Park (CD12)","2024","2024-01-01T00:00:00.000","20.62092649",
"980400","1433","Nitrogen dioxide (NO2)","Winter mean","ppb","CD","307","Sunset Park (CD7)","2024","2024-01-01T00:00:00.000","21.95981091",
"979353","1426","Fine particles (PM 2.5)","Summer mean","mcg/m3","UHF34","407","Southwest Queens","2024","2024-01-01T00:00:00.000","7.318839209",
"979361","1426","Fine particles (PM 2.5)","Summer mean","mcg/m3","UHF34","301","Washington Heights","2024","2024-01-01T00:00:00.000","8.412955291",
"979408","1426","Fine particles (PM 2.5)","Summer mean","mcg/m3","UHF42","204","East New York","2024","2024-01-01T00:00:00.000","7.862037671",
"980395","1433","Nitrogen dioxide (NO2)","Winter mean","ppb","CD","302","Fort Greene and Brooklyn Heights (CD2)","2024","2024-01-01T00:00:00.000","23.12723523",
"980219","1432","Nitrogen dioxide (NO2)","Summer mean","ppb","CD","208","Riverdale and Fieldston (CD8)","2024","2024-01-01T00:00:00.000","12.15522715",
"980387","1433","Nitrogen dioxide (NO2)","Winter mean","ppb","CD","206","Belmont and East Tremont (CD6)","2024","2024-01-01T00:00:00.000","19.14742425",
"980381","1433","Nitrogen dioxide (NO2)","Winter mean","ppb","CD","112","Washington Heights and Inwood (CD12)","2024","2024-01-01T00:00:00.000","20.08470493",
"980368","1433","Nitrogen dioxide (NO2)","Winter mean","ppb","UHF34","105106107","South Bronx","2024","2024-01-01T00:00:00.000","19.98635012",
"980363","1433","Nitrogen dioxide (NO2)","Winter mean","ppb","UHF34","306308","Chelsea-Village","2024","2024-01-01T00:00:00.000","24.40881846",
"980354","1433","Nitrogen dioxide (NO2)","Winter mean","ppb","UHF34","401","Long Island City - Astoria","2024","2024-01-01T00:00:00.000","21.33557512",
"980356","1433","Nitrogen dioxide (NO2)","Winter mean","ppb","UHF34","403","Flushing - Clearview","2024","2024-01-01T00:00:00.000","19.54054552",
"980343","1433","Nitrogen dioxide (NO2)","Winter mean","ppb","UHF34","205","Sunset Park","2024","2024-01-01T00:00:00.000","21.86672729",
"980333","1433","Nitrogen dioxide (NO2)","Winter mean","ppb","UHF42","503","Willowbrook","2024","2024-01-01T00:00:00.000","15.99423027",
"979550","1427","Fine particles (PM 2.5)","Winter mean","mcg/m3","CD","318","Flatlands and Canarsie (CD18)","2024","2024-01-01T00:00:00.000","5.761038625",
"980358","1433","Nitrogen dioxide (NO2)","Winter mean","ppb","UHF34","407","Southwest Queens","2024","2024-01-01T00:00:00.000","19.87523667",
"980145","1431","Nitrogen dioxide (NO2)","Annual mean","ppb","UHF42","310","Lower Manhattan","2024","2024-01-01T00:00:00.000","20.06263054",
"980011","1431","Nitrogen dioxide (NO2)","Annual mean","ppb","UHF42","209","Bensonhurst - Bay Ridge","2024","2024-01-01T00:00:00.000","14.07524578",
"980004","1431","Nitrogen dioxide (NO2)","Annual mean","ppb","UHF42","202","Downtown - Heights - Slope","2024","2024-01-01T00:00:00.000","17.10405267",
"979502","1427","Fine particles (PM 2.5)","Winter mean","mcg/m3","UHF34","306308","Chelsea-Village","2024","2024-01-01T00:00:00.000","8.244268963",
"979547","1427","Fine particles (PM 2.5)","Winter mean","mcg/m3","CD","315","Sheepshead Bay (CD15)","2024","2024-01-01T00:00:00.000","5.75501656",
"979532","1427","Fine particles (PM 2.5)","Winter mean","mcg/m3","CD","212","Williamsbridge and Baychester (CD12)","2024","2024-01-01T00:00:00.000","5.779040718",
"979993","1431","Nitrogen dioxide (NO2)","Annual mean","ppb","Borough","3","Manhattan","2024","2024-01-01T00:00:00.000","18.63149789",
"980118","1433","Nitrogen dioxide (NO2)","Winter mean","ppb","CD","405","Ridgewood and Maspeth (CD5)","2024","2024-01-01T00:00:00.000","20.92273855",
"980091","1431","Nitrogen dioxide (NO2)","Annual mean","ppb","UHF34","408","Jamaica","2024","2024-01-01T00:00:00.000","13.82925603",
"980074","1431","Nitrogen dioxide (NO2)","Annual mean","ppb","CD","107","Upper West Side (CD7)","2024","2024-01-01T00:00:00.000","18.31167325",
"980066","1431","Nitrogen dioxide (NO2)","Annual mean","ppb","CD","203","Morrisania and Crotona (CD3)","2024","2024-01-01T00:00:00.000","15.46785333",
"980309","1432","Nitrogen dioxide (NO2)","Summer mean","ppb","UHF42","107","Hunts Point - Mott Haven","2024","2024-01-01T00:00:00.000","12.91510354",
"980304","1432","Nitrogen dioxide (NO2)","Summer mean","ppb","UHF42","205","Sunset Park","2024","2024-01-01T00:00:00.000","13.64758239",
"980303","1432","Nitrogen dioxide (NO2)","Summer mean","ppb","UHF42","206","Borough Park","2024","2024-01-01T00:00:00.000","11.41974523",
"980300","1432","Nitrogen dioxide (NO2)","Summer mean","ppb","UHF42","209","Bensonhurst - Bay Ridge","2024","2024-01-01T00:00:00.000","11.66597241",
"980302","1432","Nitrogen dioxide (NO2)","Summer mean","ppb","UHF42","207","East Flatbush - Flatbush","2024","2024-01-01T00:00:00.000","10.90689967",
"979410","1426","Fine particles (PM 2.5)","Summer mean","mcg/m3","UHF42","202","Downtown - Heights - Slope","2024","2024-01-01T00:00:00.000","9.014772615",
"980289","1432","Nitrogen dioxide (NO2)","Summer mean","ppb","UHF42","309","Union Square - Lower East Side","2024","2024-01-01T00:00:00.000","15.90637685",
"980286","1432","Nitrogen dioxide (NO2)","Summer mean","ppb","UHF42","402","West Queens","2024","2024-01-01T00:00:00.000","12.9069704",
"980283","1432","Nitrogen dioxide (NO2)","Summer mean","ppb","UHF42","405","Ridgewood - Forest Hills","2024","2024-01-01T00:00:00.000","11.33348082",
"979387","1426","Fine particles (PM 2.5)","Summer mean","mcg/m3","UHF42","404","Bayside - Little Neck","2024","2024-01-01T00:00:00.000","7.062092371",
"980238","1432","Nitrogen dioxide (NO2)","Summer mean","ppb","CD","101","Financial District (CD1)","2024","2024-01-01T00:00:00.000","18.94312504",
"980259","1432","Nitrogen dioxide (NO2)","Summer mean","ppb","UHF34","211","Williamsburg - Bushwick","2024","2024-01-01T00:00:00.000","12.41213995",
"979405","1426","Fine particles (PM 2.5)","Summer mean","mcg/m3","UHF42","207","East Flatbush - Flatbush","2024","2024-01-01T00:00:00.000","7.880531722",
"979458","1425","Fine particles (PM 2.5)","Annual mean","mcg/m3","CD","301","Greenpoint and Williamsburg (CD1)","2024","2024-01-01T00:00:00.000","7.500324881",
"979414","1426","Fine particles (PM 2.5)","Summer mean","mcg/m3","UHF42","105","Crotona - Tremont","2024","2024-01-01T00:00:00.000","8.365986842",
"979395","1426","Fine particles (PM 2.5)","Summer mean","mcg/m3","UHF42","306","Chelsea - Clinton","2024","2024-01-01T00:00:00.000","11.6372734",
"980058","1431","Nitrogen dioxide (NO2)","Annual mean","ppb","CD","211","Morris Park and Bronxdale (CD11)","2024","2024-01-01T00:00:00.000","13.95012243",
"979457","1425","Fine particles (PM 2.5)","Annual mean","mcg/m3","CD","302","Fort Greene and Brooklyn Heights (CD2)","2024","2024-01-01T00:00:00.000","7.233200605",
"980052","1431","Nitrogen dioxide (NO2)","Annual mean","ppb","CD","305","East New York and Starrett City (CD5)","2024","2024-01-01T00:00:00.000","14.36644166",
"980053","1431","Nitrogen dioxide (NO2)","Annual mean","ppb","CD","304","Bushwick (CD4)","2024","2024-01-01T00:00:00.000","15.28119612",
"980047","1431","Nitrogen dioxide (NO2)","Annual mean","ppb","CD","310","Bay Ridge and Dyker Heights (CD10)","2024","2024-01-01T00:00:00.000","15.01434838",
"979440","1425","Fine particles (PM 2.5)","Annual mean","mcg/m3","CD","401","Long Island City and Astoria (CD1)","2024","2024-01-01T00:00:00.000","6.884477807",
"979425","1425","Fine particles (PM 2.5)","Annual mean","mcg/m3","CD","502","South Beach and Willowbrook (CD2)","2024","2024-01-01T00:00:00.000","5.959910744",
"979429","1425","Fine particles (PM 2.5)","Annual mean","mcg/m3","CD","412","Jamaica and Hollis (CD12)","2024","2024-01-01T00:00:00.000","5.748199047",
"979435","1425","Fine particles (PM 2.5)","Annual mean","mcg/m3","CD","406","Rego Park and Forest Hills (CD6)","2024","2024-01-01T00:00:00.000","5.927647782",
"980157","1433","Nitrogen dioxide (NO2)","Winter mean","ppb","UHF42","211","Williamsburg - Bushwick","2024","2024-01-01T00:00:00.000","21.79709348",
"980128","1433","Nitrogen dioxide (NO2)","Winter mean","ppb","CD","501","St. George and Stapleton (CD1)","2024","2024-01-01T00:00:00.000","17.97689936",
"979451","1425","Fine particles (PM 2.5)","Annual mean","mcg/m3","CD","308","Crown Heights and Prospect Heights (CD8)","2024","2024-01-01T00:00:00.000","6.773612773",
"979447","1425","Fine particles (PM 2.5)","Annual mean","mcg/m3","CD","312","Borough Park (CD12)","2024","2024-01-01T00:00:00.000","6.374177148",
"979390","1426","Fine particles (PM 2.5)","Summer mean","mcg/m3","UHF42","401","Long Island City - Astoria","2024","2024-01-01T00:00:00.000","8.960601653",
"980183","1432","Nitrogen dioxide (NO2)","Summer mean","ppb","CD","414","Rockaway and Broad Channel (CD14)","2024","2024-01-01T00:00:00.000","7.067831518",
"979442","1425","Fine particles (PM 2.5)","Annual mean","mcg/m3","CD","317","East Flatbush (CD17)","2024","2024-01-01T00:00:00.000","6.229798506",
"979436","1425","Fine particles (PM 2.5)","Annual mean","mcg/m3","CD","405","Ridgewood and Maspeth (CD5)","2024","2024-01-01T00:00:00.000","6.562292145",
"980174","1433","Nitrogen dioxide (NO2)","Winter mean","ppb","UHF42","101","Kingsbridge - Riverdale","2024","2024-01-01T00:00:00.000","17.09111105",
"979427","1425","Fine particles (PM 2.5)","Annual mean","mcg/m3","CD","414","Rockaway and Broad Channel (CD14)","2024","2024-01-01T00:00:00.000","5.264501728",
"980297","1432","Nitrogen dioxide (NO2)","Summer mean","ppb","UHF42","301","Washington Heights","2024","2024-01-01T00:00:00.000","14.75583129",
"980154","1433","Nitrogen dioxide (NO2)","Winter mean","ppb","UHF42","303","East Harlem","2024","2024-01-01T00:00:00.000","21.04363779",
"979394","1426","Fine particles (PM 2.5)","Summer mean","mcg/m3","UHF42","307","Gramercy Park - Murray Hill","2024","2024-01-01T00:00:00.000","10.94380477",
"980142","1431","Nitrogen dioxide (NO2)","Annual mean","ppb","UHF42","403","Flushing - Clearview","2024","2024-01-01T00:00:00.000","14.3811966",
"980116","1433","Nitrogen dioxide (NO2)","Winter mean","ppb","CD","403","Jackson Heights (CD3)","2024","2024-01-01T00:00:00.000","20.58357781",
"980104","1431","Nitrogen dioxide (NO2)","Annual mean","ppb","UHF34","208","Canarsie - Flatlands","2024","2024-01-01T00:00:00.000","12.39451621",
"980037","1431","Nitrogen dioxide (NO2)","Annual mean","ppb","CD","402","Woodside and Sunnyside (CD2)","2024","2024-01-01T00:00:00.000","16.44923317",
"980089","1431","Nitrogen dioxide (NO2)","Annual mean","ppb","UHF34","410","Rockaways","2024","2024-01-01T00:00:00.000","10.06861187",
"979454","1425","Fine particles (PM 2.5)","Annual mean","mcg/m3","CD","305","East New York and Starrett City (CD5)","2024","2024-01-01T00:00:00.000","6.235700565",
"980029","1431","Nitrogen dioxide (NO2)","Annual mean","ppb","CD","410","South Ozone Park and Howard Beach (CD10)","2024","2024-01-01T00:00:00.000","13.14562549",
"979548","1427","Fine particles (PM 2.5)","Winter mean","mcg/m3","CD","316","Brownsville (CD16)","2024","2024-01-01T00:00:00.000","6.222497617",
"980258","1432","Nitrogen dioxide (NO2)","Summer mean","ppb","UHF34","301","Washington Heights","2024","2024-01-01T00:00:00.000","14.75567543",
"979463","1427","Fine particles (PM 2.5)","Winter mean","mcg/m3","Borough","5","Staten Island","2024","2024-01-01T00:00:00.000","5.877945829",
"979465","1427","Fine particles (PM 2.5)","Winter mean","mcg/m3","UHF42","102","Northeast Bronx","2024","2024-01-01T00:00:00.000","5.721826278",
"979473","1427","Fine particles (PM 2.5)","Winter mean","mcg/m3","UHF42","203","Bedford Stuyvesant - Crown Heights","2024","2024-01-01T00:00:00.000","6.410213554",
"979487","1427","Fine particles (PM 2.5)","Winter mean","mcg/m3","UHF42","306","Chelsea - Clinton","2024","2024-01-01T00:00:00.000","8.356762614",
"979492","1427","Fine particles (PM 2.5)","Winter mean","mcg/m3","UHF42","401","Long Island City - Astoria","2024","2024-01-01T00:00:00.000","6.991050711",
"979499","1427","Fine particles (PM 2.5)","Winter mean","mcg/m3","UHF42","408","Jamaica","2024","2024-01-01T00:00:00.000","5.400398884",
"979510","1427","Fine particles (PM 2.5)","Winter mean","mcg/m3","CD","102","Greenwich Village and Soho (CD2)","2024","2024-01-01T00:00:00.000","8.297951577",
"979505","1427","Fine particles (PM 2.5)","Winter mean","mcg/m3","UHF34","501502","Northern SI","2024","2024-01-01T00:00:00.000","6.192281561",
"979525","1427","Fine particles (PM 2.5)","Winter mean","mcg/m3","CD","205","Fordham and University Heights (CD5)","2024","2024-01-01T00:00:00.000","6.277665492",
"980013","1431","Nitrogen dioxide (NO2)","Annual mean","ppb","UHF42","211","Williamsburg - Bushwick","2024","2024-01-01T00:00:00.000","15.82250175",
"980256","1432","Nitrogen dioxide (NO2)","Summer mean","ppb","UHF34","303","East Harlem","2024","2024-01-01T00:00:00.000","14.21132542",
"979393","1426","Fine particles (PM 2.5)","Summer mean","mcg/m3","UHF42","308","Greenwich Village - SoHo","2024","2024-01-01T00:00:00.000","11.02796193",
"979538","1427","Fine particles (PM 2.5)","Winter mean","mcg/m3","CD","306","Park Slope and Carroll Gardens (CD6)","2024","2024-01-01T00:00:00.000","7.029929661",
"980288","1432","Nitrogen dioxide (NO2)","Summer mean","ppb","UHF42","310","Lower Manhattan","2024","2024-01-01T00:00:00.000","18.76095924",
"980220","1432","Nitrogen dioxide (NO2)","Summer mean","ppb","CD","207","Kingsbridge Heights and Bedford (CD7)","2024","2024-01-01T00:00:00.000","13.16675082",
"979539","1427","Fine particles (PM 2.5)","Winter mean","mcg/m3","CD","307","Sunset Park (CD7)","2024","2024-01-01T00:00:00.000","6.837237434",
"979565","1427","Fine particles (PM 2.5)","Winter mean","mcg/m3","CD","501","St. George and Stapleton (CD1)","2024","2024-01-01T00:00:00.000","6.286674897",
"980298","1432","Nitrogen dioxide (NO2)","Summer mean","ppb","UHF42","211","Williamsburg - Bushwick","2024","2024-01-01T00:00:00.000","12.41213995",
"980026","1431","Nitrogen dioxide (NO2)","Annual mean","ppb","CD","413","Queens Village (CD13)","2024","2024-01-01T00:00:00.000","12.9786634",
"979992","1431","Nitrogen dioxide (NO2)","Annual mean","ppb","Borough","2","Brooklyn","2024","2024-01-01T00:00:00.000","14.55374121",
"979556","1427","Fine particles (PM 2.5)","Winter mean","mcg/m3","CD","406","Rego Park and Forest Hills (CD6)","2024","2024-01-01T00:00:00.000","5.752098774",
"979554","1427","Fine particles (PM 2.5)","Winter mean","mcg/m3","CD","404","Elmhurst and Corona (CD4)","2024","2024-01-01T00:00:00.000","6.224210215",
"980234","1432","Nitrogen dioxide (NO2)","Summer mean","ppb","CD","105","Midtown (CD5)","2024","2024-01-01T00:00:00.000","23.69095634",
"980068","1431","Nitrogen dioxide (NO2)","Annual mean","ppb","CD","201","Mott Haven and Melrose (CD1)","2024","2024-01-01T00:00:00.000","16.10202485",
"980327","1433","Nitrogen dioxide (NO2)","Winter mean","ppb","UHF42","407","Southwest Queens","2024","2024-01-01T00:00:00.000","19.87426991",
"980083","1431","Nitrogen dioxide (NO2)","Annual mean","ppb","UHF34","503504","Southern SI","2024","2024-01-01T00:00:00.000","11.34248223",
"980206","1432","Nitrogen dioxide (NO2)","Summer mean","ppb","CD","309","South Crown Heights and Lefferts Gardens (CD9)","2024","2024-01-01T00:00:00.000","11.60456065",
"979997","1431","Nitrogen dioxide (NO2)","Annual mean","ppb","UHF42","102","Northeast Bronx","2024","2024-01-01T00:00:00.000","13.98250823",
"980322","1433","Nitrogen dioxide (NO2)","Winter mean","ppb","UHF42","402","West Queens","2024","2024-01-01T00:00:00.000","21.3428588",
"980124","1433","Nitrogen dioxide (NO2)","Winter mean","ppb","CD","411","Bayside and Little Neck (CD11)","2024","2024-01-01T00:00:00.000","19.45877873",
"980210","1432","Nitrogen dioxide (NO2)","Summer mean","ppb","CD","305","East New York and Starrett City (CD5)","2024","2024-01-01T00:00:00.000","10.71270519",
"979543","1427","Fine particles (PM 2.5)","Winter mean","mcg/m3","CD","311","Bensonhurst (CD11)","2024","2024-01-01T00:00:00.000","6.021931968",
"979527","1427","Fine particles (PM 2.5)","Winter mean","mcg/m3","CD","207","Kingsbridge Heights and Bedford (CD7)","2024","2024-01-01T00:00:00.000","6.154005689",
"979520","1427","Fine particles (PM 2.5)","Winter mean","mcg/m3","CD","112","Washington Heights and Inwood (CD12)","2024","2024-01-01T00:00:00.000","6.466488157",
"980207","1432","Nitrogen dioxide (NO2)","Summer mean","ppb","CD","308","Crown Heights and Prospect Heights (CD8)","2024","2024-01-01T00:00:00.000","12.44855249",
"979517","1427","Fine particles (PM 2.5)","Winter mean","mcg/m3","CD","109","Morningside Heights and Hamilton Heights (CD9)","2024","2024-01-01T00:00:00.000","6.721043816",
"979497","1427","Fine particles (PM 2.5)","Winter mean","mcg/m3","UHF42","406","Fresh Meadows","2024","2024-01-01T00:00:00.000","5.315720806",
"979490","1427","Fine particles (PM 2.5)","Winter mean","mcg/m3","UHF42","309","Union Square - Lower East Side","2024","2024-01-01T00:00:00.000","7.689395856",
"979503","1427","Fine particles (PM 2.5)","Winter mean","mcg/m3","UHF34","309310","Union Square-Lower Manhattan","2024","2024-01-01T00:00:00.000","7.616666425",
"980015","1431","Nitrogen dioxide (NO2)","Annual mean","ppb","UHF42","302","Central Harlem - Morningside Heights","2024","2024-01-01T00:00:00.000","16.52196633",
"979476","1427","Fine particles (PM 2.5)","Winter mean","mcg/m3","UHF42","206","Borough Park","2024","2024-01-01T00:00:00.000","6.206390253",
"979994","1431","Nitrogen dioxide (NO2)","Annual mean","ppb","Borough","4","Queens","2024","2024-01-01T00:00:00.000","13.98528739",
"980032","1431","Nitrogen dioxide (NO2)","Annual mean","ppb","CD","407","Flushing and Whitestone (CD7)","2024","2024-01-01T00:00:00.000","14.41993439",
"980042","1431","Nitrogen dioxide (NO2)","Annual mean","ppb","CD","315","Sheepshead Bay (CD15)","2024","2024-01-01T00:00:00.000","12.2251169",
"980214","1432","Nitrogen dioxide (NO2)","Summer mean","ppb","CD","301","Greenpoint and Williamsburg (CD1)","2024","2024-01-01T00:00:00.000","13.77239194",
"980056","1431","Nitrogen dioxide (NO2)","Annual mean","ppb","CD","301","Greenpoint and Williamsburg (CD1)","2024","2024-01-01T00:00:00.000","16.77254211",
"979274","1425","Fine particles (PM 2.5)","Annual mean","mcg/m3","UHF42","102","Northeast Bronx","2024","2024-01-01T00:00:00.000","6.13003132",
"979234","1425","Fine particles (PM 2.5)","Annual mean","mcg/m3","UHF42","504","South Beach - Tottenville","2024","2024-01-01T00:00:00.000","5.751845942",
"979362","1426","Fine particles (PM 2.5)","Summer mean","mcg/m3","UHF34","211","Williamsburg - Bushwick","2024","2024-01-01T00:00:00.000","8.916090999",
"980033","1431","Nitrogen dioxide (NO2)","Annual mean","ppb","CD","406","Rego Park and Forest Hills (CD6)","2024","2024-01-01T00:00:00.000","14.97718415",
"979335","1426","Fine particles (PM 2.5)","Summer mean","mcg/m3","CD","107","Upper West Side (CD7)","2024","2024-01-01T00:00:00.000","8.34018597",
"979351","1426","Fine particles (PM 2.5)","Summer mean","mcg/m3","UHF34","409","Southeast Queens","2024","2024-01-01T00:00:00.000","6.89511689",
"980355","1433","Nitrogen dioxide (NO2)","Winter mean","ppb","UHF34","402","West Queens","2024","2024-01-01T00:00:00.000","21.3428588",
"979438","1425","Fine particles (PM 2.5)","Annual mean","mcg/m3","CD","403","Jackson Heights (CD3)","2024","2024-01-01T00:00:00.000","6.439424211",
"979294","1426","Fine particles (PM 2.5)","Summer mean","mcg/m3","CD","406","Rego Park and Forest Hills (CD6)","2024","2024-01-01T00:00:00.000","7.428581496",
"979315","1426","Fine particles (PM 2.5)","Summer mean","mcg/m3","CD","303","Bedford Stuyvesant (CD3)","2024","2024-01-01T00:00:00.000","8.505651016",
"979307","1426","Fine particles (PM 2.5)","Summer mean","mcg/m3","CD","311","Bensonhurst (CD11)","2024","2024-01-01T00:00:00.000","7.806226726",
"979300","1426","Fine particles (PM 2.5)","Summer mean","mcg/m3","CD","318","Flatlands and Canarsie (CD18)","2024","2024-01-01T00:00:00.000","7.3692186",
"979285","1426","Fine particles (PM 2.5)","Summer mean","mcg/m3","CD","501","St. George and Stapleton (CD1)","2024","2024-01-01T00:00:00.000","7.773820487",
"979284","1426","Fine particles (PM 2.5)","Summer mean","mcg/m3","CD","502","South Beach and Willowbrook (CD2)","2024","2024-01-01T00:00:00.000","7.371257053",
"979279","1425","Fine particles (PM 2.5)","Annual mean","mcg/m3","Borough","2","Brooklyn","2024","2024-01-01T00:00:00.000","6.44440309",
"980361","1433","Nitrogen dioxide (NO2)","Winter mean","ppb","UHF34","410","Rockaways","2024","2024-01-01T00:00:00.000","14.77169493",
"980369","1433","Nitrogen dioxide (NO2)","Winter mean","ppb","Citywide","1","New York City","2024","2024-01-01T00:00:00.000","19.18633418",
"979549","1427","Fine particles (PM 2.5)","Winter mean","mcg/m3","CD","317","East Flatbush (CD17)","2024","2024-01-01T00:00:00.000","6.143947991",
"980383","1433","Nitrogen dioxide (NO2)","Winter mean","ppb","CD","202","Hunts Point and Longwood (CD2)","2024","2024-01-01T00:00:00.000","19.82952856",
"980389","1433","Nitrogen dioxide (NO2)","Winter mean","ppb","CD","208","Riverdale and Fieldston (CD8)","2024","2024-01-01T00:00:00.000","17.05063323",
"980446","1435","Ozone (O3)","Summer mean","ppb","UHF34","101","Kingsbridge - Riverdale","2024","2024-01-01T00:00:00.000","32.33001788",
"980396","1433","Nitrogen dioxide (NO2)","Winter mean","ppb","CD","303","Bedford Stuyvesant (CD3)","2024","2024-01-01T00:00:00.000","21.89043774",
"979417","1426","Fine particles (PM 2.5)","Summer mean","mcg/m3","UHF42","102","Northeast Bronx","2024","2024-01-01T00:00:00.000","8.118994977",
"980049","1431","Nitrogen dioxide (NO2)","Annual mean","ppb","CD","308","Crown Heights and Prospect Heights (CD8)","2024","2024-01-01T00:00:00.000","15.89126394",
"979388","1426","Fine particles (PM 2.5)","Summer mean","mcg/m3","UHF42","403","Flushing - Clearview","2024","2024-01-01T00:00:00.000","7.614024287",
"980401","1433","Nitrogen dioxide (NO2)","Winter mean","ppb","CD","308","Crown Heights and Prospect Heights (CD8)","2024","2024-01-01T00:00:00.000","22.02386704",
"979336","1426","Fine particles (PM 2.5)","Summer mean","mcg/m3","CD","106","Stuyvesant Town and Turtle Bay (CD6)","2024","2024-01-01T00:00:00.000","10.33588954",
"980054","1431","Nitrogen dioxide (NO2)","Annual mean","ppb","CD","303","Bedford Stuyvesant (CD3)","2024","2024-01-01T00:00:00.000","15.83385741",
"979303","1426","Fine particles (PM 2.5)","Summer mean","mcg/m3","CD","315","Sheepshead Bay (CD15)","2024","2024-01-01T00:00:00.000","7.48696394",
"979293","1426","Fine particles (PM 2.5)","Summer mean","mcg/m3","CD","407","Flushing and Whitestone (CD7)","2024","2024-01-01T00:00:00.000","7.640030378",
"980423","1435","Ozone (O3)","Summer mean","ppb","UHF34","207","East Flatbush - Flatbush","2024","2024-01-01T00:00:00.000","34.4783078",
"980070","1431","Nitrogen dioxide (NO2)","Annual mean","ppb","CD","111","East Harlem (CD11)","2024","2024-01-01T00:00:00.000","16.2155268",
"980107","1431","Nitrogen dioxide (NO2)","Annual mean","ppb","UHF34","205","Sunset Park","2024","2024-01-01T00:00:00.000","16.09619041",
"980131","1431","Nitrogen dioxide (NO2)","Annual mean","ppb","UHF42","504","South Beach - Tottenville","2024","2024-01-01T00:00:00.000","10.95080592",
"980168","1433","Nitrogen dioxide (NO2)","Winter mean","ppb","UHF42","107","Hunts Point - Mott Haven","2024","2024-01-01T00:00:00.000","19.93417823",
"980125","1433","Nitrogen dioxide (NO2)","Winter mean","ppb","CD","412","Jamaica and Hollis (CD12)","2024","2024-01-01T00:00:00.000","19.63643904",
"980442","1435","Ozone (O3)","Summer mean","ppb","UHF34","309310","Union Square-Lower Manhattan","2024","2024-01-01T00:00:00.000","30.54602651",
"980212","1432","Nitrogen dioxide (NO2)","Summer mean","ppb","CD","303","Bedford Stuyvesant (CD3)","2024","2024-01-01T00:00:00.000","12.43582948",
"979262","1425","Fine particles (PM 2.5)","Annual mean","mcg/m3","UHF42","207","East Flatbush - Flatbush","2024","2024-01-01T00:00:00.000","6.205652316",
"979251","1425","Fine particles (PM 2.5)","Annual mean","mcg/m3","UHF42","307","Gramercy Park - Murray Hill","2024","2024-01-01T00:00:00.000","8.891917323",
"979371","1426","Fine particles (PM 2.5)","Summer mean","mcg/m3","UHF34","202","Downtown - Heights - Slope","2024","2024-01-01T00:00:00.000","9.014772615",
"980229","1432","Nitrogen dioxide (NO2)","Summer mean","ppb","CD","110","Central Harlem (CD10)","2024","2024-01-01T00:00:00.000","14.5621541",
"979348","1426","Fine particles (PM 2.5)","Summer mean","mcg/m3","UHF34","306308","Chelsea-Village","2024","2024-01-01T00:00:00.000","11.4327091",
"979338","1426","Fine particles (PM 2.5)","Summer mean","mcg/m3","CD","104","Clinton and Chelsea (CD4)","2024","2024-01-01T00:00:00.000","10.75049854",
"979323","1426","Fine particles (PM 2.5)","Summer mean","mcg/m3","CD","207","Kingsbridge Heights and Bedford (CD7)","2024","2024-01-01T00:00:00.000","8.346116184",
"979311","1426","Fine particles (PM 2.5)","Summer mean","mcg/m3","CD","307","Sunset Park (CD7)","2024","2024-01-01T00:00:00.000","8.780837012",
"979301","1426","Fine particles (PM 2.5)","Summer mean","mcg/m3","CD","317","East Flatbush (CD17)","2024","2024-01-01T00:00:00.000","7.882392514",
"979292","1426","Fine particles (PM 2.5)","Summer mean","mcg/m3","CD","408","Hillcrest and Fresh Meadows (CD8)","2024","2024-01-01T00:00:00.000","7.073406517",
"979330","1426","Fine particles (PM 2.5)","Summer mean","mcg/m3","CD","112","Washington Heights and Inwood (CD12)","2024","2024-01-01T00:00:00.000","8.381993288",
"979270","1425","Fine particles (PM 2.5)","Annual mean","mcg/m3","UHF42","106","High Bridge - Morrisania","2024","2024-01-01T00:00:00.000","6.570448055",
"979257","1425","Fine particles (PM 2.5)","Annual mean","mcg/m3","UHF42","301","Washington Heights","2024","2024-01-01T00:00:00.000","6.672126003",
"979272","1425","Fine particles (PM 2.5)","Annual mean","mcg/m3","UHF42","104","Pelham - Throgs Neck","2024","2024-01-01T00:00:00.000","6.261459352",
"979212","1427","Fine particles (PM 2.5)","Winter mean","mcg/m3","UHF34","403","Flushing - Clearview","2024","2024-01-01T00:00:00.000","5.574405034",
"980469","1435","Ozone (O3)","Summer mean","ppb","UHF42","302","Central Harlem - Morningside Heights","2024","2024-01-01T00:00:00.000","31.68161286",
"980273","1432","Nitrogen dioxide (NO2)","Summer mean","ppb","UHF34","101","Kingsbridge - Riverdale","2024","2024-01-01T00:00:00.000","12.21536579",
"980467","1435","Ozone (O3)","Summer mean","ppb","UHF42","304","Upper West Side","2024","2024-01-01T00:00:00.000","30.17721976",
"979215","1427","Fine particles (PM 2.5)","Winter mean","mcg/m3","UHF34","408","Jamaica","2024","2024-01-01T00:00:00.000","5.400346627",
"979211","1427","Fine particles (PM 2.5)","Winter mean","mcg/m3","UHF34","402","West Queens","2024","2024-01-01T00:00:00.000","6.487735468",
"980473","1435","Ozone (O3)","Summer mean","ppb","UHF42","209","Bensonhurst - Bay Ridge","2024","2024-01-01T00:00:00.000","33.76291299",
"980518","1435","Ozone (O3)","Summer mean","ppb","CD","211","Morris Park and Bronxdale (CD11)","2024","2024-01-01T00:00:00.000","34.27800156",
"980527","1435","Ozone (O3)","Summer mean","ppb","CD","308","Crown Heights and Prospect Heights (CD8)","2024","2024-01-01T00:00:00.000","33.20748232",
"980534","1435","Ozone (O3)","Summer mean","ppb","CD","315","Sheepshead Bay (CD15)","2024","2024-01-01T00:00:00.000","35.80895359",
"980542","1435","Ozone (O3)","Summer mean","ppb","CD","405","Ridgewood and Maspeth (CD5)","2024","2024-01-01T00:00:00.000","34.56599735",
"980549","1435","Ozone (O3)","Summer mean","ppb","CD","412","Jamaica and Hollis (CD12)","2024","2024-01-01T00:00:00.000","35.49967545",
"980262","1432","Nitrogen dioxide (NO2)","Summer mean","ppb","UHF34","208","Canarsie - Flatlands","2024","2024-01-01T00:00:00.000","8.710273878",
"980485","1435","Ozone (O3)","Summer mean","ppb","UHF42","104","Pelham - Throgs Neck","2024","2024-01-01T00:00:00.000","34.23931031",
"980493","1435","Ozone (O3)","Summer mean","ppb","Borough","1","Bronx","2024","2024-01-01T00:00:00.000","33.68310507",
"980495","1435","Ozone (O3)","Summer mean","ppb","Citywide","1","New York City","2024","2024-01-01T00:00:00.000","33.98700067",
"980502","1435","Ozone (O3)","Summer mean","ppb","CD","107","Upper West Side (CD7)","2024","2024-01-01T00:00:00.000","30.17137179",
"979224","1425","Fine particles (PM 2.5)","Annual mean","mcg/m3","UHF34","206","Borough Park","2024","2024-01-01T00:00:00.000","6.298935226",
"980521","1435","Ozone (O3)","Summer mean","ppb","CD","302","Fort Greene and Brooklyn Heights (CD2)","2024","2024-01-01T00:00:00.000","31.24846561",
"979225","1425","Fine particles (PM 2.5)","Annual mean","mcg/m3","UHF34","205","Sunset Park","2024","2024-01-01T00:00:00.000","7.064772406",
"980236","1432","Nitrogen dioxide (NO2)","Summer mean","ppb","CD","103","Lower East Side and Chinatown (CD3)","2024","2024-01-01T00:00:00.000","15.61389209",
"979166","1425","Fine particles (PM 2.5)","Annual mean","mcg/m3","CD","101","Financial District (CD1)","2024","2024-01-01T00:00:00.000","8.058822954",
"979180","1425","Fine particles (PM 2.5)","Annual mean","mcg/m3","UHF34","403","Flushing - Clearview","2024","2024-01-01T00:00:00.000","5.98827895",
"979207","1427","Fine particles (PM 2.5)","Winter mean","mcg/m3","UHF34","302","Central Harlem - Morningside Heights","2024","2024-01-01T00:00:00.000","6.705845668",
"979155","1425","Fine particles (PM 2.5)","Annual mean","mcg/m3","CD","112","Washington Heights and Inwood (CD12)","2024","2024-01-01T00:00:00.000","6.623322619",
"979192","1427","Fine particles (PM 2.5)","Winter mean","mcg/m3","UHF34","102","Northeast Bronx","2024","2024-01-01T00:00:00.000","5.721820614",
"979183","1425","Fine particles (PM 2.5)","Annual mean","mcg/m3","UHF34","304","Upper West Side","2024","2024-01-01T00:00:00.000","6.766394176",
"980267","1432","Nitrogen dioxide (NO2)","Summer mean","ppb","UHF34","203","Bedford Stuyvesant - Crown Heights","2024","2024-01-01T00:00:00.000","11.99311151",
"980275","1432","Nitrogen dioxide (NO2)","Summer mean","ppb","UHF42","503","Willowbrook","2024","2024-01-01T00:00:00.000","9.33619834",
"979170","1425","Fine particles (PM 2.5)","Annual mean","mcg/m3","UHF34","501502","Northern SI","2024","2024-01-01T00:00:00.000","6.174018157",
"979163","1425","Fine particles (PM 2.5)","Annual mean","mcg/m3","CD","104","Clinton and Chelsea (CD4)","2024","2024-01-01T00:00:00.000","8.782176536",
"979150","1425","Fine particles (PM 2.5)","Annual mean","mcg/m3","CD","205","Fordham and University Heights (CD5)","2024","2024-01-01T00:00:00.000","6.464715642",
"979171","1425","Fine particles (PM 2.5)","Annual mean","mcg/m3","UHF34","404406","Bayside Little Neck-Fresh Meadows","2024","2024-01-01T00:00:00.000","5.502983107",
"979160","1425","Fine particles (PM 2.5)","Annual mean","mcg/m3","CD","107","Upper West Side (CD7)","2024","2024-01-01T00:00:00.000","6.758897028",
"979162","1425","Fine particles (PM 2.5)","Annual mean","mcg/m3","CD","105","Midtown (CD5)","2024","2024-01-01T00:00:00.000","10.45338289",
"979153","1425","Fine particles (PM 2.5)","Annual mean","mcg/m3","CD","202","Hunts Point and Longwood (CD2)","2024","2024-01-01T00:00:00.000","7.220022773",
"979177","1425","Fine particles (PM 2.5)","Annual mean","mcg/m3","UHF34","408","Jamaica","2024","2024-01-01T00:00:00.000","5.775103928",
"979161","1425","Fine particles (PM 2.5)","Annual mean","mcg/m3","CD","106","Stuyvesant Town and Turtle Bay (CD6)","2024","2024-01-01T00:00:00.000","8.375131708",
"979176","1425","Fine particles (PM 2.5)","Annual mean","mcg/m3","UHF34","409","Southeast Queens","2024","2024-01-01T00:00:00.000","5.366340309",
"979175","1425","Fine particles (PM 2.5)","Annual mean","mcg/m3","UHF34","410","Rockaways","2024","2024-01-01T00:00:00.000","5.263925912",
"980269","1432","Nitrogen dioxide (NO2)","Summer mean","ppb","UHF34","201","Greenpoint","2024","2024-01-01T00:00:00.000","13.99414806",
"979151","1425","Fine particles (PM 2.5)","Annual mean","mcg/m3","CD","204","Highbridge and Concourse (CD4)","2024","2024-01-01T00:00:00.000","6.507067361",
"980252","1432","Nitrogen dioxide (NO2)","Summer mean","ppb","UHF34","403","Flushing - Clearview","2024","2024-01-01T00:00:00.000","11.89738319",
"979148","1425","Fine particles (PM 2.5)","Annual mean","mcg/m3","CD","207","Kingsbridge Heights and Bedford (CD7)","2024","2024-01-01T00:00:00.000","6.450779462",
"979145","1425","Fine particles (PM 2.5)","Annual mean","mcg/m3","CD","210","Throgs Neck and Co-op City (CD10)","2024","2024-01-01T00:00:00.000","6.036054096",
"979152","1425","Fine particles (PM 2.5)","Annual mean","mcg/m3","CD","203","Morrisania and Crotona (CD3)","2024","2024-01-01T00:00:00.000","6.765246623",
"979165","1425","Fine particles (PM 2.5)","Annual mean","mcg/m3","CD","102","Greenwich Village and Soho (CD2)","2024","2024-01-01T00:00:00.000","9.436341208",
"980245","1432","Nitrogen dioxide (NO2)","Summer mean","ppb","UHF34","306308","Chelsea-Village","2024","2024-01-01T00:00:00.000","20.03915699",
"980274","1432","Nitrogen dioxide (NO2)","Summer mean","ppb","UHF42","504","South Beach - Tottenville","2024","2024-01-01T00:00:00.000","7.324907705",
"980268","1432","Nitrogen dioxide (NO2)","Summer mean","ppb","UHF34","202","Downtown - Heights - Slope","2024","2024-01-01T00:00:00.000","14.51862323",
"979551","1427","Fine particles (PM 2.5)","Winter mean","mcg/m3","CD","401","Long Island City and Astoria (CD1)","2024","2024-01-01T00:00:00.000","6.631512048",
"980244","1432","Nitrogen dioxide (NO2)","Summer mean","ppb","UHF34","309310","Union Square-Lower Manhattan","2024","2024-01-01T00:00:00.000","16.80273499",
"979187","1427","Fine particles (PM 2.5)","Winter mean","mcg/m3","UHF42","501","Port Richmond","2024","2024-01-01T00:00:00.000","6.406197296",
"979184","1425","Fine particles (PM 2.5)","Annual mean","mcg/m3","UHF34","303","East Harlem","2024","2024-01-01T00:00:00.000","6.66133586",
"979189","1427","Fine particles (PM 2.5)","Winter mean","mcg/m3","UHF42","503","Willowbrook","2024","2024-01-01T00:00:00.000","6.000814676",
"979195","1427","Fine particles (PM 2.5)","Winter mean","mcg/m3","UHF34","201","Greenpoint","2024","2024-01-01T00:00:00.000","7.141727103",
"979203","1427","Fine particles (PM 2.5)","Winter mean","mcg/m3","UHF34","209","Bensonhurst - Bay Ridge","2024","2024-01-01T00:00:00.000","6.100114289",
"980266","1432","Nitrogen dioxide (NO2)","Summer mean","ppb","UHF34","204","East New York","2024","2024-01-01T00:00:00.000","10.89655748",
"980543","1435","Ozone (O3)","Summer mean","ppb","CD","406","Rego Park and Forest Hills (CD6)","2024","2024-01-01T00:00:00.000","33.69067818",
"980537","1435","Ozone (O3)","Summer mean","ppb","CD","318","Flatlands and Canarsie (CD18)","2024","2024-01-01T00:00:00.000","36.19027256",
"979243","1425","Fine particles (PM 2.5)","Annual mean","mcg/m3","UHF42","405","Ridgewood - Forest Hills","2024","2024-01-01T00:00:00.000","6.226555987",
"980524","1435","Ozone (O3)","Summer mean","ppb","CD","305","East New York and Starrett City (CD5)","2024","2024-01-01T00:00:00.000","35.08552659",
"980515","1435","Ozone (O3)","Summer mean","ppb","CD","208","Riverdale and Fieldston (CD8)","2024","2024-01-01T00:00:00.000","32.53121807",
"980509","1435","Ozone (O3)","Summer mean","ppb","CD","202","Hunts Point and Longwood (CD2)","2024","2024-01-01T00:00:00.000","34.51590567",
"980504","1435","Ozone (O3)","Summer mean","ppb","CD","109","Morningside Heights and Hamilton Heights (CD9)","2024","2024-01-01T00:00:00.000","31.43760062",
"980503","1435","Ozone (O3)","Summer mean","ppb","CD","108","Upper East Side (CD8)","2024","2024-01-01T00:00:00.000","30.77582934",
"980507","1435","Ozone (O3)","Summer mean","ppb","CD","112","Washington Heights and Inwood (CD12)","2024","2024-01-01T00:00:00.000","31.21751977",
"980496","1435","Ozone (O3)","Summer mean","ppb","CD","101","Financial District (CD1)","2024","2024-01-01T00:00:00.000","29.57142138",
"980497","1435","Ozone (O3)","Summer mean","ppb","CD","102","Greenwich Village and Soho (CD2)","2024","2024-01-01T00:00:00.000","30.12369325",
"980489","1435","Ozone (O3)","Summer mean","ppb","Borough","5","Staten Island","2024","2024-01-01T00:00:00.000","33.44888288",
"980486","1435","Ozone (O3)","Summer mean","ppb","UHF42","103","Fordham - Bronx Pk","2024","2024-01-01T00:00:00.000","33.49945027",
"980481","1435","Ozone (O3)","Summer mean","ppb","UHF42","201","Greenpoint","2024","2024-01-01T00:00:00.000","32.9765732",
"980482","1435","Ozone (O3)","Summer mean","ppb","UHF42","107","Hunts Point - Mott Haven","2024","2024-01-01T00:00:00.000","34.26261751",
"980474","1435","Ozone (O3)","Summer mean","ppb","UHF42","208","Canarsie - Flatlands","2024","2024-01-01T00:00:00.000","36.20961599",
"980483","1435","Ozone (O3)","Summer mean","ppb","UHF42","106","High Bridge - Morrisania","2024","2024-01-01T00:00:00.000","32.66951104",
"980465","1435","Ozone (O3)","Summer mean","ppb","UHF42","306","Chelsea - Clinton","2024","2024-01-01T00:00:00.000","28.60617692",
"980172","1433","Nitrogen dioxide (NO2)","Winter mean","ppb","UHF42","103","Fordham - Bronx Pk","2024","2024-01-01T00:00:00.000","17.73305804",
"979226","1425","Fine particles (PM 2.5)","Annual mean","mcg/m3","UHF34","204","East New York","2024","2024-01-01T00:00:00.000","6.305637969",
"980457","1435","Ozone (O3)","Summer mean","ppb","UHF42","404","Bayside - Little Neck","2024","2024-01-01T00:00:00.000","33.82686613",
"979230","1425","Fine particles (PM 2.5)","Annual mean","mcg/m3","UHF34","104","Pelham - Throgs Neck","2024","2024-01-01T00:00:00.000","6.261459352",
"980451","1435","Ozone (O3)","Summer mean","ppb","UHF42","410","Rockaways","2024","2024-01-01T00:00:00.000","38.3858725",
"980452","1435","Ozone (O3)","Summer mean","ppb","UHF42","409","Southeast Queens","2024","2024-01-01T00:00:00.000","35.74639911",
"979235","1425","Fine particles (PM 2.5)","Annual mean","mcg/m3","UHF42","503","Willowbrook","2024","2024-01-01T00:00:00.000","6.01918834",
"979236","1425","Fine particles (PM 2.5)","Annual mean","mcg/m3","UHF42","502","Stapleton - St. George","2024","2024-01-01T00:00:00.000","6.052746492",
"980281","1432","Nitrogen dioxide (NO2)","Summer mean","ppb","UHF42","407","Southwest Queens","2024","2024-01-01T00:00:00.000","10.50241721",
"980449","1435","Ozone (O3)","Summer mean","ppb","UHF42","502","Stapleton - St. George","2024","2024-01-01T00:00:00.000","32.38738695",
"979297","1426","Fine particles (PM 2.5)","Summer mean","mcg/m3","CD","403","Jackson Heights (CD3)","2024","2024-01-01T00:00:00.000","8.050703884",
"979296","1426","Fine particles (PM 2.5)","Summer mean","mcg/m3","CD","404","Elmhurst and Corona (CD4)","2024","2024-01-01T00:00:00.000","8.144787842",
"979305","1426","Fine particles (PM 2.5)","Summer mean","mcg/m3","CD","313","Coney Island (CD13)","2024","2024-01-01T00:00:00.000","7.562668827",
"979312","1426","Fine particles (PM 2.5)","Summer mean","mcg/m3","CD","306","Park Slope and Carroll Gardens (CD6)","2024","2024-01-01T00:00:00.000","9.050427103",
"979320","1426","Fine particles (PM 2.5)","Summer mean","mcg/m3","CD","210","Throgs Neck and Co-op City (CD10)","2024","2024-01-01T00:00:00.000","7.879873633",
"979327","1426","Fine particles (PM 2.5)","Summer mean","mcg/m3","CD","203","Morrisania and Crotona (CD3)","2024","2024-01-01T00:00:00.000","8.521794977",
"979373","1426","Fine particles (PM 2.5)","Summer mean","mcg/m3","UHF34","104","Pelham - Throgs Neck","2024","2024-01-01T00:00:00.000","8.079537624",
"979342","1426","Fine particles (PM 2.5)","Summer mean","mcg/m3","Citywide","1","New York City","2024","2024-01-01T00:00:00.000","7.852111384",
"979356","1426","Fine particles (PM 2.5)","Summer mean","mcg/m3","UHF34","402","West Queens","2024","2024-01-01T00:00:00.000","8.38291575",
"980243","1432","Nitrogen dioxide (NO2)","Summer mean","ppb","UHF34","404406","Bayside Little Neck-Fresh Meadows","2024","2024-01-01T00:00:00.000","11.74222526",
"980230","1432","Nitrogen dioxide (NO2)","Summer mean","ppb","CD","109","Morningside Heights and Hamilton Heights (CD9)","2024","2024-01-01T00:00:00.000","14.88761927",
"979240","1425","Fine particles (PM 2.5)","Annual mean","mcg/m3","UHF42","408","Jamaica","2024","2024-01-01T00:00:00.000","5.775052914",
"980222","1432","Nitrogen dioxide (NO2)","Summer mean","ppb","CD","205","Fordham and University Heights (CD5)","2024","2024-01-01T00:00:00.000","14.57217736",
"979245","1425","Fine particles (PM 2.5)","Annual mean","mcg/m3","UHF42","403","Flushing - Clearview","2024","2024-01-01T00:00:00.000","5.987163416",
"979252","1425","Fine particles (PM 2.5)","Annual mean","mcg/m3","UHF42","306","Chelsea - Clinton","2024","2024-01-01T00:00:00.000","9.513455582",
"979253","1425","Fine particles (PM 2.5)","Annual mean","mcg/m3","UHF42","305","Upper East Side","2024","2024-01-01T00:00:00.000","7.039415166",
"979266","1425","Fine particles (PM 2.5)","Annual mean","mcg/m3","UHF42","203","Bedford Stuyvesant - Crown Heights","2024","2024-01-01T00:00:00.000","6.554530686",
"979283","1426","Fine particles (PM 2.5)","Summer mean","mcg/m3","CD","503","Tottenville and Great Kills (CD3)","2024","2024-01-01T00:00:00.000","6.955618052",
"980177","1433","Nitrogen dioxide (NO2)","Winter mean","ppb","Borough","3","Manhattan","2024","2024-01-01T00:00:00.000","22.4833103",
"980438","1435","Ozone (O3)","Summer mean","ppb","UHF34","409","Southeast Queens","2024","2024-01-01T00:00:00.000","35.74582358",
"980192","1432","Nitrogen dioxide (NO2)","Summer mean","ppb","CD","405","Ridgewood and Maspeth (CD5)","2024","2024-01-01T00:00:00.000","11.27575821",
"980180","1432","Nitrogen dioxide (NO2)","Summer mean","ppb","CD","503","Tottenville and Great Kills (CD3)","2024","2024-01-01T00:00:00.000","7.160078444",
"980075","1431","Nitrogen dioxide (NO2)","Annual mean","ppb","CD","106","Stuyvesant Town and Turtle Bay (CD6)","2024","2024-01-01T00:00:00.000","20.74193881",
"980184","1432","Nitrogen dioxide (NO2)","Summer mean","ppb","CD","413","Queens Village (CD13)","2024","2024-01-01T00:00:00.000","10.4838143",
"980144","1431","Nitrogen dioxide (NO2)","Annual mean","ppb","UHF42","401","Long Island City - Astoria","2024","2024-01-01T00:00:00.000","16.06062413",
"980134","1431","Nitrogen dioxide (NO2)","Annual mean","ppb","UHF42","501","Port Richmond","2024","2024-01-01T00:00:00.000","13.31367249",
"980114","1431","Nitrogen dioxide (NO2)","Annual mean","ppb","UHF34","102","Northeast Bronx","2024","2024-01-01T00:00:00.000","13.98252811",
"980105","1431","Nitrogen dioxide (NO2)","Annual mean","ppb","UHF34","207","East Flatbush - Flatbush","2024","2024-01-01T00:00:00.000","14.38788376",
"980098","1431","Nitrogen dioxide (NO2)","Annual mean","ppb","UHF34","303","East Harlem","2024","2024-01-01T00:00:00.000","16.18484858",
"980081","1431","Nitrogen dioxide (NO2)","Annual mean","ppb","Citywide","1","New York City","2024","2024-01-01T00:00:00.000","14.11295099",
"980428","1435","Ozone (O3)","Summer mean","ppb","UHF34","301","Washington Heights","2024","2024-01-01T00:00:00.000","31.3356656",
"980426","1435","Ozone (O3)","Summer mean","ppb","UHF34","210","Coney Island - Sheepshead Bay","2024","2024-01-01T00:00:00.000","35.89674479",
"980425","1435","Ozone (O3)","Summer mean","ppb","UHF34","209","Bensonhurst - Bay Ridge","2024","2024-01-01T00:00:00.000","33.76291299",
"980419","1435","Ozone (O3)","Summer mean","ppb","UHF34","203","Bedford Stuyvesant - Crown Heights","2024","2024-01-01T00:00:00.000","33.65579212",
"980421","1435","Ozone (O3)","Summer mean","ppb","UHF34","205","Sunset Park","2024","2024-01-01T00:00:00.000","32.59983669",
"980412","1433","Nitrogen dioxide (NO2)","Winter mean","ppb","CD","401","Long Island City and Astoria (CD1)","2024","2024-01-01T00:00:00.000","20.67445076",
"980409","1433","Nitrogen dioxide (NO2)","Winter mean","ppb","CD","316","Brownsville (CD16)","2024","2024-01-01T00:00:00.000","21.45432692",
"979318","1426","Fine particles (PM 2.5)","Summer mean","mcg/m3","CD","212","Williamsbridge and Baychester (CD12)","2024","2024-01-01T00:00:00.000","8.162394917",
"980407","1433","Nitrogen dioxide (NO2)","Winter mean","ppb","CD","314","Flatbush and Midwood (CD14)","2024","2024-01-01T00:00:00.000","20.22813291",
"979337","1426","Fine particles (PM 2.5)","Summer mean","mcg/m3","CD","105","Midtown (CD5)","2024","2024-01-01T00:00:00.000","12.78594415",
"979346","1426","Fine particles (PM 2.5)","Summer mean","mcg/m3","UHF34","404406","Bayside Little Neck-Fresh Meadows","2024","2024-01-01T00:00:00.000","7.06223734",
"979352","1426","Fine particles (PM 2.5)","Summer mean","mcg/m3","UHF34","408","Jamaica","2024","2024-01-01T00:00:00.000","7.275145231",
"980398","1433","Nitrogen dioxide (NO2)","Winter mean","ppb","CD","305","East New York and Starrett City (CD5)","2024","2024-01-01T00:00:00.000","20.69456914",
"979392","1426","Fine particles (PM 2.5)","Summer mean","mcg/m3","UHF42","309","Union Square - Lower East Side","2024","2024-01-01T00:00:00.000","10.46293871",
"979400","1426","Fine particles (PM 2.5)","Summer mean","mcg/m3","UHF42","301","Washington Heights","2024","2024-01-01T00:00:00.000","8.412970338",
"979407","1426","Fine particles (PM 2.5)","Summer mean","mcg/m3","UHF42","205","Sunset Park","2024","2024-01-01T00:00:00.000","8.827590112",
"979367","1426","Fine particles (PM 2.5)","Summer mean","mcg/m3","UHF34","206","Borough Park","2024","2024-01-01T00:00:00.000","8.006160397",
"979366","1426","Fine particles (PM 2.5)","Summer mean","mcg/m3","UHF34","207","East Flatbush - Flatbush","2024","2024-01-01T00:00:00.000","7.880531722",
"980225","1432","Nitrogen dioxide (NO2)","Summer mean","ppb","CD","202","Hunts Point and Longwood (CD2)","2024","2024-01-01T00:00:00.000","12.90026108",
"979375","1426","Fine particles (PM 2.5)","Summer mean","mcg/m3","UHF34","102","Northeast Bronx","2024","2024-01-01T00:00:00.000","8.118984317",
"979363","1426","Fine particles (PM 2.5)","Summer mean","mcg/m3","UHF34","210","Coney Island - Sheepshead Bay","2024","2024-01-01T00:00:00.000","7.527359081",
"980397","1433","Nitrogen dioxide (NO2)","Winter mean","ppb","CD","304","Bushwick (CD4)","2024","2024-01-01T00:00:00.000","21.48797621",
"980386","1433","Nitrogen dioxide (NO2)","Winter mean","ppb","CD","205","Fordham and University Heights (CD5)","2024","2024-01-01T00:00:00.000","19.73905127",
"980385","1433","Nitrogen dioxide (NO2)","Winter mean","ppb","CD","204","Highbridge and Concourse (CD4)","2024","2024-01-01T00:00:00.000","20.44467855",
"980380","1433","Nitrogen dioxide (NO2)","Winter mean","ppb","CD","111","East Harlem (CD11)","2024","2024-01-01T00:00:00.000","21.04630671",
"980371","1433","Nitrogen dioxide (NO2)","Winter mean","ppb","CD","102","Greenwich Village and Soho (CD2)","2024","2024-01-01T00:00:00.000","23.1485948",
"980367","1433","Nitrogen dioxide (NO2)","Winter mean","ppb","UHF34","503504","Southern SI","2024","2024-01-01T00:00:00.000","15.55934671",
"980362","1433","Nitrogen dioxide (NO2)","Winter mean","ppb","UHF34","305307","Upper East Side-Gramercy","2024","2024-01-01T00:00:00.000","23.98668471",
"980373","1433","Nitrogen dioxide (NO2)","Winter mean","ppb","CD","104","Clinton and Chelsea (CD4)","2024","2024-01-01T00:00:00.000","23.84692448",
"980353","1433","Nitrogen dioxide (NO2)","Winter mean","ppb","UHF34","304","Upper West Side","2024","2024-01-01T00:00:00.000","22.4493842",
"980352","1433","Nitrogen dioxide (NO2)","Winter mean","ppb","UHF34","303","East Harlem","2024","2024-01-01T00:00:00.000","21.04363779",
"980351","1433","Nitrogen dioxide (NO2)","Winter mean","ppb","UHF34","302","Central Harlem - Morningside Heights","2024","2024-01-01T00:00:00.000","21.0108369",
"980347","1433","Nitrogen dioxide (NO2)","Winter mean","ppb","UHF34","209","Bensonhurst - Bay Ridge","2024","2024-01-01T00:00:00.000","19.77319262",
"980342","1433","Nitrogen dioxide (NO2)","Winter mean","ppb","UHF34","204","East New York","2024","2024-01-01T00:00:00.000","20.91649714",
"980337","1433","Nitrogen dioxide (NO2)","Winter mean","ppb","UHF34","103","Fordham - Bronx Pk","2024","2024-01-01T00:00:00.000","17.73305804",
"980336","1433","Nitrogen dioxide (NO2)","Winter mean","ppb","UHF34","102","Northeast Bronx","2024","2024-01-01T00:00:00.000","17.58089504",
"980335","1433","Nitrogen dioxide (NO2)","Winter mean","ppb","UHF34","101","Kingsbridge - Riverdale","2024","2024-01-01T00:00:00.000","17.09111105",
"980330","1433","Nitrogen dioxide (NO2)","Winter mean","ppb","UHF42","410","Rockaways","2024","2024-01-01T00:00:00.000","14.77169493",
"980331","1433","Nitrogen dioxide (NO2)","Winter mean","ppb","UHF42","501","Port Richmond","2024","2024-01-01T00:00:00.000","17.3487753",
"980341","1433","Nitrogen dioxide (NO2)","Winter mean","ppb","UHF34","203","Bedford Stuyvesant - Crown Heights","2024","2024-01-01T00:00:00.000","21.74221383",
"980008","1431","Nitrogen dioxide (NO2)","Annual mean","ppb","UHF42","206","Borough Park","2024","2024-01-01T00:00:00.000","14.45318989",
"980324","1433","Nitrogen dioxide (NO2)","Winter mean","ppb","UHF42","404","Bayside - Little Neck","2024","2024-01-01T00:00:00.000","19.44651952",
"980023","1431","Nitrogen dioxide (NO2)","Annual mean","ppb","CD","502","South Beach and Willowbrook (CD2)","2024","2024-01-01T00:00:00.000","11.90441782",
"980012","1431","Nitrogen dioxide (NO2)","Annual mean","ppb","UHF42","210","Coney Island - Sheepshead Bay","2024","2024-01-01T00:00:00.000","12.24254166",
"980009","1431","Nitrogen dioxide (NO2)","Annual mean","ppb","UHF42","207","East Flatbush - Flatbush","2024","2024-01-01T00:00:00.000","14.38788376",
"980018","1431","Nitrogen dioxide (NO2)","Annual mean","ppb","UHF42","305","Upper East Side","2024","2024-01-01T00:00:00.000","18.72702868",
"979494","1427","Fine particles (PM 2.5)","Winter mean","mcg/m3","UHF42","403","Flushing - Clearview","2024","2024-01-01T00:00:00.000","5.573111488",
"979501","1427","Fine particles (PM 2.5)","Winter mean","mcg/m3","UHF42","410","Rockaways","2024","2024-01-01T00:00:00.000","5.095318198",
"979533","1427","Fine particles (PM 2.5)","Winter mean","mcg/m3","CD","301","Greenpoint and Williamsburg (CD1)","2024","2024-01-01T00:00:00.000","7.181422166",
"979516","1427","Fine particles (PM 2.5)","Winter mean","mcg/m3","CD","108","Upper East Side (CD8)","2024","2024-01-01T00:00:00.000","6.853331336",
"979524","1427","Fine particles (PM 2.5)","Winter mean","mcg/m3","CD","204","Highbridge and Concourse (CD4)","2024","2024-01-01T00:00:00.000","6.389451246",
"979531","1427","Fine particles (PM 2.5)","Winter mean","mcg/m3","CD","211","Morris Park and Bronxdale (CD11)","2024","2024-01-01T00:00:00.000","5.890158226",
"979546","1427","Fine particles (PM 2.5)","Winter mean","mcg/m3","CD","314","Flatbush and Midwood (CD14)","2024","2024-01-01T00:00:00.000","6.091012246",
"980003","1431","Nitrogen dioxide (NO2)","Annual mean","ppb","UHF42","201","Greenpoint","2024","2024-01-01T00:00:00.000","16.90893702",
"980132","1431","Nitrogen dioxide (NO2)","Annual mean","ppb","UHF42","503","Willowbrook","2024","2024-01-01T00:00:00.000","12.00796224",
"980326","1433","Nitrogen dioxide (NO2)","Winter mean","ppb","UHF42","406","Fresh Meadows","2024","2024-01-01T00:00:00.000","20.09719364",
"979513","1427","Fine particles (PM 2.5)","Winter mean","mcg/m3","CD","105","Midtown (CD5)","2024","2024-01-01T00:00:00.000","8.835047515",
"980094","1431","Nitrogen dioxide (NO2)","Annual mean","ppb","UHF34","403","Flushing - Clearview","2024","2024-01-01T00:00:00.000","14.37438651",
"980319","1432","Nitrogen dioxide (NO2)","Summer mean","ppb","Borough","2","Brooklyn","2024","2024-01-01T00:00:00.000","11.38293514",
"980069","1431","Nitrogen dioxide (NO2)","Annual mean","ppb","CD","112","Washington Heights and Inwood (CD12)","2024","2024-01-01T00:00:00.000","16.25950223",
"980077","1431","Nitrogen dioxide (NO2)","Annual mean","ppb","CD","104","Clinton and Chelsea (CD4)","2024","2024-01-01T00:00:00.000","20.68261693",
"980311","1432","Nitrogen dioxide (NO2)","Summer mean","ppb","UHF42","105","Crotona - Tremont","2024","2024-01-01T00:00:00.000","14.18774194",
"980312","1432","Nitrogen dioxide (NO2)","Summer mean","ppb","UHF42","104","Pelham - Throgs Neck","2024","2024-01-01T00:00:00.000","12.34562544",
"980308","1432","Nitrogen dioxide (NO2)","Summer mean","ppb","UHF42","201","Greenpoint","2024","2024-01-01T00:00:00.000","13.99414806",
"979999","1431","Nitrogen dioxide (NO2)","Annual mean","ppb","UHF42","104","Pelham - Throgs Neck","2024","2024-01-01T00:00:00.000","14.42951043",
"979559","1427","Fine particles (PM 2.5)","Winter mean","mcg/m3","CD","409","Kew Gardens and Woodhaven (CD9)","2024","2024-01-01T00:00:00.000","5.834643642",
"979567","1427","Fine particles (PM 2.5)","Winter mean","mcg/m3","CD","503","Tottenville and Great Kills (CD3)","2024","2024-01-01T00:00:00.000","5.569132986",
"980314","1432","Nitrogen dioxide (NO2)","Summer mean","ppb","UHF42","102","Northeast Bronx","2024","2024-01-01T00:00:00.000","12.49745222",
"979182","1425","Fine particles (PM 2.5)","Annual mean","mcg/m3","UHF34","401","Long Island City - Astoria","2024","2024-01-01T00:00:00.000","7.31018066",
"979555","1427","Fine particles (PM 2.5)","Winter mean","mcg/m3","CD","405","Ridgewood and Maspeth (CD5)","2024","2024-01-01T00:00:00.000","6.376737292",
"979995","1431","Nitrogen dioxide (NO2)","Annual mean","ppb","Borough","5","Staten Island","2024","2024-01-01T00:00:00.000","11.89687742",
"980447","1435","Ozone (O3)","Summer mean","ppb","UHF42","504","South Beach - Tottenville","2024","2024-01-01T00:00:00.000","34.19622945",
"979528","1427","Fine particles (PM 2.5)","Winter mean","mcg/m3","CD","208","Riverdale and Fieldston (CD8)","2024","2024-01-01T00:00:00.000","6.146036273",
"979514","1427","Fine particles (PM 2.5)","Winter mean","mcg/m3","CD","106","Stuyvesant Town and Turtle Bay (CD6)","2024","2024-01-01T00:00:00.000","7.646378834",
"980293","1432","Nitrogen dioxide (NO2)","Summer mean","ppb","UHF42","305","Upper East Side","2024","2024-01-01T00:00:00.000","16.71893114",
"980291","1432","Nitrogen dioxide (NO2)","Summer mean","ppb","UHF42","307","Gramercy Park - Murray Hill","2024","2024-01-01T00:00:00.000","20.98327",
"979529","1427","Fine particles (PM 2.5)","Winter mean","mcg/m3","CD","209","Parkchester and Soundview (CD9)","2024","2024-01-01T00:00:00.000","6.059080866",
"980285","1432","Nitrogen dioxide (NO2)","Summer mean","ppb","UHF42","403","Flushing - Clearview","2024","2024-01-01T00:00:00.000","11.90548902",
"980282","1432","Nitrogen dioxide (NO2)","Summer mean","ppb","UHF42","406","Fresh Meadows","2024","2024-01-01T00:00:00.000","11.83321862",
"980295","1432","Nitrogen dioxide (NO2)","Summer mean","ppb","UHF42","303","East Harlem","2024","2024-01-01T00:00:00.000","14.21132542",
"979385","1426","Fine particles (PM 2.5)","Summer mean","mcg/m3","UHF42","406","Fresh Meadows","2024","2024-01-01T00:00:00.000","7.059837612",
"979389","1426","Fine particles (PM 2.5)","Summer mean","mcg/m3","UHF42","402","West Queens","2024","2024-01-01T00:00:00.000","8.38291575",
"980253","1432","Nitrogen dioxide (NO2)","Summer mean","ppb","UHF34","402","West Queens","2024","2024-01-01T00:00:00.000","12.9069704",
"980241","1432","Nitrogen dioxide (NO2)","Summer mean","ppb","UHF34","503504","Southern SI","2024","2024-01-01T00:00:00.000","8.070090682",
"979519","1427","Fine particles (PM 2.5)","Winter mean","mcg/m3","CD","111","East Harlem (CD11)","2024","2024-01-01T00:00:00.000","6.579343901",
"980017","1431","Nitrogen dioxide (NO2)","Annual mean","ppb","UHF42","304","Upper West Side","2024","2024-01-01T00:00:00.000","18.28888539",
"979521","1427","Fine particles (PM 2.5)","Winter mean","mcg/m3","CD","201","Mott Haven and Melrose (CD1)","2024","2024-01-01T00:00:00.000","6.617794562",
"979398","1426","Fine particles (PM 2.5)","Summer mean","mcg/m3","UHF42","303","East Harlem","2024","2024-01-01T00:00:00.000","8.273588298",
"979482","1427","Fine particles (PM 2.5)","Winter mean","mcg/m3","UHF42","301","Washington Heights","2024","2024-01-01T00:00:00.000","6.517591005",
"980159","1433","Nitrogen dioxide (NO2)","Winter mean","ppb","UHF42","209","Bensonhurst - Bay Ridge","2024","2024-01-01T00:00:00.000","19.77319262",
"979509","1427","Fine particles (PM 2.5)","Winter mean","mcg/m3","CD","101","Financial District (CD1)","2024","2024-01-01T00:00:00.000","7.520667783",
"979415","1426","Fine particles (PM 2.5)","Summer mean","mcg/m3","UHF42","104","Pelham - Throgs Neck","2024","2024-01-01T00:00:00.000","8.079537624",
"979485","1427","Fine particles (PM 2.5)","Winter mean","mcg/m3","UHF42","304","Upper West Side","2024","2024-01-01T00:00:00.000","6.750972607",
"979496","1427","Fine particles (PM 2.5)","Winter mean","mcg/m3","UHF42","405","Ridgewood - Forest Hills","2024","2024-01-01T00:00:00.000","6.065393566",
"979484","1427","Fine particles (PM 2.5)","Winter mean","mcg/m3","UHF42","303","East Harlem","2024","2024-01-01T00:00:00.000","6.564716537",
"979413","1426","Fine particles (PM 2.5)","Summer mean","mcg/m3","UHF42","106","High Bridge - Morrisania","2024","2024-01-01T00:00:00.000","8.234812789",
"979469","1427","Fine particles (PM 2.5)","Winter mean","mcg/m3","UHF42","106","High Bridge - Morrisania","2024","2024-01-01T00:00:00.000","6.425065717",
"979478","1427","Fine particles (PM 2.5)","Winter mean","mcg/m3","UHF42","208","Canarsie - Flatlands","2024","2024-01-01T00:00:00.000","5.777148755",
"979472","1427","Fine particles (PM 2.5)","Winter mean","mcg/m3","UHF42","202","Downtown - Heights - Slope","2024","2024-01-01T00:00:00.000","7.001017859",
"980061","1431","Nitrogen dioxide (NO2)","Annual mean","ppb","CD","208","Riverdale and Fieldston (CD8)","2024","2024-01-01T00:00:00.000","13.46755857",
"979456","1425","Fine particles (PM 2.5)","Annual mean","mcg/m3","CD","303","Bedford Stuyvesant (CD3)","2024","2024-01-01T00:00:00.000","6.803259367",
"979464","1427","Fine particles (PM 2.5)","Winter mean","mcg/m3","UHF42","101","Kingsbridge - Riverdale","2024","2024-01-01T00:00:00.000","6.151617791",
"979477","1427","Fine particles (PM 2.5)","Winter mean","mcg/m3","UHF42","207","East Flatbush - Flatbush","2024","2024-01-01T00:00:00.000","6.129437285",
"979467","1427","Fine particles (PM 2.5)","Winter mean","mcg/m3","UHF42","104","Pelham - Throgs Neck","2024","2024-01-01T00:00:00.000","5.83457178",
"979446","1425","Fine particles (PM 2.5)","Annual mean","mcg/m3","CD","313","Coney Island (CD13)","2024","2024-01-01T00:00:00.000","5.935800293",
"979462","1427","Fine particles (PM 2.5)","Winter mean","mcg/m3","Borough","4","Queens","2024","2024-01-01T00:00:00.000","5.62855795",
"979423","1426","Fine particles (PM 2.5)","Summer mean","mcg/m3","Borough","1","Bronx","2024","2024-01-01T00:00:00.000","8.223389898",
"979426","1425","Fine particles (PM 2.5)","Annual mean","mcg/m3","CD","501","St. George and Stapleton (CD1)","2024","2024-01-01T00:00:00.000","6.259405787",
"980040","1431","Nitrogen dioxide (NO2)","Annual mean","ppb","CD","317","East Flatbush (CD17)","2024","2024-01-01T00:00:00.000","14.47590437",
"980034","1431","Nitrogen dioxide (NO2)","Annual mean","ppb","CD","405","Ridgewood and Maspeth (CD5)","2024","2024-01-01T00:00:00.000","14.71368224",
"979434","1425","Fine particles (PM 2.5)","Annual mean","mcg/m3","CD","407","Flushing and Whitestone (CD7)","2024","2024-01-01T00:00:00.000","6.016332032",
"979433","1425","Fine particles (PM 2.5)","Annual mean","mcg/m3","CD","408","Hillcrest and Fresh Meadows (CD8)","2024","2024-01-01T00:00:00.000","5.58126489",
"980129","1433","Nitrogen dioxide (NO2)","Winter mean","ppb","CD","502","South Beach and Willowbrook (CD2)","2024","2024-01-01T00:00:00.000","16.17910064",
"980112","1431","Nitrogen dioxide (NO2)","Annual mean","ppb","UHF34","104","Pelham - Throgs Neck","2024","2024-01-01T00:00:00.000","14.42951043",
"980120","1433","Nitrogen dioxide (NO2)","Winter mean","ppb","CD","407","Flushing and Whitestone (CD7)","2024","2024-01-01T00:00:00.000","19.59835762",
"980127","1433","Nitrogen dioxide (NO2)","Winter mean","ppb","CD","414","Rockaway and Broad Channel (CD14)","2024","2024-01-01T00:00:00.000","14.74173237",
"980156","1433","Nitrogen dioxide (NO2)","Winter mean","ppb","UHF42","301","Washington Heights","2024","2024-01-01T00:00:00.000","20.21377442",
"980141","1431","Nitrogen dioxide (NO2)","Annual mean","ppb","UHF42","404","Bayside - Little Neck","2024","2024-01-01T00:00:00.000","14.06121625",
"980155","1433","Nitrogen dioxide (NO2)","Winter mean","ppb","UHF42","302","Central Harlem - Morningside Heights","2024","2024-01-01T00:00:00.000","21.01095236",
"979449","1425","Fine particles (PM 2.5)","Annual mean","mcg/m3","CD","310","Bay Ridge and Dyker Heights (CD10)","2024","2024-01-01T00:00:00.000","6.387986548",
"979437","1425","Fine particles (PM 2.5)","Annual mean","mcg/m3","CD","404","Elmhurst and Corona (CD4)","2024","2024-01-01T00:00:00.000","6.54439382",
"980167","1433","Nitrogen dioxide (NO2)","Winter mean","ppb","UHF42","201","Greenpoint","2024","2024-01-01T00:00:00.000","22.31466937",
"980175","1433","Nitrogen dioxide (NO2)","Winter mean","ppb","Borough","5","Staten Island","2024","2024-01-01T00:00:00.000","16.24713327",
"980182","1432","Nitrogen dioxide (NO2)","Summer mean","ppb","CD","501","St. George and Stapleton (CD1)","2024","2024-01-01T00:00:00.000","11.65929361",
"979444","1425","Fine particles (PM 2.5)","Annual mean","mcg/m3","CD","315","Sheepshead Bay (CD15)","2024","2024-01-01T00:00:00.000","5.862965253",
"980195","1432","Nitrogen dioxide (NO2)","Summer mean","ppb","CD","402","Woodside and Sunnyside (CD2)","2024","2024-01-01T00:00:00.000","13.50676936",
"979441","1425","Fine particles (PM 2.5)","Annual mean","mcg/m3","CD","318","Flatlands and Canarsie (CD18)","2024","2024-01-01T00:00:00.000","5.802268118",
"979453","1425","Fine particles (PM 2.5)","Annual mean","mcg/m3","CD","306","Park Slope and Carroll Gardens (CD6)","2024","2024-01-01T00:00:00.000","7.261788252",
"980178","1433","Nitrogen dioxide (NO2)","Winter mean","ppb","Borough","2","Brooklyn","2024","2024-01-01T00:00:00.000","20.43664566",
"979432","1425","Fine particles (PM 2.5)","Annual mean","mcg/m3","CD","409","Kew Gardens and Woodhaven (CD9)","2024","2024-01-01T00:00:00.000","6.099761786",
"979428","1425","Fine particles (PM 2.5)","Annual mean","mcg/m3","CD","413","Queens Village (CD13)","2024","2024-01-01T00:00:00.000","5.432256201",
"979431","1425","Fine particles (PM 2.5)","Annual mean","mcg/m3","CD","410","South Ozone Park and Howard Beach (CD10)","2024","2024-01-01T00:00:00.000","5.656333387",
"980166","1433","Nitrogen dioxide (NO2)","Winter mean","ppb","UHF42","202","Downtown - Heights - Slope","2024","2024-01-01T00:00:00.000","22.56287792",
"980163","1433","Nitrogen dioxide (NO2)","Winter mean","ppb","UHF42","205","Sunset Park","2024","2024-01-01T00:00:00.000","21.86671918",
"980211","1432","Nitrogen dioxide (NO2)","Summer mean","ppb","CD","304","Bushwick (CD4)","2024","2024-01-01T00:00:00.000","11.66169114",
"980153","1433","Nitrogen dioxide (NO2)","Winter mean","ppb","UHF42","304","Upper West Side","2024","2024-01-01T00:00:00.000","22.4495126",
"980057","1431","Nitrogen dioxide (NO2)","Annual mean","ppb","CD","212","Williamsbridge and Baychester (CD12)","2024","2024-01-01T00:00:00.000","13.83157536",
"980051","1431","Nitrogen dioxide (NO2)","Annual mean","ppb","CD","306","Park Slope and Carroll Gardens (CD6)","2024","2024-01-01T00:00:00.000","16.38221419",
"980137","1431","Nitrogen dioxide (NO2)","Annual mean","ppb","UHF42","408","Jamaica","2024","2024-01-01T00:00:00.000","13.82884965",
"980133","1431","Nitrogen dioxide (NO2)","Annual mean","ppb","UHF42","502","Stapleton - St. George","2024","2024-01-01T00:00:00.000","13.14423857",
"980123","1433","Nitrogen dioxide (NO2)","Winter mean","ppb","CD","410","South Ozone Park and Howard Beach (CD10)","2024","2024-01-01T00:00:00.000","19.39511418",
"980119","1433","Nitrogen dioxide (NO2)","Winter mean","ppb","CD","406","Rego Park and Forest Hills (CD6)","2024","2024-01-01T00:00:00.000","20.79967544",
"980111","1431","Nitrogen dioxide (NO2)","Annual mean","ppb","UHF34","201","Greenpoint","2024","2024-01-01T00:00:00.000","16.90893702",
"980108","1431","Nitrogen dioxide (NO2)","Annual mean","ppb","UHF34","204","East New York","2024","2024-01-01T00:00:00.000","14.57567849",
"979460","1425","Fine particles (PM 2.5)","Annual mean","mcg/m3","CD","211","Morris Park and Bronxdale (CD11)","2024","2024-01-01T00:00:00.000","6.309033124",
"980092","1431","Nitrogen dioxide (NO2)","Annual mean","ppb","UHF34","407","Southwest Queens","2024","2024-01-01T00:00:00.000","13.67708717",
"980087","1431","Nitrogen dioxide (NO2)","Annual mean","ppb","UHF34","306308","Chelsea-Village","2024","2024-01-01T00:00:00.000","21.37192366",
"980088","1431","Nitrogen dioxide (NO2)","Annual mean","ppb","UHF34","305307","Upper East Side-Gramercy","2024","2024-01-01T00:00:00.000","20.51594524",
"980076","1431","Nitrogen dioxide (NO2)","Annual mean","ppb","CD","105","Midtown (CD5)","2024","2024-01-01T00:00:00.000","25.07398872",
"979411","1426","Fine particles (PM 2.5)","Summer mean","mcg/m3","UHF42","201","Greenpoint","2024","2024-01-01T00:00:00.000","9.118454778",
"980071","1431","Nitrogen dioxide (NO2)","Annual mean","ppb","CD","110","Central Harlem (CD10)","2024","2024-01-01T00:00:00.000","16.3639462",
"979401","1426","Fine particles (PM 2.5)","Summer mean","mcg/m3","UHF42","211","Williamsburg - Bushwick","2024","2024-01-01T00:00:00.000","8.916090999",
"979383","1426","Fine particles (PM 2.5)","Summer mean","mcg/m3","UHF42","408","Jamaica","2024","2024-01-01T00:00:00.000","7.275067421",
"980242","1432","Nitrogen dioxide (NO2)","Summer mean","ppb","UHF34","501502","Northern SI","2024","2024-01-01T00:00:00.000","11.24223008",
"980250","1432","Nitrogen dioxide (NO2)","Summer mean","ppb","UHF34","407","Southwest Queens","2024","2024-01-01T00:00:00.000","10.50354238",
"980257","1432","Nitrogen dioxide (NO2)","Summer mean","ppb","UHF34","302","Central Harlem - Morningside Heights","2024","2024-01-01T00:00:00.000","14.72599371",
"979386","1426","Fine particles (PM 2.5)","Summer mean","mcg/m3","UHF42","405","Ridgewood - Forest Hills","2024","2024-01-01T00:00:00.000","7.754186306",
"979466","1427","Fine particles (PM 2.5)","Winter mean","mcg/m3","UHF42","103","Fordham - Bronx Pk","2024","2024-01-01T00:00:00.000","6.054759675",
"979468","1427","Fine particles (PM 2.5)","Winter mean","mcg/m3","UHF42","105","Crotona - Tremont","2024","2024-01-01T00:00:00.000","6.298797894",
"979471","1427","Fine particles (PM 2.5)","Winter mean","mcg/m3","UHF42","201","Greenpoint","2024","2024-01-01T00:00:00.000","7.141727103",
"979475","1427","Fine particles (PM 2.5)","Winter mean","mcg/m3","UHF42","205","Sunset Park","2024","2024-01-01T00:00:00.000","6.856879393",
"979481","1427","Fine particles (PM 2.5)","Winter mean","mcg/m3","UHF42","211","Williamsburg - Bushwick","2024","2024-01-01T00:00:00.000","6.893713777",
"979479","1427","Fine particles (PM 2.5)","Winter mean","mcg/m3","UHF42","209","Bensonhurst - Bay Ridge","2024","2024-01-01T00:00:00.000","6.100114289",
"979483","1427","Fine particles (PM 2.5)","Winter mean","mcg/m3","UHF42","302","Central Harlem - Morningside Heights","2024","2024-01-01T00:00:00.000","6.705847635",
"979489","1427","Fine particles (PM 2.5)","Winter mean","mcg/m3","UHF42","308","Greenwich Village - SoHo","2024","2024-01-01T00:00:00.000","8.021481962",
"979488","1427","Fine particles (PM 2.5)","Winter mean","mcg/m3","UHF42","307","Gramercy Park - Murray Hill","2024","2024-01-01T00:00:00.000","7.93873832",
"979491","1427","Fine particles (PM 2.5)","Winter mean","mcg/m3","UHF42","310","Lower Manhattan","2024","2024-01-01T00:00:00.000","7.457778443",
"979498","1427","Fine particles (PM 2.5)","Winter mean","mcg/m3","UHF42","407","Southwest Queens","2024","2024-01-01T00:00:00.000","5.639683262",
"979506","1427","Fine particles (PM 2.5)","Winter mean","mcg/m3","UHF34","503504","Southern SI","2024","2024-01-01T00:00:00.000","5.744782433",
"980036","1431","Nitrogen dioxide (NO2)","Annual mean","ppb","CD","403","Jackson Heights (CD3)","2024","2024-01-01T00:00:00.000","15.11504917",
"980031","1431","Nitrogen dioxide (NO2)","Annual mean","ppb","CD","408","Hillcrest and Fresh Meadows (CD8)","2024","2024-01-01T00:00:00.000","14.24632231",
"980064","1431","Nitrogen dioxide (NO2)","Annual mean","ppb","CD","205","Fordham and University Heights (CD5)","2024","2024-01-01T00:00:00.000","16.07362459",
"979404","1426","Fine particles (PM 2.5)","Summer mean","mcg/m3","UHF42","208","Canarsie - Flatlands","2024","2024-01-01T00:00:00.000","7.386586265",
"979402","1426","Fine particles (PM 2.5)","Summer mean","mcg/m3","UHF42","210","Coney Island - Sheepshead Bay","2024","2024-01-01T00:00:00.000","7.527359081",
"979522","1427","Fine particles (PM 2.5)","Winter mean","mcg/m3","CD","202","Hunts Point and Longwood (CD2)","2024","2024-01-01T00:00:00.000","6.757083589",
"980016","1431","Nitrogen dioxide (NO2)","Annual mean","ppb","UHF42","303","East Harlem","2024","2024-01-01T00:00:00.000","16.18484858",
"980246","1432","Nitrogen dioxide (NO2)","Summer mean","ppb","UHF34","305307","Upper East Side-Gramercy","2024","2024-01-01T00:00:00.000","18.719216",
"980249","1432","Nitrogen dioxide (NO2)","Summer mean","ppb","UHF34","408","Jamaica","2024","2024-01-01T00:00:00.000","11.09972436",
"980272","1432","Nitrogen dioxide (NO2)","Summer mean","ppb","UHF34","102","Northeast Bronx","2024","2024-01-01T00:00:00.000","12.49745969",
"979382","1426","Fine particles (PM 2.5)","Summer mean","mcg/m3","UHF42","409","Southeast Queens","2024","2024-01-01T00:00:00.000","6.895143154",
"980025","1431","Nitrogen dioxide (NO2)","Annual mean","ppb","CD","414","Rockaway and Broad Channel (CD14)","2024","2024-01-01T00:00:00.000","10.0402513",
"979535","1427","Fine particles (PM 2.5)","Winter mean","mcg/m3","CD","303","Bedford Stuyvesant (CD3)","2024","2024-01-01T00:00:00.000","6.625677195",
"980284","1432","Nitrogen dioxide (NO2)","Summer mean","ppb","UHF42","404","Bayside - Little Neck","2024","2024-01-01T00:00:00.000","11.66832562",
"979534","1427","Fine particles (PM 2.5)","Winter mean","mcg/m3","CD","302","Fort Greene and Brooklyn Heights (CD2)","2024","2024-01-01T00:00:00.000","6.993135809",
"980073","1431","Nitrogen dioxide (NO2)","Annual mean","ppb","CD","108","Upper East Side (CD8)","2024","2024-01-01T00:00:00.000","18.78854819",
"980162","1433","Nitrogen dioxide (NO2)","Winter mean","ppb","UHF42","206","Borough Park","2024","2024-01-01T00:00:00.000","20.42019447",
"980000","1431","Nitrogen dioxide (NO2)","Annual mean","ppb","UHF42","105","Crotona - Tremont","2024","2024-01-01T00:00:00.000","15.94321058",
"979545","1427","Fine particles (PM 2.5)","Winter mean","mcg/m3","CD","313","Coney Island (CD13)","2024","2024-01-01T00:00:00.000","5.797703004",
"980394","1433","Nitrogen dioxide (NO2)","Winter mean","ppb","CD","301","Greenpoint and Williamsburg (CD1)","2024","2024-01-01T00:00:00.000","22.25310504",
"980301","1432","Nitrogen dioxide (NO2)","Summer mean","ppb","UHF42","208","Canarsie - Flatlands","2024","2024-01-01T00:00:00.000","8.710273878",
"980027","1431","Nitrogen dioxide (NO2)","Annual mean","ppb","CD","412","Jamaica and Hollis (CD12)","2024","2024-01-01T00:00:00.000","13.72988551",
"980160","1433","Nitrogen dioxide (NO2)","Winter mean","ppb","UHF42","208","Canarsie - Flatlands","2024","2024-01-01T00:00:00.000","18.47735586",
"980072","1431","Nitrogen dioxide (NO2)","Annual mean","ppb","CD","109","Morningside Heights and Hamilton Heights (CD9)","2024","2024-01-01T00:00:00.000","16.60580324",
"980305","1432","Nitrogen dioxide (NO2)","Summer mean","ppb","UHF42","204","East New York","2024","2024-01-01T00:00:00.000","10.89655748",
"980306","1432","Nitrogen dioxide (NO2)","Summer mean","ppb","UHF42","203","Bedford Stuyvesant - Crown Heights","2024","2024-01-01T00:00:00.000","11.99311151",
"979998","1431","Nitrogen dioxide (NO2)","Annual mean","ppb","UHF42","103","Fordham - Bronx Pk","2024","2024-01-01T00:00:00.000","14.14232526",
"980100","1431","Nitrogen dioxide (NO2)","Annual mean","ppb","UHF34","301","Washington Heights","2024","2024-01-01T00:00:00.000","16.26455212",
"980078","1431","Nitrogen dioxide (NO2)","Annual mean","ppb","CD","103","Lower East Side and Chinatown (CD3)","2024","2024-01-01T00:00:00.000","17.37985136",
"979566","1427","Fine particles (PM 2.5)","Winter mean","mcg/m3","CD","502","South Beach and Willowbrook (CD2)","2024","2024-01-01T00:00:00.000","5.93163362",
"980067","1431","Nitrogen dioxide (NO2)","Annual mean","ppb","CD","202","Hunts Point and Longwood (CD2)","2024","2024-01-01T00:00:00.000","15.23075221",
"980093","1431","Nitrogen dioxide (NO2)","Annual mean","ppb","UHF34","405","Ridgewood - Forest Hills","2024","2024-01-01T00:00:00.000","14.58847595",
"980117","1433","Nitrogen dioxide (NO2)","Winter mean","ppb","CD","404","Elmhurst and Corona (CD4)","2024","2024-01-01T00:00:00.000","21.35168929",
"980086","1431","Nitrogen dioxide (NO2)","Annual mean","ppb","UHF34","309310","Union Square-Lower Manhattan","2024","2024-01-01T00:00:00.000","18.4264296",
"979557","1427","Fine particles (PM 2.5)","Winter mean","mcg/m3","CD","407","Flushing and Whitestone (CD7)","2024","2024-01-01T00:00:00.000","5.606065419",
"980110","1431","Nitrogen dioxide (NO2)","Annual mean","ppb","UHF34","202","Downtown - Heights - Slope","2024","2024-01-01T00:00:00.000","17.10405267",
"980096","1431","Nitrogen dioxide (NO2)","Annual mean","ppb","UHF34","401","Long Island City - Astoria","2024","2024-01-01T00:00:00.000","16.06062413",
"980109","1431","Nitrogen dioxide (NO2)","Annual mean","ppb","UHF34","203","Bedford Stuyvesant - Crown Heights","2024","2024-01-01T00:00:00.000","15.51359309",
"979561","1427","Fine particles (PM 2.5)","Winter mean","mcg/m3","CD","411","Bayside and Little Neck (CD11)","2024","2024-01-01T00:00:00.000","5.039174904",
"980122","1433","Nitrogen dioxide (NO2)","Winter mean","ppb","CD","409","Kew Gardens and Woodhaven (CD9)","2024","2024-01-01T00:00:00.000","20.62176821",
"980135","1431","Nitrogen dioxide (NO2)","Annual mean","ppb","UHF42","410","Rockaways","2024","2024-01-01T00:00:00.000","10.06861187",
"979991","1431","Nitrogen dioxide (NO2)","Annual mean","ppb","Borough","1","Bronx","2024","2024-01-01T00:00:00.000","14.61768892",
"979443","1425","Fine particles (PM 2.5)","Annual mean","mcg/m3","CD","316","Brownsville (CD16)","2024","2024-01-01T00:00:00.000","6.339249248",
"980151","1433","Nitrogen dioxide (NO2)","Winter mean","ppb","UHF42","306","Chelsea - Clinton","2024","2024-01-01T00:00:00.000","24.98678767",
"979558","1427","Fine particles (PM 2.5)","Winter mean","mcg/m3","CD","408","Hillcrest and Fresh Meadows (CD8)","2024","2024-01-01T00:00:00.000","5.293633443",
"980149","1433","Nitrogen dioxide (NO2)","Winter mean","ppb","UHF42","308","Greenwich Village - SoHo","2024","2024-01-01T00:00:00.000","23.26065721",
"980001","1431","Nitrogen dioxide (NO2)","Annual mean","ppb","UHF42","106","High Bridge - Morrisania","2024","2024-01-01T00:00:00.000","16.15663577",
"979422","1426","Fine particles (PM 2.5)","Summer mean","mcg/m3","Borough","2","Brooklyn","2024","2024-01-01T00:00:00.000","8.112556491",
"980185","1432","Nitrogen dioxide (NO2)","Summer mean","ppb","CD","412","Jamaica and Hollis (CD12)","2024","2024-01-01T00:00:00.000","10.97468173",
"980232","1432","Nitrogen dioxide (NO2)","Summer mean","ppb","CD","107","Upper West Side (CD7)","2024","2024-01-01T00:00:00.000","16.65115324",
"980164","1433","Nitrogen dioxide (NO2)","Winter mean","ppb","UHF42","204","East New York","2024","2024-01-01T00:00:00.000","20.91649714",
"980152","1433","Nitrogen dioxide (NO2)","Winter mean","ppb","UHF42","305","Upper East Side","2024","2024-01-01T00:00:00.000","22.82711097",
"980196","1432","Nitrogen dioxide (NO2)","Summer mean","ppb","CD","401","Long Island City and Astoria (CD1)","2024","2024-01-01T00:00:00.000","12.66466387",
"980165","1433","Nitrogen dioxide (NO2)","Winter mean","ppb","UHF42","203","Bedford Stuyvesant - Crown Heights","2024","2024-01-01T00:00:00.000","21.74221383",
"979523","1427","Fine particles (PM 2.5)","Winter mean","mcg/m3","CD","203","Morrisania and Crotona (CD3)","2024","2024-01-01T00:00:00.000","6.446792929",
"980189","1432","Nitrogen dioxide (NO2)","Summer mean","ppb","CD","408","Hillcrest and Fresh Meadows (CD8)","2024","2024-01-01T00:00:00.000","11.65707354",
"980197","1432","Nitrogen dioxide (NO2)","Summer mean","ppb","CD","318","Flatlands and Canarsie (CD18)","2024","2024-01-01T00:00:00.000","8.64480415",
"980190","1432","Nitrogen dioxide (NO2)","Summer mean","ppb","CD","407","Flushing and Whitestone (CD7)","2024","2024-01-01T00:00:00.000","11.92094838",
"979508","1427","Fine particles (PM 2.5)","Winter mean","mcg/m3","Citywide","1","New York City","2024","2024-01-01T00:00:00.000","6.016778561",
"980201","1432","Nitrogen dioxide (NO2)","Summer mean","ppb","CD","314","Flatbush and Midwood (CD14)","2024","2024-01-01T00:00:00.000","10.74068681",
"980203","1432","Nitrogen dioxide (NO2)","Summer mean","ppb","CD","312","Borough Park (CD12)","2024","2024-01-01T00:00:00.000","11.6640298",
"980199","1432","Nitrogen dioxide (NO2)","Summer mean","ppb","CD","316","Brownsville (CD16)","2024","2024-01-01T00:00:00.000","11.38675219",
"979493","1427","Fine particles (PM 2.5)","Winter mean","mcg/m3","UHF42","402","West Queens","2024","2024-01-01T00:00:00.000","6.487735468",
"980213","1432","Nitrogen dioxide (NO2)","Summer mean","ppb","CD","302","Fort Greene and Brooklyn Heights (CD2)","2024","2024-01-01T00:00:00.000","15.39612973",
"980215","1432","Nitrogen dioxide (NO2)","Summer mean","ppb","CD","212","Williamsbridge and Baychester (CD12)","2024","2024-01-01T00:00:00.000","12.40461014",
"980209","1432","Nitrogen dioxide (NO2)","Summer mean","ppb","CD","306","Park Slope and Carroll Gardens (CD6)","2024","2024-01-01T00:00:00.000","13.80535924",
"980014","1431","Nitrogen dioxide (NO2)","Annual mean","ppb","UHF42","301","Washington Heights","2024","2024-01-01T00:00:00.000","16.26468515",
"980217","1432","Nitrogen dioxide (NO2)","Summer mean","ppb","CD","210","Throgs Neck and Co-op City (CD10)","2024","2024-01-01T00:00:00.000","12.20526745",
"980216","1432","Nitrogen dioxide (NO2)","Summer mean","ppb","CD","211","Morris Park and Bronxdale (CD11)","2024","2024-01-01T00:00:00.000","12.15980116",
"980233","1432","Nitrogen dioxide (NO2)","Summer mean","ppb","CD","106","Stuyvesant Town and Turtle Bay (CD6)","2024","2024-01-01T00:00:00.000","19.06192505",
"980022","1431","Nitrogen dioxide (NO2)","Annual mean","ppb","CD","503","Tottenville and Great Kills (CD3)","2024","2024-01-01T00:00:00.000","10.88770049",
"980391","1433","Nitrogen dioxide (NO2)","Winter mean","ppb","CD","210","Throgs Neck and Co-op City (CD10)","2024","2024-01-01T00:00:00.000","18.49092764",
"980028","1431","Nitrogen dioxide (NO2)","Annual mean","ppb","CD","411","Bayside and Little Neck (CD11)","2024","2024-01-01T00:00:00.000","14.07348609",
"980379","1433","Nitrogen dioxide (NO2)","Winter mean","ppb","CD","110","Central Harlem (CD10)","2024","2024-01-01T00:00:00.000","20.8539064",
"980030","1431","Nitrogen dioxide (NO2)","Annual mean","ppb","CD","409","Kew Gardens and Woodhaven (CD9)","2024","2024-01-01T00:00:00.000","14.51292366",
"980390","1433","Nitrogen dioxide (NO2)","Winter mean","ppb","CD","209","Parkchester and Soundview (CD9)","2024","2024-01-01T00:00:00.000","19.24560059",
"980384","1433","Nitrogen dioxide (NO2)","Winter mean","ppb","CD","203","Morrisania and Crotona (CD3)","2024","2024-01-01T00:00:00.000","19.59350649",
"980340","1433","Nitrogen dioxide (NO2)","Winter mean","ppb","UHF34","202","Downtown - Heights - Slope","2024","2024-01-01T00:00:00.000","22.56287792",
"980039","1431","Nitrogen dioxide (NO2)","Annual mean","ppb","CD","318","Flatlands and Canarsie (CD18)","2024","2024-01-01T00:00:00.000","12.31906468",
"979377","1426","Fine particles (PM 2.5)","Summer mean","mcg/m3","UHF42","504","South Beach - Tottenville","2024","2024-01-01T00:00:00.000","6.996067571",
"979325","1426","Fine particles (PM 2.5)","Summer mean","mcg/m3","CD","205","Fordham and University Heights (CD5)","2024","2024-01-01T00:00:00.000","8.230749273",
"980218","1432","Nitrogen dioxide (NO2)","Summer mean","ppb","CD","209","Parkchester and Soundview (CD9)","2024","2024-01-01T00:00:00.000","12.75932294",
"980176","1433","Nitrogen dioxide (NO2)","Winter mean","ppb","Borough","4","Queens","2024","2024-01-01T00:00:00.000","19.59630471",
"979368","1426","Fine particles (PM 2.5)","Summer mean","mcg/m3","UHF34","205","Sunset Park","2024","2024-01-01T00:00:00.000","8.827792157",
"979370","1426","Fine particles (PM 2.5)","Summer mean","mcg/m3","UHF34","203","Bedford Stuyvesant - Crown Heights","2024","2024-01-01T00:00:00.000","8.23583428",
"980226","1432","Nitrogen dioxide (NO2)","Summer mean","ppb","CD","201","Mott Haven and Melrose (CD1)","2024","2024-01-01T00:00:00.000","13.89563001",
"979365","1426","Fine particles (PM 2.5)","Summer mean","mcg/m3","UHF34","208","Canarsie - Flatlands","2024","2024-01-01T00:00:00.000","7.386586265",
"979347","1426","Fine particles (PM 2.5)","Summer mean","mcg/m3","UHF34","309310","Union Square-Lower Manhattan","2024","2024-01-01T00:00:00.000","10.28539176",
"979358","1426","Fine particles (PM 2.5)","Summer mean","mcg/m3","UHF34","304","Upper West Side","2024","2024-01-01T00:00:00.000","8.350207799",
"979360","1426","Fine particles (PM 2.5)","Summer mean","mcg/m3","UHF34","302","Central Harlem - Morningside Heights","2024","2024-01-01T00:00:00.000","8.499791984",
"979350","1426","Fine particles (PM 2.5)","Summer mean","mcg/m3","UHF34","410","Rockaways","2024","2024-01-01T00:00:00.000","6.702621438",
"979343","1426","Fine particles (PM 2.5)","Summer mean","mcg/m3","UHF34","105106107","South Bronx","2024","2024-01-01T00:00:00.000","8.404542866",
"979345","1426","Fine particles (PM 2.5)","Summer mean","mcg/m3","UHF34","501502","Northern SI","2024","2024-01-01T00:00:00.000","7.696631112",
"979332","1426","Fine particles (PM 2.5)","Summer mean","mcg/m3","CD","110","Central Harlem (CD10)","2024","2024-01-01T00:00:00.000","8.510440366",
"979333","1426","Fine particles (PM 2.5)","Summer mean","mcg/m3","CD","109","Morningside Heights and Hamilton Heights (CD9)","2024","2024-01-01T00:00:00.000","8.474529098",
"979322","1426","Fine particles (PM 2.5)","Summer mean","mcg/m3","CD","208","Riverdale and Fieldston (CD8)","2024","2024-01-01T00:00:00.000","8.224736999",
"979314","1426","Fine particles (PM 2.5)","Summer mean","mcg/m3","CD","304","Bushwick (CD4)","2024","2024-01-01T00:00:00.000","8.594404357",
"979321","1426","Fine particles (PM 2.5)","Summer mean","mcg/m3","CD","209","Parkchester and Soundview (CD9)","2024","2024-01-01T00:00:00.000","8.224675596",
"979317","1426","Fine particles (PM 2.5)","Summer mean","mcg/m3","CD","301","Greenpoint and Williamsburg (CD1)","2024","2024-01-01T00:00:00.000","9.202391513",
"980414","1435","Ozone (O3)","Summer mean","ppb","UHF34","102","Northeast Bronx","2024","2024-01-01T00:00:00.000","34.00543781",
"979309","1426","Fine particles (PM 2.5)","Summer mean","mcg/m3","CD","309","South Crown Heights and Lefferts Gardens (CD9)","2024","2024-01-01T00:00:00.000","8.002251049",
"979306","1426","Fine particles (PM 2.5)","Summer mean","mcg/m3","CD","312","Borough Park (CD12)","2024","2024-01-01T00:00:00.000","8.092792885",
"979302","1426","Fine particles (PM 2.5)","Summer mean","mcg/m3","CD","316","Brownsville (CD16)","2024","2024-01-01T00:00:00.000","7.95308216",
"980433","1435","Ozone (O3)","Summer mean","ppb","UHF34","402","West Queens","2024","2024-01-01T00:00:00.000","33.90541806",
"979291","1426","Fine particles (PM 2.5)","Summer mean","mcg/m3","CD","409","Kew Gardens and Woodhaven (CD9)","2024","2024-01-01T00:00:00.000","7.612745636",
"979290","1426","Fine particles (PM 2.5)","Summer mean","mcg/m3","CD","410","South Ozone Park and Howard Beach (CD10)","2024","2024-01-01T00:00:00.000","7.128669282",
"979286","1426","Fine particles (PM 2.5)","Summer mean","mcg/m3","CD","414","Rockaway and Broad Channel (CD14)","2024","2024-01-01T00:00:00.000","6.703532849",
"979280","1425","Fine particles (PM 2.5)","Annual mean","mcg/m3","Borough","1","Bronx","2024","2024-01-01T00:00:00.000","6.394098127",
"980424","1435","Ozone (O3)","Summer mean","ppb","UHF34","208","Canarsie - Flatlands","2024","2024-01-01T00:00:00.000","36.20961599",
"980431","1435","Ozone (O3)","Summer mean","ppb","UHF34","304","Upper West Side","2024","2024-01-01T00:00:00.000","30.17709341",
"980430","1435","Ozone (O3)","Summer mean","ppb","UHF34","303","East Harlem","2024","2024-01-01T00:00:00.000","32.19031911",
"980445","1435","Ozone (O3)","Summer mean","ppb","UHF34","503504","Southern SI","2024","2024-01-01T00:00:00.000","33.85679561",
"979238","1425","Fine particles (PM 2.5)","Annual mean","mcg/m3","UHF42","410","Rockaways","2024","2024-01-01T00:00:00.000","5.263925912",
"980374","1433","Nitrogen dioxide (NO2)","Winter mean","ppb","CD","105","Midtown (CD5)","2024","2024-01-01T00:00:00.000","26.93533505",
"980439","1435","Ozone (O3)","Summer mean","ppb","UHF34","410","Rockaways","2024","2024-01-01T00:00:00.000","38.3858725",
"979260","1425","Fine particles (PM 2.5)","Annual mean","mcg/m3","UHF42","209","Bensonhurst - Bay Ridge","2024","2024-01-01T00:00:00.000","6.178801548",
"979276","1425","Fine particles (PM 2.5)","Annual mean","mcg/m3","Borough","5","Staten Island","2024","2024-01-01T00:00:00.000","5.947070414",
"979264","1425","Fine particles (PM 2.5)","Annual mean","mcg/m3","UHF42","205","Sunset Park","2024","2024-01-01T00:00:00.000","7.064574062",
"979261","1425","Fine particles (PM 2.5)","Annual mean","mcg/m3","UHF42","208","Canarsie - Flatlands","2024","2024-01-01T00:00:00.000","5.825314827",
"980403","1433","Nitrogen dioxide (NO2)","Winter mean","ppb","CD","310","Bay Ridge and Dyker Heights (CD10)","2024","2024-01-01T00:00:00.000","20.72541186",
"979254","1425","Fine particles (PM 2.5)","Annual mean","mcg/m3","UHF42","304","Upper West Side","2024","2024-01-01T00:00:00.000","6.766388963",
"980048","1431","Nitrogen dioxide (NO2)","Annual mean","ppb","CD","309","South Crown Heights and Lefferts Gardens (CD9)","2024","2024-01-01T00:00:00.000","15.00643674",
"979376","1426","Fine particles (PM 2.5)","Summer mean","mcg/m3","UHF34","101","Kingsbridge - Riverdale","2024","2024-01-01T00:00:00.000","8.223734017",
"980223","1432","Nitrogen dioxide (NO2)","Summer mean","ppb","CD","204","Highbridge and Concourse (CD4)","2024","2024-01-01T00:00:00.000","14.60723461",
"979416","1426","Fine particles (PM 2.5)","Summer mean","mcg/m3","UHF42","103","Fordham - Bronx Pk","2024","2024-01-01T00:00:00.000","8.294831068",
"980399","1433","Nitrogen dioxide (NO2)","Winter mean","ppb","CD","306","Park Slope and Carroll Gardens (CD6)","2024","2024-01-01T00:00:00.000","22.04242168",
"979247","1425","Fine particles (PM 2.5)","Annual mean","mcg/m3","UHF42","401","Long Island City - Astoria","2024","2024-01-01T00:00:00.000","7.31018066",
"979396","1426","Fine particles (PM 2.5)","Summer mean","mcg/m3","UHF42","305","Upper East Side","2024","2024-01-01T00:00:00.000","8.707078665",
"979391","1426","Fine particles (PM 2.5)","Summer mean","mcg/m3","UHF42","310","Lower Manhattan","2024","2024-01-01T00:00:00.000","9.897514742",
"979384","1426","Fine particles (PM 2.5)","Summer mean","mcg/m3","UHF42","407","Southwest Queens","2024","2024-01-01T00:00:00.000","7.318614036",
"979409","1426","Fine particles (PM 2.5)","Summer mean","mcg/m3","UHF42","203","Bedford Stuyvesant - Crown Heights","2024","2024-01-01T00:00:00.000","8.23583428",
"979344","1426","Fine particles (PM 2.5)","Summer mean","mcg/m3","UHF34","503504","Southern SI","2024","2024-01-01T00:00:00.000","7.144365675",
"979339","1426","Fine particles (PM 2.5)","Summer mean","mcg/m3","CD","103","Lower East Side and Chinatown (CD3)","2024","2024-01-01T00:00:00.000","10.04987636",
"980415","1435","Ozone (O3)","Summer mean","ppb","UHF34","103","Fordham - Bronx Pk","2024","2024-01-01T00:00:00.000","33.49945027",
"979324","1426","Fine particles (PM 2.5)","Summer mean","mcg/m3","CD","206","Belmont and East Tremont (CD6)","2024","2024-01-01T00:00:00.000","8.474916127",
"979310","1426","Fine particles (PM 2.5)","Summer mean","mcg/m3","CD","308","Crown Heights and Prospect Heights (CD8)","2024","2024-01-01T00:00:00.000","8.509217211",
"980411","1433","Nitrogen dioxide (NO2)","Winter mean","ppb","CD","318","Flatlands and Canarsie (CD18)","2024","2024-01-01T00:00:00.000","18.37318237",
"980417","1435","Ozone (O3)","Summer mean","ppb","UHF34","201","Greenpoint","2024","2024-01-01T00:00:00.000","32.9765732",
"980416","1435","Ozone (O3)","Summer mean","ppb","UHF34","104","Pelham - Throgs Neck","2024","2024-01-01T00:00:00.000","34.23931031",
"980432","1435","Ozone (O3)","Summer mean","ppb","UHF34","401","Long Island City - Astoria","2024","2024-01-01T00:00:00.000","33.62730397",
"980422","1435","Ozone (O3)","Summer mean","ppb","UHF34","206","Borough Park","2024","2024-01-01T00:00:00.000","33.93145841",
"980158","1433","Nitrogen dioxide (NO2)","Winter mean","ppb","UHF42","210","Coney Island - Sheepshead Bay","2024","2024-01-01T00:00:00.000","17.63569599",
"980065","1431","Nitrogen dioxide (NO2)","Annual mean","ppb","CD","204","Highbridge and Concourse (CD4)","2024","2024-01-01T00:00:00.000","16.38987681",
"980263","1432","Nitrogen dioxide (NO2)","Summer mean","ppb","UHF34","207","East Flatbush - Flatbush","2024","2024-01-01T00:00:00.000","10.90689967",
"979205","1427","Fine particles (PM 2.5)","Winter mean","mcg/m3","UHF34","211","Williamsburg - Bushwick","2024","2024-01-01T00:00:00.000","6.893713777",
"980115","1431","Nitrogen dioxide (NO2)","Annual mean","ppb","UHF34","101","Kingsbridge - Riverdale","2024","2024-01-01T00:00:00.000","13.50595126",
"980121","1433","Nitrogen dioxide (NO2)","Winter mean","ppb","CD","408","Hillcrest and Fresh Meadows (CD8)","2024","2024-01-01T00:00:00.000","20.01589468",
"980143","1431","Nitrogen dioxide (NO2)","Annual mean","ppb","UHF42","402","West Queens","2024","2024-01-01T00:00:00.000","15.78254292",
"980150","1433","Nitrogen dioxide (NO2)","Winter mean","ppb","UHF42","307","Gramercy Park - Murray Hill","2024","2024-01-01T00:00:00.000","25.29928408",
"980161","1433","Nitrogen dioxide (NO2)","Winter mean","ppb","UHF42","207","East Flatbush - Flatbush","2024","2024-01-01T00:00:00.000","20.67867275",
"980169","1433","Nitrogen dioxide (NO2)","Winter mean","ppb","UHF42","106","High Bridge - Morrisania","2024","2024-01-01T00:00:00.000","20.32206221",
"980193","1432","Nitrogen dioxide (NO2)","Summer mean","ppb","CD","404","Elmhurst and Corona (CD4)","2024","2024-01-01T00:00:00.000","13.09035815",
"980198","1432","Nitrogen dioxide (NO2)","Summer mean","ppb","CD","317","East Flatbush (CD17)","2024","2024-01-01T00:00:00.000","10.88045548",
"980208","1432","Nitrogen dioxide (NO2)","Summer mean","ppb","CD","307","Sunset Park (CD7)","2024","2024-01-01T00:00:00.000","13.52773913",
"980202","1432","Nitrogen dioxide (NO2)","Summer mean","ppb","CD","313","Coney Island (CD13)","2024","2024-01-01T00:00:00.000","9.003516494",
"979241","1425","Fine particles (PM 2.5)","Annual mean","mcg/m3","UHF42","407","Southwest Queens","2024","2024-01-01T00:00:00.000","5.829814581",
"979267","1425","Fine particles (PM 2.5)","Annual mean","mcg/m3","UHF42","202","Downtown - Heights - Slope","2024","2024-01-01T00:00:00.000","7.232122393",
"979248","1425","Fine particles (PM 2.5)","Annual mean","mcg/m3","UHF42","310","Lower Manhattan","2024","2024-01-01T00:00:00.000","7.956536601",
"979259","1425","Fine particles (PM 2.5)","Annual mean","mcg/m3","UHF42","210","Coney Island - Sheepshead Bay","2024","2024-01-01T00:00:00.000","5.898864232",
"980231","1432","Nitrogen dioxide (NO2)","Summer mean","ppb","CD","108","Upper East Side (CD8)","2024","2024-01-01T00:00:00.000","16.78809491",
"980224","1432","Nitrogen dioxide (NO2)","Summer mean","ppb","CD","203","Morrisania and Crotona (CD3)","2024","2024-01-01T00:00:00.000","13.41060614",
"980173","1433","Nitrogen dioxide (NO2)","Winter mean","ppb","UHF42","102","Northeast Bronx","2024","2024-01-01T00:00:00.000","17.58086289",
"980227","1432","Nitrogen dioxide (NO2)","Summer mean","ppb","CD","112","Washington Heights and Inwood (CD12)","2024","2024-01-01T00:00:00.000","14.79335411",
"979354","1426","Fine particles (PM 2.5)","Summer mean","mcg/m3","UHF34","405","Ridgewood - Forest Hills","2024","2024-01-01T00:00:00.000","7.754186306",
"979355","1426","Fine particles (PM 2.5)","Summer mean","mcg/m3","UHF34","403","Flushing - Clearview","2024","2024-01-01T00:00:00.000","7.615143728",
"979349","1426","Fine particles (PM 2.5)","Summer mean","mcg/m3","UHF34","305307","Upper East Side-Gramercy","2024","2024-01-01T00:00:00.000","9.756900746",
"979341","1426","Fine particles (PM 2.5)","Summer mean","mcg/m3","CD","101","Financial District (CD1)","2024","2024-01-01T00:00:00.000","10.01391228",
"979232","1425","Fine particles (PM 2.5)","Annual mean","mcg/m3","UHF34","102","Northeast Bronx","2024","2024-01-01T00:00:00.000","6.13002472",
"979326","1426","Fine particles (PM 2.5)","Summer mean","mcg/m3","CD","204","Highbridge and Concourse (CD4)","2024","2024-01-01T00:00:00.000","8.171849018",
"979319","1426","Fine particles (PM 2.5)","Summer mean","mcg/m3","CD","211","Morris Park and Bronxdale (CD11)","2024","2024-01-01T00:00:00.000","8.214561718",
"979316","1426","Fine particles (PM 2.5)","Summer mean","mcg/m3","CD","302","Fort Greene and Brooklyn Heights (CD2)","2024","2024-01-01T00:00:00.000","9.02008474",
"979227","1425","Fine particles (PM 2.5)","Annual mean","mcg/m3","UHF34","203","Bedford Stuyvesant - Crown Heights","2024","2024-01-01T00:00:00.000","6.554530686",
"979304","1426","Fine particles (PM 2.5)","Summer mean","mcg/m3","CD","314","Flatbush and Midwood (CD14)","2024","2024-01-01T00:00:00.000","7.870191891",
"979242","1425","Fine particles (PM 2.5)","Annual mean","mcg/m3","UHF42","406","Fresh Meadows","2024","2024-01-01T00:00:00.000","5.573554393",
"979295","1426","Fine particles (PM 2.5)","Summer mean","mcg/m3","CD","405","Ridgewood and Maspeth (CD5)","2024","2024-01-01T00:00:00.000","8.108938929",
"980553","1435","Ozone (O3)","Summer mean","ppb","CD","502","South Beach and Willowbrook (CD2)","2024","2024-01-01T00:00:00.000","33.43066386",
"979204","1427","Fine particles (PM 2.5)","Winter mean","mcg/m3","UHF34","210","Coney Island - Sheepshead Bay","2024","2024-01-01T00:00:00.000","5.779387481",
"979298","1426","Fine particles (PM 2.5)","Summer mean","mcg/m3","CD","402","Woodside and Sunnyside (CD2)","2024","2024-01-01T00:00:00.000","8.987090415",
"979269","1425","Fine particles (PM 2.5)","Annual mean","mcg/m3","UHF42","107","Hunts Point - Mott Haven","2024","2024-01-01T00:00:00.000","6.885882219",
"979223","1425","Fine particles (PM 2.5)","Annual mean","mcg/m3","UHF34","207","East Flatbush - Flatbush","2024","2024-01-01T00:00:00.000","6.205652316",
"979271","1425","Fine particles (PM 2.5)","Annual mean","mcg/m3","UHF42","105","Crotona - Tremont","2024","2024-01-01T00:00:00.000","6.579130577",
"979258","1425","Fine particles (PM 2.5)","Annual mean","mcg/m3","UHF42","211","Williamsburg - Bushwick","2024","2024-01-01T00:00:00.000","7.203424145",
"980455","1435","Ozone (O3)","Summer mean","ppb","UHF42","406","Fresh Meadows","2024","2024-01-01T00:00:00.000","34.21614277",
"980498","1435","Ozone (O3)","Summer mean","ppb","CD","103","Lower East Side and Chinatown (CD3)","2024","2024-01-01T00:00:00.000","31.19203745",
"979219","1425","Fine particles (PM 2.5)","Annual mean","mcg/m3","UHF34","211","Williamsburg - Bushwick","2024","2024-01-01T00:00:00.000","7.203424145",
"979221","1425","Fine particles (PM 2.5)","Annual mean","mcg/m3","UHF34","209","Bensonhurst - Bay Ridge","2024","2024-01-01T00:00:00.000","6.178801548",
"979231","1425","Fine particles (PM 2.5)","Annual mean","mcg/m3","UHF34","103","Fordham - Bronx Pk","2024","2024-01-01T00:00:00.000","6.37609579",
"979218","1427","Fine particles (PM 2.5)","Winter mean","mcg/m3","UHF34","305307","Upper East Side-Gramercy","2024","2024-01-01T00:00:00.000","7.357562095",
"980462","1435","Ozone (O3)","Summer mean","ppb","UHF42","309","Union Square - Lower East Side","2024","2024-01-01T00:00:00.000","31.02401985",
"979222","1425","Fine particles (PM 2.5)","Annual mean","mcg/m3","UHF34","208","Canarsie - Flatlands","2024","2024-01-01T00:00:00.000","5.825314827",
"979331","1426","Fine particles (PM 2.5)","Summer mean","mcg/m3","CD","111","East Harlem (CD11)","2024","2024-01-01T00:00:00.000","8.29962826",
"980552","1435","Ozone (O3)","Summer mean","ppb","CD","501","St. George and Stapleton (CD1)","2024","2024-01-01T00:00:00.000","32.30501081",
"979208","1427","Fine particles (PM 2.5)","Winter mean","mcg/m3","UHF34","303","East Harlem","2024","2024-01-01T00:00:00.000","6.564716537",
"980506","1435","Ozone (O3)","Summer mean","ppb","CD","111","East Harlem (CD11)","2024","2024-01-01T00:00:00.000","32.11782606",
"979214","1427","Fine particles (PM 2.5)","Winter mean","mcg/m3","UHF34","407","Southwest Queens","2024","2024-01-01T00:00:00.000","5.639831154",
"979209","1427","Fine particles (PM 2.5)","Winter mean","mcg/m3","UHF34","304","Upper West Side","2024","2024-01-01T00:00:00.000","6.750966806",
"980510","1435","Ozone (O3)","Summer mean","ppb","CD","203","Morrisania and Crotona (CD3)","2024","2024-01-01T00:00:00.000","33.05631361",
"980514","1435","Ozone (O3)","Summer mean","ppb","CD","207","Kingsbridge Heights and Bedford (CD7)","2024","2024-01-01T00:00:00.000","33.31107745",
"980517","1435","Ozone (O3)","Summer mean","ppb","CD","210","Throgs Neck and Co-op City (CD10)","2024","2024-01-01T00:00:00.000","34.5413638",
"980523","1435","Ozone (O3)","Summer mean","ppb","CD","304","Bushwick (CD4)","2024","2024-01-01T00:00:00.000","34.1891424",
"980526","1435","Ozone (O3)","Summer mean","ppb","CD","307","Sunset Park (CD7)","2024","2024-01-01T00:00:00.000","32.61248936",
"980530","1435","Ozone (O3)","Summer mean","ppb","CD","311","Bensonhurst (CD11)","2024","2024-01-01T00:00:00.000","34.8146924",
"980533","1435","Ozone (O3)","Summer mean","ppb","CD","314","Flatbush and Midwood (CD14)","2024","2024-01-01T00:00:00.000","34.07473191",
"980538","1435","Ozone (O3)","Summer mean","ppb","CD","401","Long Island City and Astoria (CD1)","2024","2024-01-01T00:00:00.000","34.06038425",
"980541","1435","Ozone (O3)","Summer mean","ppb","CD","404","Elmhurst and Corona (CD4)","2024","2024-01-01T00:00:00.000","33.90433942",
"980545","1435","Ozone (O3)","Summer mean","ppb","CD","408","Hillcrest and Fresh Meadows (CD8)","2024","2024-01-01T00:00:00.000","33.98658579",
"980548","1435","Ozone (O3)","Summer mean","ppb","CD","411","Bayside and Little Neck (CD11)","2024","2024-01-01T00:00:00.000","34.07478247",
"979201","1427","Fine particles (PM 2.5)","Winter mean","mcg/m3","UHF34","207","East Flatbush - Flatbush","2024","2024-01-01T00:00:00.000","6.129437285",
"979200","1427","Fine particles (PM 2.5)","Winter mean","mcg/m3","UHF34","206","Borough Park","2024","2024-01-01T00:00:00.000","6.206390253",
"979147","1425","Fine particles (PM 2.5)","Annual mean","mcg/m3","CD","208","Riverdale and Fieldston (CD8)","2024","2024-01-01T00:00:00.000","6.333094323",
"979193","1427","Fine particles (PM 2.5)","Winter mean","mcg/m3","UHF34","103","Fordham - Bronx Pk","2024","2024-01-01T00:00:00.000","6.054759675",
"980488","1435","Ozone (O3)","Summer mean","ppb","UHF42","101","Kingsbridge - Riverdale","2024","2024-01-01T00:00:00.000","32.33001788",
"979220","1425","Fine particles (PM 2.5)","Annual mean","mcg/m3","UHF34","210","Coney Island - Sheepshead Bay","2024","2024-01-01T00:00:00.000","5.898864232",
"979185","1425","Fine particles (PM 2.5)","Annual mean","mcg/m3","UHF34","302","Central Harlem - Morningside Heights","2024","2024-01-01T00:00:00.000","6.848424569",
"979233","1425","Fine particles (PM 2.5)","Annual mean","mcg/m3","UHF34","101","Kingsbridge - Riverdale","2024","2024-01-01T00:00:00.000","6.334203347",
"980261","1432","Nitrogen dioxide (NO2)","Summer mean","ppb","UHF34","209","Bensonhurst - Bay Ridge","2024","2024-01-01T00:00:00.000","11.66597241",
"980500","1435","Ozone (O3)","Summer mean","ppb","CD","105","Midtown (CD5)","2024","2024-01-01T00:00:00.000","27.13560264",
"980505","1435","Ozone (O3)","Summer mean","ppb","CD","110","Central Harlem (CD10)","2024","2024-01-01T00:00:00.000","31.96820516",
"980511","1435","Ozone (O3)","Summer mean","ppb","CD","204","Highbridge and Concourse (CD4)","2024","2024-01-01T00:00:00.000","32.44613579",
"980513","1435","Ozone (O3)","Summer mean","ppb","CD","206","Belmont and East Tremont (CD6)","2024","2024-01-01T00:00:00.000","33.19831395",
"980516","1435","Ozone (O3)","Summer mean","ppb","CD","209","Parkchester and Soundview (CD9)","2024","2024-01-01T00:00:00.000","33.72837192",
"980525","1435","Ozone (O3)","Summer mean","ppb","CD","306","Park Slope and Carroll Gardens (CD6)","2024","2024-01-01T00:00:00.000","32.51458174",
"980528","1435","Ozone (O3)","Summer mean","ppb","CD","309","South Crown Heights and Lefferts Gardens (CD9)","2024","2024-01-01T00:00:00.000","34.05633843",
"979244","1425","Fine particles (PM 2.5)","Annual mean","mcg/m3","UHF42","404","Bayside - Little Neck","2024","2024-01-01T00:00:00.000","5.455466954",
"979199","1427","Fine particles (PM 2.5)","Winter mean","mcg/m3","UHF34","205","Sunset Park","2024","2024-01-01T00:00:00.000","6.857032155",
"980299","1432","Nitrogen dioxide (NO2)","Summer mean","ppb","UHF42","210","Coney Island - Sheepshead Bay","2024","2024-01-01T00:00:00.000","9.022628797",
"980276","1432","Nitrogen dioxide (NO2)","Summer mean","ppb","UHF42","502","Stapleton - St. George","2024","2024-01-01T00:00:00.000","11.17142469",
"979169","1425","Fine particles (PM 2.5)","Annual mean","mcg/m3","UHF34","503504","Southern SI","2024","2024-01-01T00:00:00.000","5.850896274",
"980546","1435","Ozone (O3)","Summer mean","ppb","CD","409","Kew Gardens and Woodhaven (CD9)","2024","2024-01-01T00:00:00.000","34.8744291",
"979206","1427","Fine particles (PM 2.5)","Winter mean","mcg/m3","UHF34","301","Washington Heights","2024","2024-01-01T00:00:00.000","6.517572227",
"979172","1425","Fine particles (PM 2.5)","Annual mean","mcg/m3","UHF34","309310","Union Square-Lower Manhattan","2024","2024-01-01T00:00:00.000","8.293931224",
"979164","1425","Fine particles (PM 2.5)","Annual mean","mcg/m3","CD","103","Lower East Side and Chinatown (CD3)","2024","2024-01-01T00:00:00.000","8.095914921",
"979156","1425","Fine particles (PM 2.5)","Annual mean","mcg/m3","CD","111","East Harlem (CD11)","2024","2024-01-01T00:00:00.000","6.683947531",
"979154","1425","Fine particles (PM 2.5)","Annual mean","mcg/m3","CD","201","Mott Haven and Melrose (CD1)","2024","2024-01-01T00:00:00.000","6.79537083",
"979146","1425","Fine particles (PM 2.5)","Annual mean","mcg/m3","CD","209","Parkchester and Soundview (CD9)","2024","2024-01-01T00:00:00.000","6.449908226",
"979188","1427","Fine particles (PM 2.5)","Winter mean","mcg/m3","UHF42","502","Stapleton - St. George","2024","2024-01-01T00:00:00.000","6.078050519",
"877051","1433","Nitrogen dioxide (NO2)","Winter mean","ppb","UHF34","403","Flushing - Clearview","2023","2023-01-01T00:00:00.000","18.93045334",
"877065","1432","Nitrogen dioxide (NO2)","Summer mean","ppb","UHF34","410","Rockaways","2023","2023-01-01T00:00:00.000","6.471941886",
"877062","1432","Nitrogen dioxide (NO2)","Summer mean","ppb","UHF34","409","Southeast Queens","2023","2023-01-01T00:00:00.000","10.27141027",
"877069","1433","Nitrogen dioxide (NO2)","Winter mean","ppb","UHF34","305307","Upper East Side-Gramercy","2023","2023-01-01T00:00:00.000","23.94121291",
"877088","1431","Nitrogen dioxide (NO2)","Annual mean","ppb","Citywide","1","New York City","2023","2023-01-01T00:00:00.000","15.51087278",
"877090","1433","Nitrogen dioxide (NO2)","Winter mean","ppb","Citywide","1","New York City","2023","2023-01-01T00:00:00.000","19.8247288",
"877087","1433","Nitrogen dioxide (NO2)","Winter mean","ppb","UHF34","105106107","South Bronx","2023","2023-01-01T00:00:00.000","21.77739196",
"877091","1431","Nitrogen dioxide (NO2)","Annual mean","ppb","CD","101","Financial District (CD1)","2023","2023-01-01T00:00:00.000","21.92361049",
"878252","1435","Ozone (O3)","Summer mean","ppb","Borough","1","Bronx","2023","2023-01-01T00:00:00.000","33.22314544",
"878248","1435","Ozone (O3)","Summer mean","ppb","Borough","5","Staten Island","2023","2023-01-01T00:00:00.000","34.99660591",
"874334","1427","Fine particles (PM 2.5)","Winter mean","mcg/m3","UHF42","202","Downtown - Heights - Slope","2023","2023-01-01T00:00:00.000","6.801170004",
"874338","1426","Fine particles (PM 2.5)","Summer mean","mcg/m3","UHF42","201","Greenpoint","2023","2023-01-01T00:00:00.000","9.490783626",
"878249","1435","Ozone (O3)","Summer mean","ppb","Borough","4","Queens","2023","2023-01-01T00:00:00.000","36.99164687",
"874331","1427","Fine particles (PM 2.5)","Winter mean","mcg/m3","UHF42","203","Bedford Stuyvesant - Crown Heights","2023","2023-01-01T00:00:00.000","6.433502307",
"874328","1427","Fine particles (PM 2.5)","Winter mean","mcg/m3","UHF42","204","East New York","2023","2023-01-01T00:00:00.000","6.284280262",
"874332","1426","Fine particles (PM 2.5)","Summer mean","mcg/m3","UHF42","203","Bedford Stuyvesant - Crown Heights","2023","2023-01-01T00:00:00.000","8.865704873",
"874324","1425","Fine particles (PM 2.5)","Annual mean","mcg/m3","UHF42","206","Borough Park","2023","2023-01-01T00:00:00.000","6.58301364",
"878250","1435","Ozone (O3)","Summer mean","ppb","Borough","3","Manhattan","2023","2023-01-01T00:00:00.000","30.17314447",
"878253","1435","Ozone (O3)","Summer mean","ppb","CD","502","South Beach and Willowbrook (CD2)","2023","2023-01-01T00:00:00.000","35.2123549",
"874321","1425","Fine particles (PM 2.5)","Annual mean","mcg/m3","UHF42","207","East Flatbush - Flatbush","2023","2023-01-01T00:00:00.000","6.575114657",
"874325","1427","Fine particles (PM 2.5)","Winter mean","mcg/m3","UHF42","205","Sunset Park","2023","2023-01-01T00:00:00.000","6.619823381",
"874333","1425","Fine particles (PM 2.5)","Annual mean","mcg/m3","UHF42","203","Bedford Stuyvesant - Crown Heights","2023","2023-01-01T00:00:00.000","6.819560152",
"874339","1425","Fine particles (PM 2.5)","Annual mean","mcg/m3","UHF42","201","Greenpoint","2023","2023-01-01T00:00:00.000","7.360784329",
"874316","1427","Fine particles (PM 2.5)","Winter mean","mcg/m3","UHF42","208","Canarsie - Flatlands","2023","2023-01-01T00:00:00.000","5.843269135",
"874313","1427","Fine particles (PM 2.5)","Winter mean","mcg/m3","UHF42","209","Bensonhurst - Bay Ridge","2023","2023-01-01T00:00:00.000","5.95217197",
"874317","1426","Fine particles (PM 2.5)","Summer mean","mcg/m3","UHF42","208","Canarsie - Flatlands","2023","2023-01-01T00:00:00.000","8.481373961",
"874309","1425","Fine particles (PM 2.5)","Annual mean","mcg/m3","UHF42","211","Williamsburg - Bushwick","2023","2023-01-01T00:00:00.000","7.22773619",
"874319","1427","Fine particles (PM 2.5)","Winter mean","mcg/m3","UHF42","207","East Flatbush - Flatbush","2023","2023-01-01T00:00:00.000","6.12954308",
"877094","1431","Nitrogen dioxide (NO2)","Annual mean","ppb","CD","102","Greenwich Village and Soho (CD2)","2023","2023-01-01T00:00:00.000","21.91195919",
"877075","1433","Nitrogen dioxide (NO2)","Winter mean","ppb","UHF34","309310","Union Square-Lower Manhattan","2023","2023-01-01T00:00:00.000","22.94060062",
"877071","1432","Nitrogen dioxide (NO2)","Summer mean","ppb","UHF34","306308","Chelsea-Village","2023","2023-01-01T00:00:00.000","20.93267044",
"877064","1431","Nitrogen dioxide (NO2)","Annual mean","ppb","UHF34","410","Rockaways","2023","2023-01-01T00:00:00.000","9.382766304",
"877059","1432","Nitrogen dioxide (NO2)","Summer mean","ppb","UHF34","408","Jamaica","2023","2023-01-01T00:00:00.000","11.25760293",
"877052","1431","Nitrogen dioxide (NO2)","Annual mean","ppb","UHF34","405","Ridgewood - Forest Hills","2023","2023-01-01T00:00:00.000","16.73212203",
"877046","1431","Nitrogen dioxide (NO2)","Annual mean","ppb","UHF34","402","West Queens","2023","2023-01-01T00:00:00.000","18.4099093",
"874320","1426","Fine particles (PM 2.5)","Summer mean","mcg/m3","UHF42","207","East Flatbush - Flatbush","2023","2023-01-01T00:00:00.000","8.611497961",
"874310","1427","Fine particles (PM 2.5)","Winter mean","mcg/m3","UHF42","210","Coney Island - Sheepshead Bay","2023","2023-01-01T00:00:00.000","5.784986933",
"874341","1426","Fine particles (PM 2.5)","Summer mean","mcg/m3","UHF42","107","Hunts Point - Mott Haven","2023","2023-01-01T00:00:00.000","9.515300705",
"874318","1425","Fine particles (PM 2.5)","Annual mean","mcg/m3","UHF42","208","Canarsie - Flatlands","2023","2023-01-01T00:00:00.000","6.421526367",
"874340","1427","Fine particles (PM 2.5)","Winter mean","mcg/m3","UHF42","107","Hunts Point - Mott Haven","2023","2023-01-01T00:00:00.000","6.746809888",
"874323","1426","Fine particles (PM 2.5)","Summer mean","mcg/m3","UHF42","206","Borough Park","2023","2023-01-01T00:00:00.000","8.616311108",
"874326","1426","Fine particles (PM 2.5)","Summer mean","mcg/m3","UHF42","205","Sunset Park","2023","2023-01-01T00:00:00.000","9.149134113",
"874330","1425","Fine particles (PM 2.5)","Annual mean","mcg/m3","UHF42","204","East New York","2023","2023-01-01T00:00:00.000","6.78513582",
"874315","1425","Fine particles (PM 2.5)","Annual mean","mcg/m3","UHF42","209","Bensonhurst - Bay Ridge","2023","2023-01-01T00:00:00.000","6.474937547",
"874322","1427","Fine particles (PM 2.5)","Winter mean","mcg/m3","UHF42","206","Borough Park","2023","2023-01-01T00:00:00.000","6.105061444",
"874314","1426","Fine particles (PM 2.5)","Summer mean","mcg/m3","UHF42","209","Bensonhurst - Bay Ridge","2023","2023-01-01T00:00:00.000","8.502404761",
"874329","1426","Fine particles (PM 2.5)","Summer mean","mcg/m3","UHF42","204","East New York","2023","2023-01-01T00:00:00.000","8.878918851",
"874337","1427","Fine particles (PM 2.5)","Winter mean","mcg/m3","UHF42","201","Greenpoint","2023","2023-01-01T00:00:00.000","6.968784799",
"874327","1425","Fine particles (PM 2.5)","Annual mean","mcg/m3","UHF42","205","Sunset Park","2023","2023-01-01T00:00:00.000","7.082294009",
"874312","1425","Fine particles (PM 2.5)","Annual mean","mcg/m3","UHF42","210","Coney Island - Sheepshead Bay","2023","2023-01-01T00:00:00.000","6.353517613",
"878254","1435","Ozone (O3)","Summer mean","ppb","CD","503","Tottenville and Great Kills (CD3)","2023","2023-01-01T00:00:00.000","36.45438978",
"878251","1435","Ozone (O3)","Summer mean","ppb","Borough","2","Brooklyn","2023","2023-01-01T00:00:00.000","36.81153782",
"874311","1426","Fine particles (PM 2.5)","Summer mean","mcg/m3","UHF42","210","Coney Island - Sheepshead Bay","2023","2023-01-01T00:00:00.000","8.334285294",
"877084","1433","Nitrogen dioxide (NO2)","Winter mean","ppb","UHF34","503504","Southern SI","2023","2023-01-01T00:00:00.000","16.28567959",
"877083","1432","Nitrogen dioxide (NO2)","Summer mean","ppb","UHF34","503504","Southern SI","2023","2023-01-01T00:00:00.000","7.913673334",
"877077","1432","Nitrogen dioxide (NO2)","Summer mean","ppb","UHF34","404406","Bayside Little Neck-Fresh Meadows","2023","2023-01-01T00:00:00.000","10.0595772",
"877061","1431","Nitrogen dioxide (NO2)","Annual mean","ppb","UHF34","409","Southeast Queens","2023","2023-01-01T00:00:00.000","14.68916203",
"877078","1433","Nitrogen dioxide (NO2)","Winter mean","ppb","UHF34","404406","Bayside Little Neck-Fresh Meadows","2023","2023-01-01T00:00:00.000","18.15226975",
"877049","1431","Nitrogen dioxide (NO2)","Annual mean","ppb","UHF34","403","Flushing - Clearview","2023","2023-01-01T00:00:00.000","15.32958272",
"877058","1431","Nitrogen dioxide (NO2)","Annual mean","ppb","UHF34","408","Jamaica","2023","2023-01-01T00:00:00.000","15.43233772",
"874308","1426","Fine particles (PM 2.5)","Summer mean","mcg/m3","UHF42","211","Williamsburg - Bushwick","2023","2023-01-01T00:00:00.000","9.266873894",
"874353","1426","Fine particles (PM 2.5)","Summer mean","mcg/m3","UHF42","103","Fordham - Bronx Pk","2023","2023-01-01T00:00:00.000","9.228735232",
"874357","1425","Fine particles (PM 2.5)","Annual mean","mcg/m3","UHF42","102","Northeast Bronx","2023","2023-01-01T00:00:00.000","6.809305105",
"874354","1425","Fine particles (PM 2.5)","Annual mean","mcg/m3","UHF42","103","Fordham - Bronx Pk","2023","2023-01-01T00:00:00.000","6.836602443",
"874361","1427","Fine particles (PM 2.5)","Winter mean","mcg/m3","Borough","5","Staten Island","2023","2023-01-01T00:00:00.000","5.524703991",
"874371","1426","Fine particles (PM 2.5)","Summer mean","mcg/m3","Borough","2","Brooklyn","2023","2023-01-01T00:00:00.000","8.776138037",
"874368","1426","Fine particles (PM 2.5)","Summer mean","mcg/m3","Borough","3","Manhattan","2023","2023-01-01T00:00:00.000","9.34171697",
"874360","1425","Fine particles (PM 2.5)","Annual mean","mcg/m3","UHF42","101","Kingsbridge - Riverdale","2023","2023-01-01T00:00:00.000","6.800834953",
"874376","1427","Fine particles (PM 2.5)","Winter mean","mcg/m3","UHF34","211","Williamsburg - Bushwick","2023","2023-01-01T00:00:00.000","6.918133058",
"874386","1426","Fine particles (PM 2.5)","Summer mean","mcg/m3","UHF34","208","Canarsie - Flatlands","2023","2023-01-01T00:00:00.000","8.481373961",
"874375","1425","Fine particles (PM 2.5)","Annual mean","mcg/m3","Borough","1","Bronx","2023","2023-01-01T00:00:00.000","6.904676852",
"874390","1425","Fine particles (PM 2.5)","Annual mean","mcg/m3","UHF34","207","East Flatbush - Flatbush","2023","2023-01-01T00:00:00.000","6.575114657",
"874394","1427","Fine particles (PM 2.5)","Winter mean","mcg/m3","UHF34","205","Sunset Park","2023","2023-01-01T00:00:00.000","6.619944446",
"874387","1425","Fine particles (PM 2.5)","Annual mean","mcg/m3","UHF34","208","Canarsie - Flatlands","2023","2023-01-01T00:00:00.000","6.421526367",
"874372","1425","Fine particles (PM 2.5)","Annual mean","mcg/m3","Borough","2","Brooklyn","2023","2023-01-01T00:00:00.000","6.730894136",
"874403","1427","Fine particles (PM 2.5)","Winter mean","mcg/m3","UHF34","202","Downtown - Heights - Slope","2023","2023-01-01T00:00:00.000","6.801170004",
"874410","1426","Fine particles (PM 2.5)","Summer mean","mcg/m3","UHF34","104","Pelham - Throgs Neck","2023","2023-01-01T00:00:00.000","9.229392964",
"874414","1425","Fine particles (PM 2.5)","Annual mean","mcg/m3","UHF34","103","Fordham - Bronx Pk","2023","2023-01-01T00:00:00.000","6.836602443",
"874416","1426","Fine particles (PM 2.5)","Summer mean","mcg/m3","UHF34","102","Northeast Bronx","2023","2023-01-01T00:00:00.000","9.237951308",
"874411","1425","Fine particles (PM 2.5)","Annual mean","mcg/m3","UHF34","104","Pelham - Throgs Neck","2023","2023-01-01T00:00:00.000","6.882374275",
"874400","1427","Fine particles (PM 2.5)","Winter mean","mcg/m3","UHF34","203","Bedford Stuyvesant - Crown Heights","2023","2023-01-01T00:00:00.000","6.433502307",
"874426","1425","Fine particles (PM 2.5)","Annual mean","mcg/m3","UHF42","503","Willowbrook","2023","2023-01-01T00:00:00.000","6.286520688",
"874422","1426","Fine particles (PM 2.5)","Summer mean","mcg/m3","UHF42","504","South Beach - Tottenville","2023","2023-01-01T00:00:00.000","8.221625406",
"874342","1425","Fine particles (PM 2.5)","Annual mean","mcg/m3","UHF42","107","Hunts Point - Mott Haven","2023","2023-01-01T00:00:00.000","7.159500847",
"874421","1427","Fine particles (PM 2.5)","Winter mean","mcg/m3","UHF42","504","South Beach - Tottenville","2023","2023-01-01T00:00:00.000","5.33923052",
"874399","1425","Fine particles (PM 2.5)","Annual mean","mcg/m3","UHF34","204","East New York","2023","2023-01-01T00:00:00.000","6.78513582",
"874307","1427","Fine particles (PM 2.5)","Winter mean","mcg/m3","UHF42","211","Williamsburg - Bushwick","2023","2023-01-01T00:00:00.000","6.918133058",
"878242","1435","Ozone (O3)","Summer mean","ppb","UHF42","106","High Bridge - Morrisania","2023","2023-01-01T00:00:00.000","32.13694571",
"878243","1435","Ozone (O3)","Summer mean","ppb","UHF42","105","Crotona - Tremont","2023","2023-01-01T00:00:00.000","32.15024536",
"878245","1435","Ozone (O3)","Summer mean","ppb","UHF42","103","Fordham - Bronx Pk","2023","2023-01-01T00:00:00.000","32.31051756",
"878244","1435","Ozone (O3)","Summer mean","ppb","UHF42","104","Pelham - Throgs Neck","2023","2023-01-01T00:00:00.000","34.91689947",
"878237","1435","Ozone (O3)","Summer mean","ppb","UHF42","204","East New York","2023","2023-01-01T00:00:00.000","36.31450852",
"878238","1435","Ozone (O3)","Summer mean","ppb","UHF42","203","Bedford Stuyvesant - Crown Heights","2023","2023-01-01T00:00:00.000","36.15812507",
"878239","1435","Ozone (O3)","Summer mean","ppb","UHF42","202","Downtown - Heights - Slope","2023","2023-01-01T00:00:00.000","33.86869045",
"878236","1435","Ozone (O3)","Summer mean","ppb","UHF42","205","Sunset Park","2023","2023-01-01T00:00:00.000","34.50967942",
"874445","1427","Fine particles (PM 2.5)","Winter mean","mcg/m3","UHF42","406","Fresh Meadows","2023","2023-01-01T00:00:00.000","5.874276315",
"878233","1435","Ozone (O3)","Summer mean","ppb","UHF42","208","Canarsie - Flatlands","2023","2023-01-01T00:00:00.000","38.29501816",
"878234","1435","Ozone (O3)","Summer mean","ppb","UHF42","207","East Flatbush - Flatbush","2023","2023-01-01T00:00:00.000","37.25838607",
"878240","1435","Ozone (O3)","Summer mean","ppb","UHF42","201","Greenpoint","2023","2023-01-01T00:00:00.000","33.7542222",
"878235","1435","Ozone (O3)","Summer mean","ppb","UHF42","206","Borough Park","2023","2023-01-01T00:00:00.000","37.40360507",
"874455","1426","Fine particles (PM 2.5)","Summer mean","mcg/m3","UHF42","403","Flushing - Clearview","2023","2023-01-01T00:00:00.000","8.899225982",
"878230","1435","Ozone (O3)","Summer mean","ppb","UHF42","211","Williamsburg - Bushwick","2023","2023-01-01T00:00:00.000","35.49941831",
"874453","1425","Fine particles (PM 2.5)","Annual mean","mcg/m3","UHF42","404","Bayside - Little Neck","2023","2023-01-01T00:00:00.000","6.483274289",
"878231","1435","Ozone (O3)","Summer mean","ppb","UHF42","210","Coney Island - Sheepshead Bay","2023","2023-01-01T00:00:00.000","40.41763987",
"878228","1435","Ozone (O3)","Summer mean","ppb","UHF42","302","Central Harlem - Morningside Heights","2023","2023-01-01T00:00:00.000","31.47180591",
"874456","1425","Fine particles (PM 2.5)","Annual mean","mcg/m3","UHF42","403","Flushing - Clearview","2023","2023-01-01T00:00:00.000","6.679315199",
"878225","1435","Ozone (O3)","Summer mean","ppb","UHF42","305","Upper East Side","2023","2023-01-01T00:00:00.000","31.2445346",
"878246","1435","Ozone (O3)","Summer mean","ppb","UHF42","102","Northeast Bronx","2023","2023-01-01T00:00:00.000","33.69356145",
"874460","1427","Fine particles (PM 2.5)","Winter mean","mcg/m3","UHF42","401","Long Island City - Astoria","2023","2023-01-01T00:00:00.000","6.882464971",
"878227","1435","Ozone (O3)","Summer mean","ppb","UHF42","303","East Harlem","2023","2023-01-01T00:00:00.000","32.00898429",
"878232","1435","Ozone (O3)","Summer mean","ppb","UHF42","209","Bensonhurst - Bay Ridge","2023","2023-01-01T00:00:00.000","37.30085065",
"878241","1435","Ozone (O3)","Summer mean","ppb","UHF42","107","Hunts Point - Mott Haven","2023","2023-01-01T00:00:00.000","33.38337979",
"874459","1425","Fine particles (PM 2.5)","Annual mean","mcg/m3","UHF42","402","West Queens","2023","2023-01-01T00:00:00.000","7.068291669",
"874449","1426","Fine particles (PM 2.5)","Summer mean","mcg/m3","UHF42","405","Ridgewood - Forest Hills","2023","2023-01-01T00:00:00.000","8.875708042",
"874469","1427","Fine particles (PM 2.5)","Winter mean","mcg/m3","UHF42","308","Greenwich Village - SoHo","2023","2023-01-01T00:00:00.000","8.105953974",
"878220","1435","Ozone (O3)","Summer mean","ppb","UHF42","310","Lower Manhattan","2023","2023-01-01T00:00:00.000","29.88823161",
"878221","1435","Ozone (O3)","Summer mean","ppb","UHF42","309","Union Square - Lower East Side","2023","2023-01-01T00:00:00.000","31.00497205",
"874472","1427","Fine particles (PM 2.5)","Winter mean","mcg/m3","UHF42","307","Gramercy Park - Murray Hill","2023","2023-01-01T00:00:00.000","7.942470191",
"878218","1435","Ozone (O3)","Summer mean","ppb","UHF42","402","West Queens","2023","2023-01-01T00:00:00.000","34.3659895",
"878214","1435","Ozone (O3)","Summer mean","ppb","UHF42","406","Fresh Meadows","2023","2023-01-01T00:00:00.000","36.91926086",
"878215","1435","Ozone (O3)","Summer mean","ppb","UHF42","405","Ridgewood - Forest Hills","2023","2023-01-01T00:00:00.000","35.74608194",
"874475","1427","Fine particles (PM 2.5)","Winter mean","mcg/m3","UHF42","306","Chelsea - Clinton","2023","2023-01-01T00:00:00.000","8.367823453",
"878212","1435","Ozone (O3)","Summer mean","ppb","UHF42","408","Jamaica","2023","2023-01-01T00:00:00.000","37.42089146",
"878216","1435","Ozone (O3)","Summer mean","ppb","UHF42","404","Bayside - Little Neck","2023","2023-01-01T00:00:00.000","36.88953233",
"878222","1435","Ozone (O3)","Summer mean","ppb","UHF42","308","Greenwich Village - SoHo","2023","2023-01-01T00:00:00.000","29.05630081",
"874474","1425","Fine particles (PM 2.5)","Annual mean","mcg/m3","UHF42","307","Gramercy Park - Murray Hill","2023","2023-01-01T00:00:00.000","7.7551795",
"878208","1435","Ozone (O3)","Summer mean","ppb","UHF42","502","Stapleton - St. George","2023","2023-01-01T00:00:00.000","33.37983804",
"878209","1435","Ozone (O3)","Summer mean","ppb","UHF42","501","Port Richmond","2023","2023-01-01T00:00:00.000","32.56097611",
"878205","1435","Ozone (O3)","Summer mean","ppb","UHF34","101","Kingsbridge - Riverdale","2023","2023-01-01T00:00:00.000","29.39652856",
"878203","1435","Ozone (O3)","Summer mean","ppb","UHF34","103","Fordham - Bronx Pk","2023","2023-01-01T00:00:00.000","32.31051756",
"878204","1435","Ozone (O3)","Summer mean","ppb","UHF34","102","Northeast Bronx","2023","2023-01-01T00:00:00.000","33.69362355",
"878210","1435","Ozone (O3)","Summer mean","ppb","UHF42","410","Rockaways","2023","2023-01-01T00:00:00.000","43.33287409",
"874481","1427","Fine particles (PM 2.5)","Winter mean","mcg/m3","UHF42","304","Upper West Side","2023","2023-01-01T00:00:00.000","6.434470082",
"878198","1435","Ozone (O3)","Summer mean","ppb","UHF34","204","East New York","2023","2023-01-01T00:00:00.000","36.31450852",
"878195","1435","Ozone (O3)","Summer mean","ppb","UHF34","207","East Flatbush - Flatbush","2023","2023-01-01T00:00:00.000","37.25838607",
"878199","1435","Ozone (O3)","Summer mean","ppb","UHF34","203","Bedford Stuyvesant - Crown Heights","2023","2023-01-01T00:00:00.000","36.15812507",
"878211","1435","Ozone (O3)","Summer mean","ppb","UHF42","409","Southeast Queens","2023","2023-01-01T00:00:00.000","38.18201497",
"878223","1435","Ozone (O3)","Summer mean","ppb","UHF42","307","Gramercy Park - Murray Hill","2023","2023-01-01T00:00:00.000","29.47284974",
"878193","1435","Ozone (O3)","Summer mean","ppb","UHF34","209","Bensonhurst - Bay Ridge","2023","2023-01-01T00:00:00.000","37.30085065",
"874484","1427","Fine particles (PM 2.5)","Winter mean","mcg/m3","UHF42","303","East Harlem","2023","2023-01-01T00:00:00.000","6.519113142",
"874480","1425","Fine particles (PM 2.5)","Annual mean","mcg/m3","UHF42","305","Upper East Side","2023","2023-01-01T00:00:00.000","6.983049971",
"874463","1427","Fine particles (PM 2.5)","Winter mean","mcg/m3","UHF42","310","Lower Manhattan","2023","2023-01-01T00:00:00.000","7.293051822",
"878188","1435","Ozone (O3)","Summer mean","ppb","UHF34","303","East Harlem","2023","2023-01-01T00:00:00.000","32.00898429",
"878185","1435","Ozone (O3)","Summer mean","ppb","UHF34","402","West Queens","2023","2023-01-01T00:00:00.000","34.3659895",
"874492","1425","Fine particles (PM 2.5)","Annual mean","mcg/m3","UHF42","301","Washington Heights","2023","2023-01-01T00:00:00.000","6.983812181",
"878183","1435","Ozone (O3)","Summer mean","ppb","UHF34","405","Ridgewood - Forest Hills","2023","2023-01-01T00:00:00.000","35.74608194",
"878184","1435","Ozone (O3)","Summer mean","ppb","UHF34","403","Flushing - Clearview","2023","2023-01-01T00:00:00.000","36.69427293",
"878190","1435","Ozone (O3)","Summer mean","ppb","UHF34","301","Washington Heights","2023","2023-01-01T00:00:00.000","29.97249115",
"878178","1435","Ozone (O3)","Summer mean","ppb","UHF34","305307","Upper East Side-Gramercy","2023","2023-01-01T00:00:00.000","30.41343596",
"878175","1435","Ozone (O3)","Summer mean","ppb","UHF34","404406","Bayside Little Neck-Fresh Meadows","2023","2023-01-01T00:00:00.000","36.8959209",
"878179","1435","Ozone (O3)","Summer mean","ppb","UHF34","410","Rockaways","2023","2023-01-01T00:00:00.000","43.33287409",
"878172","1435","Ozone (O3)","Summer mean","ppb","UHF34","105106107","South Bronx","2023","2023-01-01T00:00:00.000","32.66163839",
"878180","1435","Ozone (O3)","Summer mean","ppb","UHF34","409","Southeast Queens","2023","2023-01-01T00:00:00.000","38.18155438",
"878173","1435","Ozone (O3)","Summer mean","ppb","UHF34","503504","Southern SI","2023","2023-01-01T00:00:00.000","35.80713329",
"878191","1435","Ozone (O3)","Summer mean","ppb","UHF34","211","Williamsburg - Bushwick","2023","2023-01-01T00:00:00.000","35.49941831",
"874493","1426","Fine particles (PM 2.5)","Summer mean","mcg/m3","CD","201","Mott Haven and Melrose (CD1)","2023","2023-01-01T00:00:00.000","9.493704165",
"878166","1435","Ozone (O3)","Summer mean","ppb","CD","105","Midtown (CD5)","2023","2023-01-01T00:00:00.000","28.43469638",
"878163","1435","Ozone (O3)","Summer mean","ppb","CD","108","Upper East Side (CD8)","2023","2023-01-01T00:00:00.000","31.22267347",
"878167","1435","Ozone (O3)","Summer mean","ppb","CD","104","Clinton and Chelsea (CD4)","2023","2023-01-01T00:00:00.000","28.47102781",
"878160","1435","Ozone (O3)","Summer mean","ppb","CD","111","East Harlem (CD11)","2023","2023-01-01T00:00:00.000","31.93767785",
"878157","1435","Ozone (O3)","Summer mean","ppb","CD","202","Hunts Point and Longwood (CD2)","2023","2023-01-01T00:00:00.000","33.48798478",
"878161","1435","Ozone (O3)","Summer mean","ppb","CD","110","Central Harlem (CD10)","2023","2023-01-01T00:00:00.000","31.79455487",
"878168","1435","Ozone (O3)","Summer mean","ppb","CD","103","Lower East Side and Chinatown (CD3)","2023","2023-01-01T00:00:00.000","31.25788895",
"878153","1435","Ozone (O3)","Summer mean","ppb","CD","206","Belmont and East Tremont (CD6)","2023","2023-01-01T00:00:00.000","32.73465101",
"878154","1435","Ozone (O3)","Summer mean","ppb","CD","205","Fordham and University Heights (CD5)","2023","2023-01-01T00:00:00.000","31.7873767",
"878224","1435","Ozone (O3)","Summer mean","ppb","UHF42","306","Chelsea - Clinton","2023","2023-01-01T00:00:00.000","28.35317493",
"878169","1435","Ozone (O3)","Summer mean","ppb","CD","102","Greenwich Village and Soho (CD2)","2023","2023-01-01T00:00:00.000","28.97905331",
"878192","1435","Ozone (O3)","Summer mean","ppb","UHF34","210","Coney Island - Sheepshead Bay","2023","2023-01-01T00:00:00.000","40.41763987",
"878155","1435","Ozone (O3)","Summer mean","ppb","CD","204","Highbridge and Concourse (CD4)","2023","2023-01-01T00:00:00.000","31.89345109",
"878247","1435","Ozone (O3)","Summer mean","ppb","UHF42","101","Kingsbridge - Riverdale","2023","2023-01-01T00:00:00.000","29.39652856",
"874486","1425","Fine particles (PM 2.5)","Annual mean","mcg/m3","UHF42","303","East Harlem","2023","2023-01-01T00:00:00.000","6.902077131",
"874462","1425","Fine particles (PM 2.5)","Annual mean","mcg/m3","UHF42","401","Long Island City - Astoria","2023","2023-01-01T00:00:00.000","7.254343634",
"874336","1425","Fine particles (PM 2.5)","Annual mean","mcg/m3","UHF42","202","Downtown - Heights - Slope","2023","2023-01-01T00:00:00.000","7.157937732",
"878142","1435","Ozone (O3)","Summer mean","ppb","CD","412","Jamaica and Hollis (CD12)","2023","2023-01-01T00:00:00.000","37.63691568",
"878139","1435","Ozone (O3)","Summer mean","ppb","CD","409","Kew Gardens and Woodhaven (CD9)","2023","2023-01-01T00:00:00.000","36.77790716",
"878143","1435","Ozone (O3)","Summer mean","ppb","CD","413","Queens Village (CD13)","2023","2023-01-01T00:00:00.000","38.25394831",
"878135","1435","Ozone (O3)","Summer mean","ppb","CD","405","Ridgewood and Maspeth (CD5)","2023","2023-01-01T00:00:00.000","35.46425332",
"878132","1435","Ozone (O3)","Summer mean","ppb","CD","402","Woodside and Sunnyside (CD2)","2023","2023-01-01T00:00:00.000","33.53542984",
"878136","1435","Ozone (O3)","Summer mean","ppb","CD","406","Rego Park and Forest Hills (CD6)","2023","2023-01-01T00:00:00.000","35.68088238",
"878144","1435","Ozone (O3)","Summer mean","ppb","CD","414","Rockaway and Broad Channel (CD14)","2023","2023-01-01T00:00:00.000","43.40081576",
"878127","1435","Ozone (O3)","Summer mean","ppb","CD","315","Sheepshead Bay (CD15)","2023","2023-01-01T00:00:00.000","40.00347748",
"878124","1435","Ozone (O3)","Summer mean","ppb","CD","312","Borough Park (CD12)","2023","2023-01-01T00:00:00.000","37.22655011",
"878128","1435","Ozone (O3)","Summer mean","ppb","CD","316","Brownsville (CD16)","2023","2023-01-01T00:00:00.000","36.35684649",
"878120","1435","Ozone (O3)","Summer mean","ppb","CD","308","Crown Heights and Prospect Heights (CD8)","2023","2023-01-01T00:00:00.000","36.06213115",
"878117","1435","Ozone (O3)","Summer mean","ppb","CD","305","East New York and Starrett City (CD5)","2023","2023-01-01T00:00:00.000","36.56098667",
"878121","1435","Ozone (O3)","Summer mean","ppb","CD","309","South Crown Heights and Lefferts Gardens (CD9)","2023","2023-01-01T00:00:00.000","36.97711285",
"878129","1435","Ozone (O3)","Summer mean","ppb","CD","317","East Flatbush (CD17)","2023","2023-01-01T00:00:00.000","37.1586567",
"878145","1435","Ozone (O3)","Summer mean","ppb","CD","501","St. George and Stapleton (CD1)","2023","2023-01-01T00:00:00.000","32.37391856",
"877265","1431","Nitrogen dioxide (NO2)","Annual mean","ppb","CD","503","Tottenville and Great Kills (CD3)","2023","2023-01-01T00:00:00.000","10.33265438",
"877262","1431","Nitrogen dioxide (NO2)","Annual mean","ppb","CD","502","South Beach and Willowbrook (CD2)","2023","2023-01-01T00:00:00.000","12.66148518",
"877266","1432","Nitrogen dioxide (NO2)","Summer mean","ppb","CD","503","Tottenville and Great Kills (CD3)","2023","2023-01-01T00:00:00.000","7.724766395",
"877258","1433","Nitrogen dioxide (NO2)","Winter mean","ppb","CD","414","Rockaway and Broad Channel (CD14)","2023","2023-01-01T00:00:00.000","11.87774283",
"877255","1433","Nitrogen dioxide (NO2)","Winter mean","ppb","CD","413","Queens Village (CD13)","2023","2023-01-01T00:00:00.000","17.795487",
"877259","1431","Nitrogen dioxide (NO2)","Annual mean","ppb","CD","501","St. George and Stapleton (CD1)","2023","2023-01-01T00:00:00.000","16.60612272",
"877267","1433","Nitrogen dioxide (NO2)","Winter mean","ppb","CD","503","Tottenville and Great Kills (CD3)","2023","2023-01-01T00:00:00.000","15.79876836",
"877250","1431","Nitrogen dioxide (NO2)","Annual mean","ppb","CD","412","Jamaica and Hollis (CD12)","2023","2023-01-01T00:00:00.000","15.38690275",
"877247","1431","Nitrogen dioxide (NO2)","Annual mean","ppb","CD","411","Bayside and Little Neck (CD11)","2023","2023-01-01T00:00:00.000","14.91951698",
"874504","1427","Fine particles (PM 2.5)","Winter mean","mcg/m3","CD","109","Morningside Heights and Hamilton Heights (CD9)","2023","2023-01-01T00:00:00.000","6.607284157",
"878146","1435","Ozone (O3)","Summer mean","ppb","CD","301","Greenpoint and Williamsburg (CD1)","2023","2023-01-01T00:00:00.000","34.03985644",
"877252","1433","Nitrogen dioxide (NO2)","Winter mean","ppb","CD","412","Jamaica and Hollis (CD12)","2023","2023-01-01T00:00:00.000","19.65709701",
"877246","1433","Nitrogen dioxide (NO2)","Winter mean","ppb","CD","410","South Ozone Park and Howard Beach (CD10)","2023","2023-01-01T00:00:00.000","20.12028627",
"878114","1435","Ozone (O3)","Summer mean","ppb","CD","302","Fort Greene and Brooklyn Heights (CD2)","2023","2023-01-01T00:00:00.000","33.40842626",
"874507","1427","Fine particles (PM 2.5)","Winter mean","mcg/m3","CD","108","Upper East Side (CD8)","2023","2023-01-01T00:00:00.000","6.674952441",
"874503","1425","Fine particles (PM 2.5)","Annual mean","mcg/m3","CD","110","Central Harlem (CD10)","2023","2023-01-01T00:00:00.000","6.90482808",
"874518","1425","Fine particles (PM 2.5)","Annual mean","mcg/m3","CD","105","Midtown (CD5)","2023","2023-01-01T00:00:00.000","8.371853034",
"877240","1433","Nitrogen dioxide (NO2)","Winter mean","ppb","CD","408","Hillcrest and Fresh Meadows (CD8)","2023","2023-01-01T00:00:00.000","19.19508125",
"874525","1427","Fine particles (PM 2.5)","Winter mean","mcg/m3","CD","102","Greenwich Village and Soho (CD2)","2023","2023-01-01T00:00:00.000","8.420231916",
"877239","1432","Nitrogen dioxide (NO2)","Summer mean","ppb","CD","408","Hillcrest and Fresh Meadows (CD8)","2023","2023-01-01T00:00:00.000","10.57451486",
"874526","1426","Fine particles (PM 2.5)","Summer mean","mcg/m3","CD","102","Greenwich Village and Soho (CD2)","2023","2023-01-01T00:00:00.000","9.640345698",
"874519","1427","Fine particles (PM 2.5)","Winter mean","mcg/m3","CD","104","Clinton and Chelsea (CD4)","2023","2023-01-01T00:00:00.000","7.906916789",
"874531","1427","Fine particles (PM 2.5)","Winter mean","mcg/m3","Citywide","1","New York City","2023","2023-01-01T00:00:00.000","6.149905318",
"877237","1433","Nitrogen dioxide (NO2)","Winter mean","ppb","CD","407","Flushing and Whitestone (CD7)","2023","2023-01-01T00:00:00.000","19.06374469",
"874529","1426","Fine particles (PM 2.5)","Summer mean","mcg/m3","CD","101","Financial District (CD1)","2023","2023-01-01T00:00:00.000","9.239338959",
"877236","1432","Nitrogen dioxide (NO2)","Summer mean","ppb","CD","407","Flushing and Whitestone (CD7)","2023","2023-01-01T00:00:00.000","11.33369132",
"877242","1432","Nitrogen dioxide (NO2)","Summer mean","ppb","CD","409","Kew Gardens and Woodhaven (CD9)","2023","2023-01-01T00:00:00.000","12.29498083",
"874537","1427","Fine particles (PM 2.5)","Winter mean","mcg/m3","UHF34","503504","Southern SI","2023","2023-01-01T00:00:00.000","5.433213492",
"874509","1425","Fine particles (PM 2.5)","Annual mean","mcg/m3","CD","108","Upper East Side (CD8)","2023","2023-01-01T00:00:00.000","6.991796515",
"877233","1432","Nitrogen dioxide (NO2)","Summer mean","ppb","CD","406","Rego Park and Forest Hills (CD6)","2023","2023-01-01T00:00:00.000","12.58622382",
"877234","1433","Nitrogen dioxide (NO2)","Winter mean","ppb","CD","406","Rego Park and Forest Hills (CD6)","2023","2023-01-01T00:00:00.000","21.20605901",
"877232","1431","Nitrogen dioxide (NO2)","Annual mean","ppb","CD","406","Rego Park and Forest Hills (CD6)","2023","2023-01-01T00:00:00.000","16.40970406",
"877230","1432","Nitrogen dioxide (NO2)","Summer mean","ppb","CD","405","Ridgewood and Maspeth (CD5)","2023","2023-01-01T00:00:00.000","13.39077372",
"877229","1431","Nitrogen dioxide (NO2)","Annual mean","ppb","CD","405","Ridgewood and Maspeth (CD5)","2023","2023-01-01T00:00:00.000","17.62143341",
"877235","1431","Nitrogen dioxide (NO2)","Annual mean","ppb","CD","407","Flushing and Whitestone (CD7)","2023","2023-01-01T00:00:00.000","15.40700654",
"877243","1433","Nitrogen dioxide (NO2)","Winter mean","ppb","CD","409","Kew Gardens and Woodhaven (CD9)","2023","2023-01-01T00:00:00.000","21.48155697",
"878147","1435","Ozone (O3)","Summer mean","ppb","CD","212","Williamsbridge and Baychester (CD12)","2023","2023-01-01T00:00:00.000","32.92349671",
"877231","1433","Nitrogen dioxide (NO2)","Winter mean","ppb","CD","405","Ridgewood and Maspeth (CD5)","2023","2023-01-01T00:00:00.000","22.81228691",
"874498","1427","Fine particles (PM 2.5)","Winter mean","mcg/m3","CD","111","East Harlem (CD11)","2023","2023-01-01T00:00:00.000","6.53678612",
"877224","1432","Nitrogen dioxide (NO2)","Summer mean","ppb","CD","403","Jackson Heights (CD3)","2023","2023-01-01T00:00:00.000","14.44028402",
"877225","1433","Nitrogen dioxide (NO2)","Winter mean","ppb","CD","403","Jackson Heights (CD3)","2023","2023-01-01T00:00:00.000","20.85918499",
"877226","1431","Nitrogen dioxide (NO2)","Annual mean","ppb","CD","404","Elmhurst and Corona (CD4)","2023","2023-01-01T00:00:00.000","17.73760296",
"877223","1431","Nitrogen dioxide (NO2)","Annual mean","ppb","CD","403","Jackson Heights (CD3)","2023","2023-01-01T00:00:00.000","16.80409571",
"877227","1432","Nitrogen dioxide (NO2)","Summer mean","ppb","CD","404","Elmhurst and Corona (CD4)","2023","2023-01-01T00:00:00.000","14.38556501",
"877219","1433","Nitrogen dioxide (NO2)","Winter mean","ppb","CD","401","Long Island City and Astoria (CD1)","2023","2023-01-01T00:00:00.000","21.10840179",
"877220","1431","Nitrogen dioxide (NO2)","Annual mean","ppb","CD","402","Woodside and Sunnyside (CD2)","2023","2023-01-01T00:00:00.000","19.85831015",
"877218","1432","Nitrogen dioxide (NO2)","Summer mean","ppb","CD","401","Long Island City and Astoria (CD1)","2023","2023-01-01T00:00:00.000","14.86324093",
"877221","1432","Nitrogen dioxide (NO2)","Summer mean","ppb","CD","402","Woodside and Sunnyside (CD2)","2023","2023-01-01T00:00:00.000","16.03132644",
"877217","1431","Nitrogen dioxide (NO2)","Annual mean","ppb","CD","401","Long Island City and Astoria (CD1)","2023","2023-01-01T00:00:00.000","17.04080865",
"877214","1431","Nitrogen dioxide (NO2)","Annual mean","ppb","CD","318","Flatlands and Canarsie (CD18)","2023","2023-01-01T00:00:00.000","14.76353255",
"877215","1432","Nitrogen dioxide (NO2)","Summer mean","ppb","CD","318","Flatlands and Canarsie (CD18)","2023","2023-01-01T00:00:00.000","12.15486597",
"877015","1433","Nitrogen dioxide (NO2)","Winter mean","ppb","UHF34","206","Borough Park","2023","2023-01-01T00:00:00.000","22.318317",
"877216","1433","Nitrogen dioxide (NO2)","Winter mean","ppb","CD","318","Flatlands and Canarsie (CD18)","2023","2023-01-01T00:00:00.000","19.32174228",
"877222","1433","Nitrogen dioxide (NO2)","Winter mean","ppb","CD","402","Woodside and Sunnyside (CD2)","2023","2023-01-01T00:00:00.000","23.73637905",
"878148","1435","Ozone (O3)","Summer mean","ppb","CD","211","Morris Park and Bronxdale (CD11)","2023","2023-01-01T00:00:00.000","34.34050068",
"877228","1433","Nitrogen dioxide (NO2)","Winter mean","ppb","CD","404","Elmhurst and Corona (CD4)","2023","2023-01-01T00:00:00.000","21.86210978",
"876994","1433","Nitrogen dioxide (NO2)","Winter mean","ppb","UHF34","103","Fordham - Bronx Pk","2023","2023-01-01T00:00:00.000","18.99476736",
"877208","1431","Nitrogen dioxide (NO2)","Annual mean","ppb","CD","316","Brownsville (CD16)","2023","2023-01-01T00:00:00.000","17.43709819",
"876995","1431","Nitrogen dioxide (NO2)","Annual mean","ppb","UHF34","104","Pelham - Throgs Neck","2023","2023-01-01T00:00:00.000","15.56944138",
"877209","1432","Nitrogen dioxide (NO2)","Summer mean","ppb","CD","316","Brownsville (CD16)","2023","2023-01-01T00:00:00.000","13.2820744",
"877205","1431","Nitrogen dioxide (NO2)","Annual mean","ppb","CD","315","Sheepshead Bay (CD15)","2023","2023-01-01T00:00:00.000","14.09699289",
"877206","1432","Nitrogen dioxide (NO2)","Summer mean","ppb","CD","315","Sheepshead Bay (CD15)","2023","2023-01-01T00:00:00.000","10.44203792",
"877210","1433","Nitrogen dioxide (NO2)","Winter mean","ppb","CD","316","Brownsville (CD16)","2023","2023-01-01T00:00:00.000","23.41915303",
"877204","1433","Nitrogen dioxide (NO2)","Winter mean","ppb","CD","314","Flatbush and Midwood (CD14)","2023","2023-01-01T00:00:00.000","21.9471403",
"876989","1431","Nitrogen dioxide (NO2)","Annual mean","ppb","UHF34","102","Northeast Bronx","2023","2023-01-01T00:00:00.000","14.48041782",
"877002","1432","Nitrogen dioxide (NO2)","Summer mean","ppb","UHF34","202","Downtown - Heights - Slope","2023","2023-01-01T00:00:00.000","14.02065338",
"877199","1431","Nitrogen dioxide (NO2)","Annual mean","ppb","CD","313","Coney Island (CD13)","2023","2023-01-01T00:00:00.000","13.49860962",
"877200","1432","Nitrogen dioxide (NO2)","Summer mean","ppb","CD","313","Coney Island (CD13)","2023","2023-01-01T00:00:00.000","8.914378523",
"877201","1433","Nitrogen dioxide (NO2)","Winter mean","ppb","CD","313","Coney Island (CD13)","2023","2023-01-01T00:00:00.000","18.02621754",
"877198","1433","Nitrogen dioxide (NO2)","Winter mean","ppb","CD","312","Borough Park (CD12)","2023","2023-01-01T00:00:00.000","22.55241006",
"877195","1433","Nitrogen dioxide (NO2)","Winter mean","ppb","CD","311","Bensonhurst (CD11)","2023","2023-01-01T00:00:00.000","21.04523602",
"877196","1431","Nitrogen dioxide (NO2)","Annual mean","ppb","CD","312","Borough Park (CD12)","2023","2023-01-01T00:00:00.000","16.53085171",
"877211","1431","Nitrogen dioxide (NO2)","Annual mean","ppb","CD","317","East Flatbush (CD17)","2023","2023-01-01T00:00:00.000","16.60311565",
"877197","1432","Nitrogen dioxide (NO2)","Summer mean","ppb","CD","312","Borough Park (CD12)","2023","2023-01-01T00:00:00.000","11.89557531",
"877202","1431","Nitrogen dioxide (NO2)","Annual mean","ppb","CD","314","Flatbush and Midwood (CD14)","2023","2023-01-01T00:00:00.000","15.90500226",
"877003","1433","Nitrogen dioxide (NO2)","Winter mean","ppb","UHF34","202","Downtown - Heights - Slope","2023","2023-01-01T00:00:00.000","23.55155679",
"877190","1431","Nitrogen dioxide (NO2)","Annual mean","ppb","CD","310","Bay Ridge and Dyker Heights (CD10)","2023","2023-01-01T00:00:00.000","17.71452907",
"877191","1432","Nitrogen dioxide (NO2)","Summer mean","ppb","CD","310","Bay Ridge and Dyker Heights (CD10)","2023","2023-01-01T00:00:00.000","13.79474138",
"877192","1433","Nitrogen dioxide (NO2)","Winter mean","ppb","CD","310","Bay Ridge and Dyker Heights (CD10)","2023","2023-01-01T00:00:00.000","22.78172025",
"877189","1433","Nitrogen dioxide (NO2)","Winter mean","ppb","CD","309","South Crown Heights and Lefferts Gardens (CD9)","2023","2023-01-01T00:00:00.000","22.88346514",
"877186","1433","Nitrogen dioxide (NO2)","Winter mean","ppb","CD","308","Crown Heights and Prospect Heights (CD8)","2023","2023-01-01T00:00:00.000","23.47973002",
"877187","1431","Nitrogen dioxide (NO2)","Annual mean","ppb","CD","309","South Crown Heights and Lefferts Gardens (CD9)","2023","2023-01-01T00:00:00.000","16.06925449",
"877193","1431","Nitrogen dioxide (NO2)","Annual mean","ppb","CD","311","Bensonhurst (CD11)","2023","2023-01-01T00:00:00.000","15.53192342",
"877188","1432","Nitrogen dioxide (NO2)","Summer mean","ppb","CD","309","South Crown Heights and Lefferts Gardens (CD9)","2023","2023-01-01T00:00:00.000","11.38800028",
"877182","1432","Nitrogen dioxide (NO2)","Summer mean","ppb","CD","307","Sunset Park (CD7)","2023","2023-01-01T00:00:00.000","14.41101052",
"877183","1433","Nitrogen dioxide (NO2)","Winter mean","ppb","CD","307","Sunset Park (CD7)","2023","2023-01-01T00:00:00.000","24.31503126",
"877184","1431","Nitrogen dioxide (NO2)","Annual mean","ppb","CD","308","Crown Heights and Prospect Heights (CD8)","2023","2023-01-01T00:00:00.000","16.9515928",
"877181","1431","Nitrogen dioxide (NO2)","Annual mean","ppb","CD","307","Sunset Park (CD7)","2023","2023-01-01T00:00:00.000","18.84985664",
"877179","1432","Nitrogen dioxide (NO2)","Summer mean","ppb","CD","306","Park Slope and Carroll Gardens (CD6)","2023","2023-01-01T00:00:00.000","13.8400048",
"877212","1432","Nitrogen dioxide (NO2)","Summer mean","ppb","CD","317","East Flatbush (CD17)","2023","2023-01-01T00:00:00.000","12.6709056",
"877185","1432","Nitrogen dioxide (NO2)","Summer mean","ppb","CD","308","Crown Heights and Prospect Heights (CD8)","2023","2023-01-01T00:00:00.000","11.87083868",
"877194","1432","Nitrogen dioxide (NO2)","Summer mean","ppb","CD","311","Bensonhurst (CD11)","2023","2023-01-01T00:00:00.000","10.75587857",
"877180","1433","Nitrogen dioxide (NO2)","Winter mean","ppb","CD","306","Park Slope and Carroll Gardens (CD6)","2023","2023-01-01T00:00:00.000","23.39786453",
"877173","1432","Nitrogen dioxide (NO2)","Summer mean","ppb","CD","304","Bushwick (CD4)","2023","2023-01-01T00:00:00.000","12.87565067",
"877174","1433","Nitrogen dioxide (NO2)","Winter mean","ppb","CD","304","Bushwick (CD4)","2023","2023-01-01T00:00:00.000","23.64561241",
"877170","1432","Nitrogen dioxide (NO2)","Summer mean","ppb","CD","303","Bedford Stuyvesant (CD3)","2023","2023-01-01T00:00:00.000","11.9265525",
"877175","1431","Nitrogen dioxide (NO2)","Annual mean","ppb","CD","305","East New York and Starrett City (CD5)","2023","2023-01-01T00:00:00.000","17.08099816",
"877171","1433","Nitrogen dioxide (NO2)","Winter mean","ppb","CD","303","Bedford Stuyvesant (CD3)","2023","2023-01-01T00:00:00.000","23.28364437",
"877166","1431","Nitrogen dioxide (NO2)","Annual mean","ppb","CD","302","Fort Greene and Brooklyn Heights (CD2)","2023","2023-01-01T00:00:00.000","18.53025849",
"877167","1432","Nitrogen dioxide (NO2)","Summer mean","ppb","CD","302","Fort Greene and Brooklyn Heights (CD2)","2023","2023-01-01T00:00:00.000","14.24285143",
"877164","1432","Nitrogen dioxide (NO2)","Summer mean","ppb","CD","301","Greenpoint and Williamsburg (CD1)","2023","2023-01-01T00:00:00.000","14.72135233",
"877176","1432","Nitrogen dioxide (NO2)","Summer mean","ppb","CD","305","East New York and Starrett City (CD5)","2023","2023-01-01T00:00:00.000","13.52008755",
"877168","1433","Nitrogen dioxide (NO2)","Winter mean","ppb","CD","302","Fort Greene and Brooklyn Heights (CD2)","2023","2023-01-01T00:00:00.000","23.56166841",
"877160","1431","Nitrogen dioxide (NO2)","Annual mean","ppb","CD","212","Williamsbridge and Baychester (CD12)","2023","2023-01-01T00:00:00.000","14.37432322",
"877161","1432","Nitrogen dioxide (NO2)","Summer mean","ppb","CD","212","Williamsbridge and Baychester (CD12)","2023","2023-01-01T00:00:00.000","11.87627055",
"877162","1433","Nitrogen dioxide (NO2)","Winter mean","ppb","CD","212","Williamsbridge and Baychester (CD12)","2023","2023-01-01T00:00:00.000","17.32271887",
"877159","1433","Nitrogen dioxide (NO2)","Winter mean","ppb","CD","211","Morris Park and Bronxdale (CD11)","2023","2023-01-01T00:00:00.000","19.18685828",
"877156","1433","Nitrogen dioxide (NO2)","Winter mean","ppb","CD","210","Throgs Neck and Co-op City (CD10)","2023","2023-01-01T00:00:00.000","18.77972767",
"877157","1431","Nitrogen dioxide (NO2)","Annual mean","ppb","CD","211","Morris Park and Bronxdale (CD11)","2023","2023-01-01T00:00:00.000","14.84932053",
"877163","1431","Nitrogen dioxide (NO2)","Annual mean","ppb","CD","301","Greenpoint and Williamsburg (CD1)","2023","2023-01-01T00:00:00.000","19.3591317",
"877177","1433","Nitrogen dioxide (NO2)","Winter mean","ppb","CD","305","East New York and Starrett City (CD5)","2023","2023-01-01T00:00:00.000","22.50847324",
"877158","1432","Nitrogen dioxide (NO2)","Summer mean","ppb","CD","211","Morris Park and Bronxdale (CD11)","2023","2023-01-01T00:00:00.000","11.49641693",
"877152","1432","Nitrogen dioxide (NO2)","Summer mean","ppb","CD","209","Parkchester and Soundview (CD9)","2023","2023-01-01T00:00:00.000","13.30209579",
"877151","1431","Nitrogen dioxide (NO2)","Annual mean","ppb","CD","209","Parkchester and Soundview (CD9)","2023","2023-01-01T00:00:00.000","16.35206527",
"876961","1433","Nitrogen dioxide (NO2)","Winter mean","ppb","UHF42","406","Fresh Meadows","2023","2023-01-01T00:00:00.000","19.22358491",
"877153","1433","Nitrogen dioxide (NO2)","Winter mean","ppb","CD","209","Parkchester and Soundview (CD9)","2023","2023-01-01T00:00:00.000","20.96169918",
"874556","1426","Fine particles (PM 2.5)","Summer mean","mcg/m3","UHF34","410","Rockaways","2023","2023-01-01T00:00:00.000","8.150636732",
"874555","1427","Fine particles (PM 2.5)","Winter mean","mcg/m3","UHF34","410","Rockaways","2023","2023-01-01T00:00:00.000","5.26452039",
"874565","1426","Fine particles (PM 2.5)","Summer mean","mcg/m3","UHF34","407","Southwest Queens","2023","2023-01-01T00:00:00.000","8.614064163",
"877150","1433","Nitrogen dioxide (NO2)","Winter mean","ppb","CD","208","Riverdale and Fieldston (CD8)","2023","2023-01-01T00:00:00.000","17.86500286",
"874564","1427","Fine particles (PM 2.5)","Winter mean","mcg/m3","UHF34","407","Southwest Queens","2023","2023-01-01T00:00:00.000","5.955462164",
"876962","1431","Nitrogen dioxide (NO2)","Annual mean","ppb","UHF42","407","Southwest Queens","2023","2023-01-01T00:00:00.000","15.32807265",
"874572","1425","Fine particles (PM 2.5)","Annual mean","mcg/m3","UHF34","403","Flushing - Clearview","2023","2023-01-01T00:00:00.000","6.679289698",
"874574","1426","Fine particles (PM 2.5)","Summer mean","mcg/m3","UHF34","402","West Queens","2023","2023-01-01T00:00:00.000","9.23668133",
"874571","1426","Fine particles (PM 2.5)","Summer mean","mcg/m3","UHF34","403","Flushing - Clearview","2023","2023-01-01T00:00:00.000","8.899227558",
"877144","1433","Nitrogen dioxide (NO2)","Winter mean","ppb","CD","206","Belmont and East Tremont (CD6)","2023","2023-01-01T00:00:00.000","21.41995292",
"877145","1431","Nitrogen dioxide (NO2)","Annual mean","ppb","CD","207","Kingsbridge Heights and Bedford (CD7)","2023","2023-01-01T00:00:00.000","15.5921064",
"874575","1425","Fine particles (PM 2.5)","Annual mean","mcg/m3","UHF34","402","West Queens","2023","2023-01-01T00:00:00.000","7.068291669",
"874568","1426","Fine particles (PM 2.5)","Summer mean","mcg/m3","UHF34","405","Ridgewood - Forest Hills","2023","2023-01-01T00:00:00.000","8.875708042",
"877139","1431","Nitrogen dioxide (NO2)","Annual mean","ppb","CD","205","Fordham and University Heights (CD5)","2023","2023-01-01T00:00:00.000","17.2275126",
"877178","1431","Nitrogen dioxide (NO2)","Annual mean","ppb","CD","306","Park Slope and Carroll Gardens (CD6)","2023","2023-01-01T00:00:00.000","17.99007651",
"877213","1433","Nitrogen dioxide (NO2)","Winter mean","ppb","CD","317","East Flatbush (CD17)","2023","2023-01-01T00:00:00.000","22.71316173",
"877149","1432","Nitrogen dioxide (NO2)","Summer mean","ppb","CD","208","Riverdale and Fieldston (CD8)","2023","2023-01-01T00:00:00.000","12.9706097",
"877155","1432","Nitrogen dioxide (NO2)","Summer mean","ppb","CD","210","Throgs Neck and Co-op City (CD10)","2023","2023-01-01T00:00:00.000","11.2618141",
"877141","1433","Nitrogen dioxide (NO2)","Winter mean","ppb","CD","205","Fordham and University Heights (CD5)","2023","2023-01-01T00:00:00.000","21.78102218",
"878149","1435","Ozone (O3)","Summer mean","ppb","CD","210","Throgs Neck and Co-op City (CD10)","2023","2023-01-01T00:00:00.000","35.69245438",
"874567","1427","Fine particles (PM 2.5)","Winter mean","mcg/m3","UHF34","405","Ridgewood - Forest Hills","2023","2023-01-01T00:00:00.000","6.26223548",
"874496","1426","Fine particles (PM 2.5)","Summer mean","mcg/m3","CD","112","Washington Heights and Inwood (CD12)","2023","2023-01-01T00:00:00.000","9.365247781",
"874335","1426","Fine particles (PM 2.5)","Summer mean","mcg/m3","UHF42","202","Downtown - Heights - Slope","2023","2023-01-01T00:00:00.000","9.205974877",
"877130","1431","Nitrogen dioxide (NO2)","Annual mean","ppb","CD","202","Hunts Point and Longwood (CD2)","2023","2023-01-01T00:00:00.000","18.29599911",
"877128","1432","Nitrogen dioxide (NO2)","Summer mean","ppb","CD","201","Mott Haven and Melrose (CD1)","2023","2023-01-01T00:00:00.000","14.89235269",
"874590","1425","Fine particles (PM 2.5)","Annual mean","mcg/m3","UHF34","301","Washington Heights","2023","2023-01-01T00:00:00.000","6.983802487",
"877126","1433","Nitrogen dioxide (NO2)","Winter mean","ppb","CD","112","Washington Heights and Inwood (CD12)","2023","2023-01-01T00:00:00.000","21.17686715",
"877127","1431","Nitrogen dioxide (NO2)","Annual mean","ppb","CD","201","Mott Haven and Melrose (CD1)","2023","2023-01-01T00:00:00.000","17.71582761",
"877132","1433","Nitrogen dioxide (NO2)","Winter mean","ppb","CD","202","Hunts Point and Longwood (CD2)","2023","2023-01-01T00:00:00.000","22.53750523",
"874589","1426","Fine particles (PM 2.5)","Summer mean","mcg/m3","UHF34","301","Washington Heights","2023","2023-01-01T00:00:00.000","9.349912733",
"874600","1427","Fine particles (PM 2.5)","Winter mean","mcg/m3","CD","204","Highbridge and Concourse (CD4)","2023","2023-01-01T00:00:00.000","6.506105618",
"877120","1433","Nitrogen dioxide (NO2)","Winter mean","ppb","CD","110","Central Harlem (CD10)","2023","2023-01-01T00:00:00.000","20.00988219",
"874597","1427","Fine particles (PM 2.5)","Winter mean","mcg/m3","CD","203","Morrisania and Crotona (CD3)","2023","2023-01-01T00:00:00.000","6.75854421",
"877118","1431","Nitrogen dioxide (NO2)","Annual mean","ppb","CD","110","Central Harlem (CD10)","2023","2023-01-01T00:00:00.000","16.18047786",
"877119","1432","Nitrogen dioxide (NO2)","Summer mean","ppb","CD","110","Central Harlem (CD10)","2023","2023-01-01T00:00:00.000","13.15002492",
"877124","1431","Nitrogen dioxide (NO2)","Annual mean","ppb","CD","112","Washington Heights and Inwood (CD12)","2023","2023-01-01T00:00:00.000","17.24464637",
"874598","1425","Fine particles (PM 2.5)","Annual mean","mcg/m3","CD","204","Highbridge and Concourse (CD4)","2023","2023-01-01T00:00:00.000","6.885403405",
"874587","1425","Fine particles (PM 2.5)","Annual mean","mcg/m3","UHF34","302","Central Harlem - Morningside Heights","2023","2023-01-01T00:00:00.000","6.918874416",
"874640","1426","Fine particles (PM 2.5)","Summer mean","mcg/m3","CD","207","Kingsbridge Heights and Bedford (CD7)","2023","2023-01-01T00:00:00.000","9.253896055",
"877112","1431","Nitrogen dioxide (NO2)","Annual mean","ppb","CD","108","Upper East Side (CD8)","2023","2023-01-01T00:00:00.000","19.05050224",
"874604","1425","Fine particles (PM 2.5)","Annual mean","mcg/m3","CD","206","Belmont and East Tremont (CD6)","2023","2023-01-01T00:00:00.000","7.00445686",
"877110","1432","Nitrogen dioxide (NO2)","Summer mean","ppb","CD","107","Upper West Side (CD7)","2023","2023-01-01T00:00:00.000","15.71228819",
"877116","1432","Nitrogen dioxide (NO2)","Summer mean","ppb","CD","109","Morningside Heights and Hamilton Heights (CD9)","2023","2023-01-01T00:00:00.000","13.26989981",
"874641","1427","Fine particles (PM 2.5)","Winter mean","mcg/m3","CD","207","Kingsbridge Heights and Bedford (CD7)","2023","2023-01-01T00:00:00.000","6.659692586",
"874603","1427","Fine particles (PM 2.5)","Winter mean","mcg/m3","CD","205","Fordham and University Heights (CD5)","2023","2023-01-01T00:00:00.000","6.595338571",
"877106","1431","Nitrogen dioxide (NO2)","Annual mean","ppb","CD","106","Stuyvesant Town and Turtle Bay (CD6)","2023","2023-01-01T00:00:00.000","21.89410171",
"877103","1431","Nitrogen dioxide (NO2)","Annual mean","ppb","CD","105","Midtown (CD5)","2023","2023-01-01T00:00:00.000","26.10917545",
"874804","1426","Fine particles (PM 2.5)","Summer mean","mcg/m3","CD","313","Coney Island (CD13)","2023","2023-01-01T00:00:00.000","8.337358199",
"877117","1433","Nitrogen dioxide (NO2)","Winter mean","ppb","CD","109","Morningside Heights and Hamilton Heights (CD9)","2023","2023-01-01T00:00:00.000","19.98202778",
"877134","1432","Nitrogen dioxide (NO2)","Summer mean","ppb","CD","203","Morrisania and Crotona (CD3)","2023","2023-01-01T00:00:00.000","13.76011232",
"874807","1426","Fine particles (PM 2.5)","Summer mean","mcg/m3","CD","314","Flatbush and Midwood (CD14)","2023","2023-01-01T00:00:00.000","8.546253356",
"874803","1425","Fine particles (PM 2.5)","Annual mean","mcg/m3","CD","313","Coney Island (CD13)","2023","2023-01-01T00:00:00.000","6.356452703",
"874601","1425","Fine particles (PM 2.5)","Annual mean","mcg/m3","CD","205","Fordham and University Heights (CD5)","2023","2023-01-01T00:00:00.000","6.896787389",
"874586","1426","Fine particles (PM 2.5)","Summer mean","mcg/m3","UHF34","302","Central Harlem - Morningside Heights","2023","2023-01-01T00:00:00.000","9.20653142",
"877098","1432","Nitrogen dioxide (NO2)","Summer mean","ppb","CD","103","Lower East Side and Chinatown (CD3)","2023","2023-01-01T00:00:00.000","16.2487256",
"877096","1433","Nitrogen dioxide (NO2)","Winter mean","ppb","CD","102","Greenwich Village and Soho (CD2)","2023","2023-01-01T00:00:00.000","24.08885835",
"877099","1433","Nitrogen dioxide (NO2)","Winter mean","ppb","CD","103","Lower East Side and Chinatown (CD3)","2023","2023-01-01T00:00:00.000","22.22868655",
"877093","1433","Nitrogen dioxide (NO2)","Winter mean","ppb","CD","101","Financial District (CD1)","2023","2023-01-01T00:00:00.000","24.19635591",
"877086","1432","Nitrogen dioxide (NO2)","Summer mean","ppb","UHF34","105106107","South Bronx","2023","2023-01-01T00:00:00.000","14.34539039",
"877100","1431","Nitrogen dioxide (NO2)","Annual mean","ppb","CD","104","Clinton and Chelsea (CD4)","2023","2023-01-01T00:00:00.000","22.93707442",
"874811","1427","Fine particles (PM 2.5)","Winter mean","mcg/m3","CD","315","Sheepshead Bay (CD15)","2023","2023-01-01T00:00:00.000","5.783695731",
"877080","1432","Nitrogen dioxide (NO2)","Summer mean","ppb","UHF34","501502","Northern SI","2023","2023-01-01T00:00:00.000","12.52282979",
"877074","1432","Nitrogen dioxide (NO2)","Summer mean","ppb","UHF34","309310","Union Square-Lower Manhattan","2023","2023-01-01T00:00:00.000","17.42045889",
"877081","1433","Nitrogen dioxide (NO2)","Winter mean","ppb","UHF34","501502","Northern SI","2023","2023-01-01T00:00:00.000","19.77732414",
"877067","1431","Nitrogen dioxide (NO2)","Annual mean","ppb","UHF34","305307","Upper East Side-Gramercy","2023","2023-01-01T00:00:00.000","21.14525892",
"877060","1433","Nitrogen dioxide (NO2)","Winter mean","ppb","UHF34","408","Jamaica","2023","2023-01-01T00:00:00.000","19.68588095",
"877068","1432","Nitrogen dioxide (NO2)","Summer mean","ppb","UHF34","305307","Upper East Side-Gramercy","2023","2023-01-01T00:00:00.000","17.8616607",
"877082","1431","Nitrogen dioxide (NO2)","Annual mean","ppb","UHF34","503504","Southern SI","2023","2023-01-01T00:00:00.000","11.32094611",
"874810","1426","Fine particles (PM 2.5)","Summer mean","mcg/m3","CD","315","Sheepshead Bay (CD15)","2023","2023-01-01T00:00:00.000","8.330674356",
"877054","1433","Nitrogen dioxide (NO2)","Winter mean","ppb","UHF34","405","Ridgewood - Forest Hills","2023","2023-01-01T00:00:00.000","21.96049467",
"877045","1433","Nitrogen dioxide (NO2)","Winter mean","ppb","UHF34","401","Long Island City - Astoria","2023","2023-01-01T00:00:00.000","22.30308226",
"877055","1431","Nitrogen dioxide (NO2)","Annual mean","ppb","UHF34","407","Southwest Queens","2023","2023-01-01T00:00:00.000","15.32921165",
"877043","1431","Nitrogen dioxide (NO2)","Annual mean","ppb","UHF34","401","Long Island City - Astoria","2023","2023-01-01T00:00:00.000","18.41015665",
"877056","1432","Nitrogen dioxide (NO2)","Summer mean","ppb","UHF34","407","Southwest Queens","2023","2023-01-01T00:00:00.000","11.94777145",
"877044","1432","Nitrogen dioxide (NO2)","Summer mean","ppb","UHF34","401","Long Island City - Astoria","2023","2023-01-01T00:00:00.000","15.48445494",
"877102","1433","Nitrogen dioxide (NO2)","Winter mean","ppb","CD","104","Clinton and Chelsea (CD4)","2023","2023-01-01T00:00:00.000","24.88228661",
"877057","1433","Nitrogen dioxide (NO2)","Winter mean","ppb","UHF34","407","Southwest Queens","2023","2023-01-01T00:00:00.000","20.6505009",
"877135","1433","Nitrogen dioxide (NO2)","Winter mean","ppb","CD","203","Morrisania and Crotona (CD3)","2023","2023-01-01T00:00:00.000","21.807499",
"874808","1427","Fine particles (PM 2.5)","Winter mean","mcg/m3","CD","314","Flatbush and Midwood (CD14)","2023","2023-01-01T00:00:00.000","6.073648929",
"874583","1426","Fine particles (PM 2.5)","Summer mean","mcg/m3","UHF34","303","East Harlem","2023","2023-01-01T00:00:00.000","9.187970378",
"877033","1433","Nitrogen dioxide (NO2)","Winter mean","ppb","UHF34","301","Washington Heights","2023","2023-01-01T00:00:00.000","20.95314323",
"877034","1431","Nitrogen dioxide (NO2)","Annual mean","ppb","UHF34","302","Central Harlem - Morningside Heights","2023","2023-01-01T00:00:00.000","16.2940219",
"877038","1432","Nitrogen dioxide (NO2)","Summer mean","ppb","UHF34","303","East Harlem","2023","2023-01-01T00:00:00.000","13.82754858",
"877029","1432","Nitrogen dioxide (NO2)","Summer mean","ppb","UHF34","211","Williamsburg - Bushwick","2023","2023-01-01T00:00:00.000","12.91683936",
"877032","1432","Nitrogen dioxide (NO2)","Summer mean","ppb","UHF34","301","Washington Heights","2023","2023-01-01T00:00:00.000","14.17950424",
"877024","1433","Nitrogen dioxide (NO2)","Winter mean","ppb","UHF34","209","Bensonhurst - Bay Ridge","2023","2023-01-01T00:00:00.000","21.59935664",
"877023","1432","Nitrogen dioxide (NO2)","Summer mean","ppb","UHF34","209","Bensonhurst - Bay Ridge","2023","2023-01-01T00:00:00.000","12.10054339",
"874820","1427","Fine particles (PM 2.5)","Winter mean","mcg/m3","CD","318","Flatlands and Canarsie (CD18)","2023","2023-01-01T00:00:00.000","5.819217212",
"877018","1433","Nitrogen dioxide (NO2)","Winter mean","ppb","UHF34","207","East Flatbush - Flatbush","2023","2023-01-01T00:00:00.000","22.36837297",
"877039","1433","Nitrogen dioxide (NO2)","Winter mean","ppb","UHF34","303","East Harlem","2023","2023-01-01T00:00:00.000","20.16780596",
"877011","1432","Nitrogen dioxide (NO2)","Summer mean","ppb","UHF34","205","Sunset Park","2023","2023-01-01T00:00:00.000","14.78243138",
"877019","1431","Nitrogen dioxide (NO2)","Annual mean","ppb","UHF34","208","Canarsie - Flatlands","2023","2023-01-01T00:00:00.000","14.86254075",
"877028","1431","Nitrogen dioxide (NO2)","Annual mean","ppb","UHF34","211","Williamsburg - Bushwick","2023","2023-01-01T00:00:00.000","18.15983736",
"877005","1432","Nitrogen dioxide (NO2)","Summer mean","ppb","UHF34","203","Bedford Stuyvesant - Crown Heights","2023","2023-01-01T00:00:00.000","12.30403871",
"877006","1433","Nitrogen dioxide (NO2)","Winter mean","ppb","UHF34","203","Bedford Stuyvesant - Crown Heights","2023","2023-01-01T00:00:00.000","23.31389388",
"876965","1431","Nitrogen dioxide (NO2)","Annual mean","ppb","UHF42","408","Jamaica","2023","2023-01-01T00:00:00.000","15.43229844",
"874823","1427","Fine particles (PM 2.5)","Winter mean","mcg/m3","CD","401","Long Island City and Astoria (CD1)","2023","2023-01-01T00:00:00.000","6.623326406",
"877007","1431","Nitrogen dioxide (NO2)","Annual mean","ppb","UHF34","204","East New York","2023","2023-01-01T00:00:00.000","17.34115089",
"876941","1431","Nitrogen dioxide (NO2)","Annual mean","ppb","UHF42","310","Lower Manhattan","2023","2023-01-01T00:00:00.000","21.60881394",
"874821","1425","Fine particles (PM 2.5)","Annual mean","mcg/m3","CD","401","Long Island City and Astoria (CD1)","2023","2023-01-01T00:00:00.000","6.99898229",
"874826","1427","Fine particles (PM 2.5)","Winter mean","mcg/m3","CD","402","Woodside and Sunnyside (CD2)","2023","2023-01-01T00:00:00.000","6.954335142",
"874830","1425","Fine particles (PM 2.5)","Annual mean","mcg/m3","CD","404","Elmhurst and Corona (CD4)","2023","2023-01-01T00:00:00.000","6.901935499",
"874827","1425","Fine particles (PM 2.5)","Annual mean","mcg/m3","CD","403","Jackson Heights (CD3)","2023","2023-01-01T00:00:00.000","6.794220399",
"876987","1432","Nitrogen dioxide (NO2)","Summer mean","ppb","UHF34","101","Kingsbridge - Riverdale","2023","2023-01-01T00:00:00.000","13.0538783",
"877008","1432","Nitrogen dioxide (NO2)","Summer mean","ppb","UHF34","204","East New York","2023","2023-01-01T00:00:00.000","13.58713104",
"874824","1425","Fine particles (PM 2.5)","Annual mean","mcg/m3","CD","402","Woodside and Sunnyside (CD2)","2023","2023-01-01T00:00:00.000","7.395583107",
"874846","1426","Fine particles (PM 2.5)","Summer mean","mcg/m3","CD","409","Kew Gardens and Woodhaven (CD9)","2023","2023-01-01T00:00:00.000","8.788488643",
"874850","1427","Fine particles (PM 2.5)","Winter mean","mcg/m3","CD","410","South Ozone Park and Howard Beach (CD10)","2023","2023-01-01T00:00:00.000","5.799884039",
"874847","1427","Fine particles (PM 2.5)","Winter mean","mcg/m3","CD","409","Kew Gardens and Woodhaven (CD9)","2023","2023-01-01T00:00:00.000","6.198527919",
"874854","1425","Fine particles (PM 2.5)","Annual mean","mcg/m3","CD","412","Jamaica and Hollis (CD12)","2023","2023-01-01T00:00:00.000","6.566531621",
"874861","1426","Fine particles (PM 2.5)","Summer mean","mcg/m3","CD","414","Rockaway and Broad Channel (CD14)","2023","2023-01-01T00:00:00.000","8.147909572",
"874863","1425","Fine particles (PM 2.5)","Annual mean","mcg/m3","CD","501","St. George and Stapleton (CD1)","2023","2023-01-01T00:00:00.000","6.412124833",
"874860","1425","Fine particles (PM 2.5)","Annual mean","mcg/m3","CD","414","Rockaway and Broad Channel (CD14)","2023","2023-01-01T00:00:00.000","6.124139701",
"874876","1426","Fine particles (PM 2.5)","Summer mean","mcg/m3","CD","209","Parkchester and Soundview (CD9)","2023","2023-01-01T00:00:00.000","9.278967207",
"874872","1425","Fine particles (PM 2.5)","Annual mean","mcg/m3","CD","208","Riverdale and Fieldston (CD8)","2023","2023-01-01T00:00:00.000","6.794486921",
"874864","1426","Fine particles (PM 2.5)","Summer mean","mcg/m3","CD","501","St. George and Stapleton (CD1)","2023","2023-01-01T00:00:00.000","8.593710536",
"874838","1427","Fine particles (PM 2.5)","Winter mean","mcg/m3","CD","406","Rego Park and Forest Hills (CD6)","2023","2023-01-01T00:00:00.000","6.099401253",
"874880","1427","Fine particles (PM 2.5)","Winter mean","mcg/m3","CD","210","Throgs Neck and Co-op City (CD10)","2023","2023-01-01T00:00:00.000","6.411859199",
"876985","1433","Nitrogen dioxide (NO2)","Winter mean","ppb","UHF42","504","South Beach - Tottenville","2023","2023-01-01T00:00:00.000","15.74624114",
"877041","1432","Nitrogen dioxide (NO2)","Summer mean","ppb","UHF34","304","Upper West Side","2023","2023-01-01T00:00:00.000","15.61819912",
"877136","1431","Nitrogen dioxide (NO2)","Annual mean","ppb","CD","204","Highbridge and Concourse (CD4)","2023","2023-01-01T00:00:00.000","17.2006952",
"874837","1426","Fine particles (PM 2.5)","Summer mean","mcg/m3","CD","406","Rego Park and Forest Hills (CD6)","2023","2023-01-01T00:00:00.000","8.719093414",
"874582","1427","Fine particles (PM 2.5)","Winter mean","mcg/m3","UHF34","303","East Harlem","2023","2023-01-01T00:00:00.000","6.519113142",
"874892","1427","Fine particles (PM 2.5)","Winter mean","mcg/m3","CD","302","Fort Greene and Brooklyn Heights (CD2)","2023","2023-01-01T00:00:00.000","6.826533179",
"876975","1432","Nitrogen dioxide (NO2)","Summer mean","ppb","UHF42","501","Port Richmond","2023","2023-01-01T00:00:00.000","11.33199203",
"876974","1431","Nitrogen dioxide (NO2)","Annual mean","ppb","UHF42","501","Port Richmond","2023","2023-01-01T00:00:00.000","16.2770395",
"876976","1433","Nitrogen dioxide (NO2)","Winter mean","ppb","UHF42","501","Port Richmond","2023","2023-01-01T00:00:00.000","20.23958141",
"876973","1433","Nitrogen dioxide (NO2)","Winter mean","ppb","UHF42","410","Rockaways","2023","2023-01-01T00:00:00.000","11.90192295",
"876977","1431","Nitrogen dioxide (NO2)","Annual mean","ppb","UHF42","502","Stapleton - St. George","2023","2023-01-01T00:00:00.000","15.89623357",
"876970","1433","Nitrogen dioxide (NO2)","Winter mean","ppb","UHF42","409","Southeast Queens","2023","2023-01-01T00:00:00.000","17.64972749",
"876971","1431","Nitrogen dioxide (NO2)","Annual mean","ppb","UHF42","410","Rockaways","2023","2023-01-01T00:00:00.000","9.382766304",
"876984","1432","Nitrogen dioxide (NO2)","Summer mean","ppb","UHF42","504","South Beach - Tottenville","2023","2023-01-01T00:00:00.000","7.811353356",
"874903","1426","Fine particles (PM 2.5)","Summer mean","mcg/m3","CD","306","Park Slope and Carroll Gardens (CD6)","2023","2023-01-01T00:00:00.000","9.21308071",
"876968","1431","Nitrogen dioxide (NO2)","Annual mean","ppb","UHF42","409","Southeast Queens","2023","2023-01-01T00:00:00.000","14.68926316",
"876978","1432","Nitrogen dioxide (NO2)","Summer mean","ppb","UHF42","502","Stapleton - St. George","2023","2023-01-01T00:00:00.000","13.15912683",
"876979","1433","Nitrogen dioxide (NO2)","Winter mean","ppb","UHF42","502","Stapleton - St. George","2023","2023-01-01T00:00:00.000","19.53058121",
"876969","1432","Nitrogen dioxide (NO2)","Summer mean","ppb","UHF42","409","Southeast Queens","2023","2023-01-01T00:00:00.000","10.27182199",
"874896","1425","Fine particles (PM 2.5)","Annual mean","mcg/m3","CD","304","Bushwick (CD4)","2023","2023-01-01T00:00:00.000","7.108952649",
"876964","1433","Nitrogen dioxide (NO2)","Winter mean","ppb","UHF42","407","Southwest Queens","2023","2023-01-01T00:00:00.000","20.64938172",
"876950","1431","Nitrogen dioxide (NO2)","Annual mean","ppb","UHF42","403","Flushing - Clearview","2023","2023-01-01T00:00:00.000","15.33604753",
"876955","1433","Nitrogen dioxide (NO2)","Winter mean","ppb","UHF42","404","Bayside - Little Neck","2023","2023-01-01T00:00:00.000","17.44185147",
"874857","1425","Fine particles (PM 2.5)","Annual mean","mcg/m3","CD","413","Queens Village (CD13)","2023","2023-01-01T00:00:00.000","6.433230593",
"874856","1427","Fine particles (PM 2.5)","Winter mean","mcg/m3","CD","412","Jamaica and Hollis (CD12)","2023","2023-01-01T00:00:00.000","5.896214778",
"876945","1432","Nitrogen dioxide (NO2)","Summer mean","ppb","UHF42","401","Long Island City - Astoria","2023","2023-01-01T00:00:00.000","15.48445494",
"874849","1426","Fine particles (PM 2.5)","Summer mean","mcg/m3","CD","410","South Ozone Park and Howard Beach (CD10)","2023","2023-01-01T00:00:00.000","8.508712667",
"876946","1433","Nitrogen dioxide (NO2)","Winter mean","ppb","UHF42","401","Long Island City - Astoria","2023","2023-01-01T00:00:00.000","22.30308226",
"876966","1432","Nitrogen dioxide (NO2)","Summer mean","ppb","UHF42","408","Jamaica","2023","2023-01-01T00:00:00.000","11.25823112",
"876936","1432","Nitrogen dioxide (NO2)","Summer mean","ppb","UHF42","308","Greenwich Village - SoHo","2023","2023-01-01T00:00:00.000","20.33316087",
"876931","1433","Nitrogen dioxide (NO2)","Winter mean","ppb","UHF42","306","Chelsea - Clinton","2023","2023-01-01T00:00:00.000","25.83280383",
"876932","1431","Nitrogen dioxide (NO2)","Annual mean","ppb","UHF42","307","Gramercy Park - Murray Hill","2023","2023-01-01T00:00:00.000","23.59502328",
"876930","1432","Nitrogen dioxide (NO2)","Summer mean","ppb","UHF42","306","Chelsea - Clinton","2023","2023-01-01T00:00:00.000","21.23435622",
"876933","1432","Nitrogen dioxide (NO2)","Summer mean","ppb","UHF42","307","Gramercy Park - Murray Hill","2023","2023-01-01T00:00:00.000","20.0325472",
"876935","1431","Nitrogen dioxide (NO2)","Annual mean","ppb","UHF42","308","Greenwich Village - SoHo","2023","2023-01-01T00:00:00.000","22.06564052",
"876927","1432","Nitrogen dioxide (NO2)","Summer mean","ppb","UHF42","305","Upper East Side","2023","2023-01-01T00:00:00.000","15.94308836",
"876928","1433","Nitrogen dioxide (NO2)","Winter mean","ppb","UHF42","305","Upper East Side","2023","2023-01-01T00:00:00.000","22.32175756",
"876967","1433","Nitrogen dioxide (NO2)","Winter mean","ppb","UHF42","408","Jamaica","2023","2023-01-01T00:00:00.000","19.68614922",
"876980","1431","Nitrogen dioxide (NO2)","Annual mean","ppb","UHF42","503","Willowbrook","2023","2023-01-01T00:00:00.000","12.776213",
"874822","1426","Fine particles (PM 2.5)","Summer mean","mcg/m3","CD","401","Long Island City and Astoria (CD1)","2023","2023-01-01T00:00:00.000","9.218834383",
"876990","1432","Nitrogen dioxide (NO2)","Summer mean","ppb","UHF34","102","Northeast Bronx","2023","2023-01-01T00:00:00.000","11.62451231",
"876998","1431","Nitrogen dioxide (NO2)","Annual mean","ppb","UHF34","201","Greenpoint","2023","2023-01-01T00:00:00.000","19.31599125",
"876997","1433","Nitrogen dioxide (NO2)","Winter mean","ppb","UHF34","104","Pelham - Throgs Neck","2023","2023-01-01T00:00:00.000","19.78791893",
"877001","1431","Nitrogen dioxide (NO2)","Annual mean","ppb","UHF34","202","Downtown - Heights - Slope","2023","2023-01-01T00:00:00.000","18.2876131",
"877004","1431","Nitrogen dioxide (NO2)","Annual mean","ppb","UHF34","203","Bedford Stuyvesant - Crown Heights","2023","2023-01-01T00:00:00.000","16.98747135",
"876929","1431","Nitrogen dioxide (NO2)","Annual mean","ppb","UHF42","306","Chelsea - Clinton","2023","2023-01-01T00:00:00.000","24.13254441",
"874888","1426","Fine particles (PM 2.5)","Summer mean","mcg/m3","CD","301","Greenpoint and Williamsburg (CD1)","2023","2023-01-01T00:00:00.000","9.515876207",
"877014","1432","Nitrogen dioxide (NO2)","Summer mean","ppb","UHF34","206","Borough Park","2023","2023-01-01T00:00:00.000","11.74380759",
"877017","1432","Nitrogen dioxide (NO2)","Summer mean","ppb","UHF34","207","East Flatbush - Flatbush","2023","2023-01-01T00:00:00.000","12.02033251",
"876920","1431","Nitrogen dioxide (NO2)","Annual mean","ppb","UHF42","303","East Harlem","2023","2023-01-01T00:00:00.000","16.33588174",
"877022","1431","Nitrogen dioxide (NO2)","Annual mean","ppb","UHF34","209","Bensonhurst - Bay Ridge","2023","2023-01-01T00:00:00.000","16.38828037",
"876918","1432","Nitrogen dioxide (NO2)","Summer mean","ppb","UHF42","302","Central Harlem - Morningside Heights","2023","2023-01-01T00:00:00.000","13.24169233",
"876921","1432","Nitrogen dioxide (NO2)","Summer mean","ppb","UHF42","303","East Harlem","2023","2023-01-01T00:00:00.000","13.82754858",
"876916","1433","Nitrogen dioxide (NO2)","Winter mean","ppb","UHF42","301","Washington Heights","2023","2023-01-01T00:00:00.000","20.95317432",
"876923","1431","Nitrogen dioxide (NO2)","Annual mean","ppb","UHF42","304","Upper West Side","2023","2023-01-01T00:00:00.000","18.37552079",
"876915","1432","Nitrogen dioxide (NO2)","Summer mean","ppb","UHF42","301","Washington Heights","2023","2023-01-01T00:00:00.000","14.17961956",
"876911","1431","Nitrogen dioxide (NO2)","Annual mean","ppb","UHF42","211","Williamsburg - Bushwick","2023","2023-01-01T00:00:00.000","18.15983736",
"876909","1432","Nitrogen dioxide (NO2)","Summer mean","ppb","UHF42","210","Coney Island - Sheepshead Bay","2023","2023-01-01T00:00:00.000","9.941814031",
"876912","1432","Nitrogen dioxide (NO2)","Summer mean","ppb","UHF42","211","Williamsburg - Bushwick","2023","2023-01-01T00:00:00.000","12.91683936",
"876906","1432","Nitrogen dioxide (NO2)","Summer mean","ppb","UHF42","209","Bensonhurst - Bay Ridge","2023","2023-01-01T00:00:00.000","12.10054339",
"876907","1433","Nitrogen dioxide (NO2)","Winter mean","ppb","UHF42","209","Bensonhurst - Bay Ridge","2023","2023-01-01T00:00:00.000","21.59935664",
"876904","1433","Nitrogen dioxide (NO2)","Winter mean","ppb","UHF42","208","Canarsie - Flatlands","2023","2023-01-01T00:00:00.000","19.46437805",
"876913","1433","Nitrogen dioxide (NO2)","Winter mean","ppb","UHF42","211","Williamsburg - Bushwick","2023","2023-01-01T00:00:00.000","23.81074216",
"876901","1433","Nitrogen dioxide (NO2)","Winter mean","ppb","UHF42","207","East Flatbush - Flatbush","2023","2023-01-01T00:00:00.000","22.36837297",
"876898","1433","Nitrogen dioxide (NO2)","Winter mean","ppb","UHF42","206","Borough Park","2023","2023-01-01T00:00:00.000","22.318317",
"876902","1431","Nitrogen dioxide (NO2)","Annual mean","ppb","UHF42","208","Canarsie - Flatlands","2023","2023-01-01T00:00:00.000","14.86254075",
"876895","1433","Nitrogen dioxide (NO2)","Winter mean","ppb","UHF42","205","Sunset Park","2023","2023-01-01T00:00:00.000","24.34243033",
"876903","1432","Nitrogen dioxide (NO2)","Summer mean","ppb","UHF42","208","Canarsie - Flatlands","2023","2023-01-01T00:00:00.000","12.24185059",
"876896","1431","Nitrogen dioxide (NO2)","Annual mean","ppb","UHF42","206","Borough Park","2023","2023-01-01T00:00:00.000","16.34559611",
"876914","1431","Nitrogen dioxide (NO2)","Annual mean","ppb","UHF42","301","Washington Heights","2023","2023-01-01T00:00:00.000","17.0536503",
"876888","1432","Nitrogen dioxide (NO2)","Summer mean","ppb","UHF42","203","Bedford Stuyvesant - Crown Heights","2023","2023-01-01T00:00:00.000","12.30403871",
"876886","1433","Nitrogen dioxide (NO2)","Winter mean","ppb","UHF42","202","Downtown - Heights - Slope","2023","2023-01-01T00:00:00.000","23.55155679",
"877042","1433","Nitrogen dioxide (NO2)","Winter mean","ppb","UHF34","304","Upper West Side","2023","2023-01-01T00:00:00.000","21.4349848",
"877048","1433","Nitrogen dioxide (NO2)","Winter mean","ppb","UHF34","402","West Queens","2023","2023-01-01T00:00:00.000","22.48203662",
"877047","1432","Nitrogen dioxide (NO2)","Summer mean","ppb","UHF34","402","West Queens","2023","2023-01-01T00:00:00.000","15.07775098",
"877050","1432","Nitrogen dioxide (NO2)","Summer mean","ppb","UHF34","403","Flushing - Clearview","2023","2023-01-01T00:00:00.000","11.19843013",
"877053","1432","Nitrogen dioxide (NO2)","Summer mean","ppb","UHF34","405","Ridgewood - Forest Hills","2023","2023-01-01T00:00:00.000","12.71702853",
"876887","1431","Nitrogen dioxide (NO2)","Annual mean","ppb","UHF42","203","Bedford Stuyvesant - Crown Heights","2023","2023-01-01T00:00:00.000","16.98747135",
"877101","1432","Nitrogen dioxide (NO2)","Summer mean","ppb","CD","104","Clinton and Chelsea (CD4)","2023","2023-01-01T00:00:00.000","20.54838938",
"877063","1433","Nitrogen dioxide (NO2)","Winter mean","ppb","UHF34","409","Southeast Queens","2023","2023-01-01T00:00:00.000","17.64945867",
"877066","1433","Nitrogen dioxide (NO2)","Winter mean","ppb","UHF34","410","Rockaways","2023","2023-01-01T00:00:00.000","11.90192295",
"877070","1431","Nitrogen dioxide (NO2)","Annual mean","ppb","UHF34","306308","Chelsea-Village","2023","2023-01-01T00:00:00.000","23.44066631",
"877073","1431","Nitrogen dioxide (NO2)","Annual mean","ppb","UHF34","309310","Union Square-Lower Manhattan","2023","2023-01-01T00:00:00.000","19.79711715",
"877076","1431","Nitrogen dioxide (NO2)","Annual mean","ppb","UHF34","404406","Bayside Little Neck-Fresh Meadows","2023","2023-01-01T00:00:00.000","15.04427297",
"877079","1431","Nitrogen dioxide (NO2)","Annual mean","ppb","UHF34","501502","Northern SI","2023","2023-01-01T00:00:00.000","16.02866665",
"876892","1433","Nitrogen dioxide (NO2)","Winter mean","ppb","UHF42","204","East New York","2023","2023-01-01T00:00:00.000","22.84562702",
"877085","1431","Nitrogen dioxide (NO2)","Annual mean","ppb","UHF34","105106107","South Bronx","2023","2023-01-01T00:00:00.000","17.32567467",
"877089","1432","Nitrogen dioxide (NO2)","Summer mean","ppb","Citywide","1","New York City","2023","2023-01-01T00:00:00.000","11.86882363",
"877092","1432","Nitrogen dioxide (NO2)","Summer mean","ppb","CD","101","Financial District (CD1)","2023","2023-01-01T00:00:00.000","19.69490477",
"876882","1432","Nitrogen dioxide (NO2)","Summer mean","ppb","UHF42","201","Greenpoint","2023","2023-01-01T00:00:00.000","14.95173654",
"877095","1432","Nitrogen dioxide (NO2)","Summer mean","ppb","CD","102","Greenwich Village and Soho (CD2)","2023","2023-01-01T00:00:00.000","20.14470643",
"876879","1432","Nitrogen dioxide (NO2)","Summer mean","ppb","UHF42","107","Hunts Point - Mott Haven","2023","2023-01-01T00:00:00.000","14.78510714",
"877097","1431","Nitrogen dioxide (NO2)","Annual mean","ppb","CD","103","Lower East Side and Chinatown (CD3)","2023","2023-01-01T00:00:00.000","18.61747837",
"876883","1433","Nitrogen dioxide (NO2)","Winter mean","ppb","UHF42","201","Greenpoint","2023","2023-01-01T00:00:00.000","23.78126415",
"876876","1432","Nitrogen dioxide (NO2)","Summer mean","ppb","UHF42","106","High Bridge - Morrisania","2023","2023-01-01T00:00:00.000","13.96941767",
"876884","1431","Nitrogen dioxide (NO2)","Annual mean","ppb","UHF42","202","Downtown - Heights - Slope","2023","2023-01-01T00:00:00.000","18.2876131",
"877108","1433","Nitrogen dioxide (NO2)","Winter mean","ppb","CD","106","Stuyvesant Town and Turtle Bay (CD6)","2023","2023-01-01T00:00:00.000","24.56547385",
"876870","1432","Nitrogen dioxide (NO2)","Summer mean","ppb","UHF42","104","Pelham - Throgs Neck","2023","2023-01-01T00:00:00.000","12.06848595",
"877107","1432","Nitrogen dioxide (NO2)","Summer mean","ppb","CD","106","Stuyvesant Town and Turtle Bay (CD6)","2023","2023-01-01T00:00:00.000","18.70500762",
"877104","1432","Nitrogen dioxide (NO2)","Summer mean","ppb","CD","105","Midtown (CD5)","2023","2023-01-01T00:00:00.000","22.22098615",
"877105","1433","Nitrogen dioxide (NO2)","Winter mean","ppb","CD","105","Midtown (CD5)","2023","2023-01-01T00:00:00.000","27.45984454",
"876869","1431","Nitrogen dioxide (NO2)","Annual mean","ppb","UHF42","104","Pelham - Throgs Neck","2023","2023-01-01T00:00:00.000","15.56944138",
"877111","1433","Nitrogen dioxide (NO2)","Winter mean","ppb","CD","107","Upper West Side (CD7)","2023","2023-01-01T00:00:00.000","21.49118331",
"876867","1432","Nitrogen dioxide (NO2)","Summer mean","ppb","UHF42","103","Fordham - Bronx Pk","2023","2023-01-01T00:00:00.000","12.47245283",
"877109","1431","Nitrogen dioxide (NO2)","Annual mean","ppb","CD","107","Upper West Side (CD7)","2023","2023-01-01T00:00:00.000","18.4344396",
"876864","1432","Nitrogen dioxide (NO2)","Summer mean","ppb","UHF42","102","Northeast Bronx","2023","2023-01-01T00:00:00.000","11.62453778",
"877115","1431","Nitrogen dioxide (NO2)","Annual mean","ppb","CD","109","Morningside Heights and Hamilton Heights (CD9)","2023","2023-01-01T00:00:00.000","16.39020724",
"877114","1433","Nitrogen dioxide (NO2)","Winter mean","ppb","CD","108","Upper East Side (CD8)","2023","2023-01-01T00:00:00.000","22.37547517",
"877113","1432","Nitrogen dioxide (NO2)","Summer mean","ppb","CD","108","Upper East Side (CD8)","2023","2023-01-01T00:00:00.000","16.00194618",
"876872","1431","Nitrogen dioxide (NO2)","Annual mean","ppb","UHF42","105","Crotona - Tremont","2023","2023-01-01T00:00:00.000","17.27046057",
"876862","1433","Nitrogen dioxide (NO2)","Winter mean","ppb","UHF42","101","Kingsbridge - Riverdale","2023","2023-01-01T00:00:00.000","17.89722521",
"876873","1432","Nitrogen dioxide (NO2)","Summer mean","ppb","UHF42","105","Crotona - Tremont","2023","2023-01-01T00:00:00.000","14.08557751",
"877133","1431","Nitrogen dioxide (NO2)","Annual mean","ppb","CD","203","Morrisania and Crotona (CD3)","2023","2023-01-01T00:00:00.000","16.96020308",
"876863","1431","Nitrogen dioxide (NO2)","Annual mean","ppb","UHF42","102","Northeast Bronx","2023","2023-01-01T00:00:00.000","14.48039862",
"877123","1433","Nitrogen dioxide (NO2)","Winter mean","ppb","CD","111","East Harlem (CD11)","2023","2023-01-01T00:00:00.000","20.19215848",
"877122","1432","Nitrogen dioxide (NO2)","Summer mean","ppb","CD","111","East Harlem (CD11)","2023","2023-01-01T00:00:00.000","13.81264623",
"877121","1431","Nitrogen dioxide (NO2)","Annual mean","ppb","CD","111","East Harlem (CD11)","2023","2023-01-01T00:00:00.000","16.36122551",
"876925","1433","Nitrogen dioxide (NO2)","Winter mean","ppb","UHF42","304","Upper West Side","2023","2023-01-01T00:00:00.000","21.43520833",
"876852","1432","Nitrogen dioxide (NO2)","Summer mean","ppb","Borough","3","Manhattan","2023","2023-01-01T00:00:00.000","16.74988488",
"876851","1431","Nitrogen dioxide (NO2)","Annual mean","ppb","Borough","3","Manhattan","2023","2023-01-01T00:00:00.000","19.52330736",
"877125","1432","Nitrogen dioxide (NO2)","Summer mean","ppb","CD","112","Washington Heights and Inwood (CD12)","2023","2023-01-01T00:00:00.000","14.43067469",
"876890","1431","Nitrogen dioxide (NO2)","Annual mean","ppb","UHF42","204","East New York","2023","2023-01-01T00:00:00.000","17.34115089",
"877131","1432","Nitrogen dioxide (NO2)","Summer mean","ppb","CD","202","Hunts Point and Longwood (CD2)","2023","2023-01-01T00:00:00.000","15.26199906",
"876850","1433","Nitrogen dioxide (NO2)","Winter mean","ppb","Borough","2","Brooklyn","2023","2023-01-01T00:00:00.000","21.93219192",
"877129","1433","Nitrogen dioxide (NO2)","Winter mean","ppb","CD","201","Mott Haven and Melrose (CD1)","2023","2023-01-01T00:00:00.000","21.74063621",
"876875","1431","Nitrogen dioxide (NO2)","Annual mean","ppb","UHF42","106","High Bridge - Morrisania","2023","2023-01-01T00:00:00.000","17.0841194",
"876848","1431","Nitrogen dioxide (NO2)","Annual mean","ppb","Borough","2","Brooklyn","2023","2023-01-01T00:00:00.000","16.61819734",
"876874","1433","Nitrogen dioxide (NO2)","Winter mean","ppb","UHF42","105","Crotona - Tremont","2023","2023-01-01T00:00:00.000","21.97406172",
"876865","1433","Nitrogen dioxide (NO2)","Winter mean","ppb","UHF42","102","Northeast Bronx","2023","2023-01-01T00:00:00.000","17.57629674",
"876860","1431","Nitrogen dioxide (NO2)","Annual mean","ppb","UHF42","101","Kingsbridge - Riverdale","2023","2023-01-01T00:00:00.000","14.61424758",
"877140","1432","Nitrogen dioxide (NO2)","Summer mean","ppb","CD","205","Fordham and University Heights (CD5)","2023","2023-01-01T00:00:00.000","14.12317805",
"876861","1432","Nitrogen dioxide (NO2)","Summer mean","ppb","UHF42","101","Kingsbridge - Riverdale","2023","2023-01-01T00:00:00.000","13.0538783",
"874344","1426","Fine particles (PM 2.5)","Summer mean","mcg/m3","UHF42","106","High Bridge - Morrisania","2023","2023-01-01T00:00:00.000","9.297253521",
"876846","1432","Nitrogen dioxide (NO2)","Summer mean","ppb","Borough","1","Bronx","2023","2023-01-01T00:00:00.000","12.81913123",
"877148","1431","Nitrogen dioxide (NO2)","Annual mean","ppb","CD","208","Riverdale and Fieldston (CD8)","2023","2023-01-01T00:00:00.000","14.55565297",
"877142","1431","Nitrogen dioxide (NO2)","Annual mean","ppb","CD","206","Belmont and East Tremont (CD6)","2023","2023-01-01T00:00:00.000","16.59576199",
"877143","1432","Nitrogen dioxide (NO2)","Summer mean","ppb","CD","206","Belmont and East Tremont (CD6)","2023","2023-01-01T00:00:00.000","13.48533038",
"877147","1433","Nitrogen dioxide (NO2)","Winter mean","ppb","CD","207","Kingsbridge Heights and Bedford (CD7)","2023","2023-01-01T00:00:00.000","19.69216037",
"874920","1425","Fine particles (PM 2.5)","Annual mean","mcg/m3","CD","312","Borough Park (CD12)","2023","2023-01-01T00:00:00.000","6.619159313",
"877146","1432","Nitrogen dioxide (NO2)","Summer mean","ppb","CD","207","Kingsbridge Heights and Bedford (CD7)","2023","2023-01-01T00:00:00.000","12.97993041",
"876847","1433","Nitrogen dioxide (NO2)","Winter mean","ppb","Borough","1","Bronx","2023","2023-01-01T00:00:00.000","19.74253268",
"874917","1425","Fine particles (PM 2.5)","Annual mean","mcg/m3","CD","311","Bensonhurst (CD11)","2023","2023-01-01T00:00:00.000","6.442117397",
"876856","1433","Nitrogen dioxide (NO2)","Winter mean","ppb","Borough","4","Queens","2023","2023-01-01T00:00:00.000","19.33359424",
"877154","1431","Nitrogen dioxide (NO2)","Annual mean","ppb","CD","210","Throgs Neck and Co-op City (CD10)","2023","2023-01-01T00:00:00.000","15.05815095",
"874919","1427","Fine particles (PM 2.5)","Winter mean","mcg/m3","CD","311","Bensonhurst (CD11)","2023","2023-01-01T00:00:00.000","5.925667074",
"876845","1431","Nitrogen dioxide (NO2)","Annual mean","ppb","Borough","1","Bronx","2023","2023-01-01T00:00:00.000","15.75835985",
"874921","1426","Fine particles (PM 2.5)","Summer mean","mcg/m3","CD","312","Borough Park (CD12)","2023","2023-01-01T00:00:00.000","8.652317625",
"874559","1426","Fine particles (PM 2.5)","Summer mean","mcg/m3","UHF34","409","Southeast Queens","2023","2023-01-01T00:00:00.000","8.565150117",
"874558","1427","Fine particles (PM 2.5)","Winter mean","mcg/m3","UHF34","409","Southeast Queens","2023","2023-01-01T00:00:00.000","5.617697449",
"874918","1426","Fine particles (PM 2.5)","Summer mean","mcg/m3","CD","311","Bensonhurst (CD11)","2023","2023-01-01T00:00:00.000","8.452024043",
"876849","1432","Nitrogen dioxide (NO2)","Summer mean","ppb","Borough","2","Brooklyn","2023","2023-01-01T00:00:00.000","12.52221569",
"876854","1431","Nitrogen dioxide (NO2)","Annual mean","ppb","Borough","4","Queens","2023","2023-01-01T00:00:00.000","15.47035273",
"876853","1433","Nitrogen dioxide (NO2)","Winter mean","ppb","Borough","3","Manhattan","2023","2023-01-01T00:00:00.000","22.57471752",
"876855","1432","Nitrogen dioxide (NO2)","Summer mean","ppb","Borough","4","Queens","2023","2023-01-01T00:00:00.000","11.54967618",
"876859","1433","Nitrogen dioxide (NO2)","Winter mean","ppb","Borough","5","Staten Island","2023","2023-01-01T00:00:00.000","17.32271341",
"876858","1432","Nitrogen dioxide (NO2)","Summer mean","ppb","Borough","5","Staten Island","2023","2023-01-01T00:00:00.000","9.286177253",
"876894","1432","Nitrogen dioxide (NO2)","Summer mean","ppb","UHF42","205","Sunset Park","2023","2023-01-01T00:00:00.000","14.78195865",
"876866","1431","Nitrogen dioxide (NO2)","Annual mean","ppb","UHF42","103","Fordham - Bronx Pk","2023","2023-01-01T00:00:00.000","15.00464812",
"876868","1433","Nitrogen dioxide (NO2)","Winter mean","ppb","UHF42","103","Fordham - Bronx Pk","2023","2023-01-01T00:00:00.000","18.99476736",
"876871","1433","Nitrogen dioxide (NO2)","Winter mean","ppb","UHF42","104","Pelham - Throgs Neck","2023","2023-01-01T00:00:00.000","19.78791893",
"876893","1431","Nitrogen dioxide (NO2)","Annual mean","ppb","UHF42","205","Sunset Park","2023","2023-01-01T00:00:00.000","19.11270949",
"876877","1433","Nitrogen dioxide (NO2)","Winter mean","ppb","UHF42","106","High Bridge - Morrisania","2023","2023-01-01T00:00:00.000","21.5282083",
"876857","1431","Nitrogen dioxide (NO2)","Annual mean","ppb","Borough","5","Staten Island","2023","2023-01-01T00:00:00.000","12.72165158",
"876981","1432","Nitrogen dioxide (NO2)","Summer mean","ppb","UHF42","503","Willowbrook","2023","2023-01-01T00:00:00.000","8.087520711",
"876926","1431","Nitrogen dioxide (NO2)","Annual mean","ppb","UHF42","305","Upper East Side","2023","2023-01-01T00:00:00.000","18.98075633",
"877137","1432","Nitrogen dioxide (NO2)","Summer mean","ppb","CD","204","Highbridge and Concourse (CD4)","2023","2023-01-01T00:00:00.000","14.04503059",
"876897","1432","Nitrogen dioxide (NO2)","Summer mean","ppb","UHF42","206","Borough Park","2023","2023-01-01T00:00:00.000","11.74380759",
"874580","1426","Fine particles (PM 2.5)","Summer mean","mcg/m3","UHF34","304","Upper West Side","2023","2023-01-01T00:00:00.000","9.178923085",
"876889","1433","Nitrogen dioxide (NO2)","Winter mean","ppb","UHF42","203","Bedford Stuyvesant - Crown Heights","2023","2023-01-01T00:00:00.000","23.31389388",
"876891","1432","Nitrogen dioxide (NO2)","Summer mean","ppb","UHF42","204","East New York","2023","2023-01-01T00:00:00.000","13.58713104",
"876899","1431","Nitrogen dioxide (NO2)","Annual mean","ppb","UHF42","207","East Flatbush - Flatbush","2023","2023-01-01T00:00:00.000","16.14575343",
"876900","1432","Nitrogen dioxide (NO2)","Summer mean","ppb","UHF42","207","East Flatbush - Flatbush","2023","2023-01-01T00:00:00.000","12.02033251",
"876924","1432","Nitrogen dioxide (NO2)","Summer mean","ppb","UHF42","304","Upper West Side","2023","2023-01-01T00:00:00.000","15.61856373",
"876885","1432","Nitrogen dioxide (NO2)","Summer mean","ppb","UHF42","202","Downtown - Heights - Slope","2023","2023-01-01T00:00:00.000","14.02065338",
"876905","1431","Nitrogen dioxide (NO2)","Annual mean","ppb","UHF42","209","Bensonhurst - Bay Ridge","2023","2023-01-01T00:00:00.000","16.38828037",
"876910","1433","Nitrogen dioxide (NO2)","Winter mean","ppb","UHF42","210","Coney Island - Sheepshead Bay","2023","2023-01-01T00:00:00.000","18.29529819",
"876917","1431","Nitrogen dioxide (NO2)","Annual mean","ppb","UHF42","302","Central Harlem - Morningside Heights","2023","2023-01-01T00:00:00.000","16.29410694",
"876922","1433","Nitrogen dioxide (NO2)","Winter mean","ppb","UHF42","303","East Harlem","2023","2023-01-01T00:00:00.000","20.16780596",
"874912","1426","Fine particles (PM 2.5)","Summer mean","mcg/m3","CD","309","South Crown Heights and Lefferts Gardens (CD9)","2023","2023-01-01T00:00:00.000","8.65103668",
"874913","1427","Fine particles (PM 2.5)","Winter mean","mcg/m3","CD","309","South Crown Heights and Lefferts Gardens (CD9)","2023","2023-01-01T00:00:00.000","6.215109393",
"877165","1433","Nitrogen dioxide (NO2)","Winter mean","ppb","CD","301","Greenpoint and Williamsburg (CD1)","2023","2023-01-01T00:00:00.000","23.95804204",
"876908","1431","Nitrogen dioxide (NO2)","Annual mean","ppb","UHF42","210","Coney Island - Sheepshead Bay","2023","2023-01-01T00:00:00.000","13.9507122",
"876934","1433","Nitrogen dioxide (NO2)","Winter mean","ppb","UHF42","307","Gramercy Park - Murray Hill","2023","2023-01-01T00:00:00.000","25.77429464",
"874907","1427","Fine particles (PM 2.5)","Winter mean","mcg/m3","CD","307","Sunset Park (CD7)","2023","2023-01-01T00:00:00.000","6.612257463",
"877169","1431","Nitrogen dioxide (NO2)","Annual mean","ppb","CD","303","Bedford Stuyvesant (CD3)","2023","2023-01-01T00:00:00.000","17.04140309",
"874908","1425","Fine particles (PM 2.5)","Annual mean","mcg/m3","CD","308","Crown Heights and Prospect Heights (CD8)","2023","2023-01-01T00:00:00.000","6.920418972",
"874904","1427","Fine particles (PM 2.5)","Winter mean","mcg/m3","CD","306","Park Slope and Carroll Gardens (CD6)","2023","2023-01-01T00:00:00.000","6.799389863",
"874905","1425","Fine particles (PM 2.5)","Annual mean","mcg/m3","CD","307","Sunset Park (CD7)","2023","2023-01-01T00:00:00.000","7.079861905",
"877172","1431","Nitrogen dioxide (NO2)","Annual mean","ppb","CD","304","Bushwick (CD4)","2023","2023-01-01T00:00:00.000","17.85138313",
"874902","1425","Fine particles (PM 2.5)","Annual mean","mcg/m3","CD","306","Park Slope and Carroll Gardens (CD6)","2023","2023-01-01T00:00:00.000","7.163769986",
"874906","1426","Fine particles (PM 2.5)","Summer mean","mcg/m3","CD","307","Sunset Park (CD7)","2023","2023-01-01T00:00:00.000","9.15830274",
"874901","1427","Fine particles (PM 2.5)","Winter mean","mcg/m3","CD","305","East New York and Starrett City (CD5)","2023","2023-01-01T00:00:00.000","6.222171203",
"874909","1426","Fine particles (PM 2.5)","Summer mean","mcg/m3","CD","308","Crown Heights and Prospect Heights (CD8)","2023","2023-01-01T00:00:00.000","8.936772164",
"874897","1426","Fine particles (PM 2.5)","Summer mean","mcg/m3","CD","304","Bushwick (CD4)","2023","2023-01-01T00:00:00.000","9.148943181",
"874898","1427","Fine particles (PM 2.5)","Winter mean","mcg/m3","CD","304","Bushwick (CD4)","2023","2023-01-01T00:00:00.000","6.781702364",
"874895","1427","Fine particles (PM 2.5)","Winter mean","mcg/m3","CD","303","Bedford Stuyvesant (CD3)","2023","2023-01-01T00:00:00.000","6.596272548",
"874893","1425","Fine particles (PM 2.5)","Annual mean","mcg/m3","CD","303","Bedford Stuyvesant (CD3)","2023","2023-01-01T00:00:00.000","6.948465531",
"874899","1425","Fine particles (PM 2.5)","Annual mean","mcg/m3","CD","305","East New York and Starrett City (CD5)","2023","2023-01-01T00:00:00.000","6.738729025",
"874894","1426","Fine particles (PM 2.5)","Summer mean","mcg/m3","CD","303","Bedford Stuyvesant (CD3)","2023","2023-01-01T00:00:00.000","9.002668989",
"874889","1427","Fine particles (PM 2.5)","Winter mean","mcg/m3","CD","301","Greenpoint and Williamsburg (CD1)","2023","2023-01-01T00:00:00.000","7.030832139",
"874890","1425","Fine particles (PM 2.5)","Annual mean","mcg/m3","CD","302","Fort Greene and Brooklyn Heights (CD2)","2023","2023-01-01T00:00:00.000","7.154167222",
"874887","1425","Fine particles (PM 2.5)","Annual mean","mcg/m3","CD","301","Greenpoint and Williamsburg (CD1)","2023","2023-01-01T00:00:00.000","7.403432533",
"874910","1427","Fine particles (PM 2.5)","Winter mean","mcg/m3","CD","308","Crown Heights and Prospect Heights (CD8)","2023","2023-01-01T00:00:00.000","6.582934349",
"874891","1426","Fine particles (PM 2.5)","Summer mean","mcg/m3","CD","302","Fort Greene and Brooklyn Heights (CD2)","2023","2023-01-01T00:00:00.000","9.189253309",
"874886","1427","Fine particles (PM 2.5)","Winter mean","mcg/m3","CD","212","Williamsbridge and Baychester (CD12)","2023","2023-01-01T00:00:00.000","6.562698425",
"874900","1426","Fine particles (PM 2.5)","Summer mean","mcg/m3","CD","305","East New York and Starrett City (CD5)","2023","2023-01-01T00:00:00.000","8.832348602",
"874881","1425","Fine particles (PM 2.5)","Annual mean","mcg/m3","CD","211","Morris Park and Bronxdale (CD11)","2023","2023-01-01T00:00:00.000","6.859797047",
"874882","1426","Fine particles (PM 2.5)","Summer mean","mcg/m3","CD","211","Morris Park and Bronxdale (CD11)","2023","2023-01-01T00:00:00.000","9.232350014",
"874879","1426","Fine particles (PM 2.5)","Summer mean","mcg/m3","CD","210","Throgs Neck and Co-op City (CD10)","2023","2023-01-01T00:00:00.000","9.169949337",
"874877","1427","Fine particles (PM 2.5)","Winter mean","mcg/m3","CD","209","Parkchester and Soundview (CD9)","2023","2023-01-01T00:00:00.000","6.606709065",
"874883","1427","Fine particles (PM 2.5)","Winter mean","mcg/m3","CD","211","Morris Park and Bronxdale (CD11)","2023","2023-01-01T00:00:00.000","6.580872292",
"874878","1425","Fine particles (PM 2.5)","Annual mean","mcg/m3","CD","210","Throgs Neck and Co-op City (CD10)","2023","2023-01-01T00:00:00.000","6.801974169",
"874873","1426","Fine particles (PM 2.5)","Summer mean","mcg/m3","CD","208","Riverdale and Fieldston (CD8)","2023","2023-01-01T00:00:00.000","9.257483083",
"874874","1427","Fine particles (PM 2.5)","Winter mean","mcg/m3","CD","208","Riverdale and Fieldston (CD8)","2023","2023-01-01T00:00:00.000","6.575514685",
"874871","1427","Fine particles (PM 2.5)","Winter mean","mcg/m3","CD","503","Tottenville and Great Kills (CD3)","2023","2023-01-01T00:00:00.000","5.317825216",
"874869","1425","Fine particles (PM 2.5)","Annual mean","mcg/m3","CD","503","Tottenville and Great Kills (CD3)","2023","2023-01-01T00:00:00.000","6.110493448",
"874875","1425","Fine particles (PM 2.5)","Annual mean","mcg/m3","CD","209","Parkchester and Soundview (CD9)","2023","2023-01-01T00:00:00.000","6.95247031",
"874870","1426","Fine particles (PM 2.5)","Summer mean","mcg/m3","CD","503","Tottenville and Great Kills (CD3)","2023","2023-01-01T00:00:00.000","8.212676617",
"874884","1425","Fine particles (PM 2.5)","Annual mean","mcg/m3","CD","212","Williamsbridge and Baychester (CD12)","2023","2023-01-01T00:00:00.000","6.814022519",
"874865","1427","Fine particles (PM 2.5)","Winter mean","mcg/m3","CD","501","St. George and Stapleton (CD1)","2023","2023-01-01T00:00:00.000","5.795422031",
"874862","1427","Fine particles (PM 2.5)","Winter mean","mcg/m3","CD","414","Rockaway and Broad Channel (CD14)","2023","2023-01-01T00:00:00.000","5.263463655",
"874866","1425","Fine particles (PM 2.5)","Annual mean","mcg/m3","CD","502","South Beach and Willowbrook (CD2)","2023","2023-01-01T00:00:00.000","6.253619748",
"874858","1426","Fine particles (PM 2.5)","Summer mean","mcg/m3","CD","413","Queens Village (CD13)","2023","2023-01-01T00:00:00.000","8.60642687",
"874855","1426","Fine particles (PM 2.5)","Summer mean","mcg/m3","CD","412","Jamaica and Hollis (CD12)","2023","2023-01-01T00:00:00.000","8.695098537",
"874859","1427","Fine particles (PM 2.5)","Winter mean","mcg/m3","CD","413","Queens Village (CD13)","2023","2023-01-01T00:00:00.000","5.661272447",
"874867","1426","Fine particles (PM 2.5)","Summer mean","mcg/m3","CD","502","South Beach and Willowbrook (CD2)","2023","2023-01-01T00:00:00.000","8.411168198",
"874851","1425","Fine particles (PM 2.5)","Annual mean","mcg/m3","CD","411","Bayside and Little Neck (CD11)","2023","2023-01-01T00:00:00.000","6.481628694",
"874848","1425","Fine particles (PM 2.5)","Annual mean","mcg/m3","CD","410","South Ozone Park and Howard Beach (CD10)","2023","2023-01-01T00:00:00.000","6.406497953",
"874852","1426","Fine particles (PM 2.5)","Summer mean","mcg/m3","CD","411","Bayside and Little Neck (CD11)","2023","2023-01-01T00:00:00.000","8.718392544",
"874914","1425","Fine particles (PM 2.5)","Annual mean","mcg/m3","CD","310","Bay Ridge and Dyker Heights (CD10)","2023","2023-01-01T00:00:00.000","6.603554291",
"874885","1426","Fine particles (PM 2.5)","Summer mean","mcg/m3","CD","212","Williamsbridge and Baychester (CD12)","2023","2023-01-01T00:00:00.000","9.254048723",
"874853","1427","Fine particles (PM 2.5)","Winter mean","mcg/m3","CD","411","Bayside and Little Neck (CD11)","2023","2023-01-01T00:00:00.000","5.872252834",
"874868","1427","Fine particles (PM 2.5)","Winter mean","mcg/m3","CD","502","South Beach and Willowbrook (CD2)","2023","2023-01-01T00:00:00.000","5.562425296",
"874911","1425","Fine particles (PM 2.5)","Annual mean","mcg/m3","CD","309","South Crown Heights and Lefferts Gardens (CD9)","2023","2023-01-01T00:00:00.000","6.607931748",
"876919","1433","Nitrogen dioxide (NO2)","Winter mean","ppb","UHF42","302","Central Harlem - Morningside Heights","2023","2023-01-01T00:00:00.000","20.01117466",
"876881","1431","Nitrogen dioxide (NO2)","Annual mean","ppb","UHF42","201","Greenpoint","2023","2023-01-01T00:00:00.000","19.31599125",
"874839","1425","Fine particles (PM 2.5)","Annual mean","mcg/m3","CD","407","Flushing and Whitestone (CD7)","2023","2023-01-01T00:00:00.000","6.694997318",
"874840","1426","Fine particles (PM 2.5)","Summer mean","mcg/m3","CD","407","Flushing and Whitestone (CD7)","2023","2023-01-01T00:00:00.000","8.911945787",
"874836","1425","Fine particles (PM 2.5)","Annual mean","mcg/m3","CD","406","Rego Park and Forest Hills (CD6)","2023","2023-01-01T00:00:00.000","6.569370022",
"877203","1432","Nitrogen dioxide (NO2)","Summer mean","ppb","CD","314","Flatbush and Midwood (CD14)","2023","2023-01-01T00:00:00.000","11.65295001",
"877207","1433","Nitrogen dioxide (NO2)","Winter mean","ppb","CD","315","Sheepshead Bay (CD15)","2023","2023-01-01T00:00:00.000","18.26300034",
"874834","1426","Fine particles (PM 2.5)","Summer mean","mcg/m3","CD","405","Ridgewood and Maspeth (CD5)","2023","2023-01-01T00:00:00.000","9.103134891",
"874835","1427","Fine particles (PM 2.5)","Winter mean","mcg/m3","CD","405","Ridgewood and Maspeth (CD5)","2023","2023-01-01T00:00:00.000","6.469220692",
"874833","1425","Fine particles (PM 2.5)","Annual mean","mcg/m3","CD","405","Ridgewood and Maspeth (CD5)","2023","2023-01-01T00:00:00.000","6.938860906",
"874841","1427","Fine particles (PM 2.5)","Winter mean","mcg/m3","CD","407","Flushing and Whitestone (CD7)","2023","2023-01-01T00:00:00.000","6.253089341",
"876947","1431","Nitrogen dioxide (NO2)","Annual mean","ppb","UHF42","402","West Queens","2023","2023-01-01T00:00:00.000","18.4099093",
"874831","1426","Fine particles (PM 2.5)","Summer mean","mcg/m3","CD","404","Elmhurst and Corona (CD4)","2023","2023-01-01T00:00:00.000","9.011768181",
"874829","1427","Fine particles (PM 2.5)","Winter mean","mcg/m3","CD","403","Jackson Heights (CD3)","2023","2023-01-01T00:00:00.000","6.448196004",
"876937","1433","Nitrogen dioxide (NO2)","Winter mean","ppb","UHF42","308","Greenwich Village - SoHo","2023","2023-01-01T00:00:00.000","24.18653719",
"874832","1427","Fine particles (PM 2.5)","Winter mean","mcg/m3","CD","404","Elmhurst and Corona (CD4)","2023","2023-01-01T00:00:00.000","6.553164924",
"874828","1426","Fine particles (PM 2.5)","Summer mean","mcg/m3","CD","403","Jackson Heights (CD3)","2023","2023-01-01T00:00:00.000","8.947893443",
"874842","1425","Fine particles (PM 2.5)","Annual mean","mcg/m3","CD","408","Hillcrest and Fresh Meadows (CD8)","2023","2023-01-01T00:00:00.000","6.464206042",
"876942","1432","Nitrogen dioxide (NO2)","Summer mean","ppb","UHF42","310","Lower Manhattan","2023","2023-01-01T00:00:00.000","19.23269501",
"876944","1431","Nitrogen dioxide (NO2)","Annual mean","ppb","UHF42","401","Long Island City - Astoria","2023","2023-01-01T00:00:00.000","18.41015665",
"876938","1431","Nitrogen dioxide (NO2)","Annual mean","ppb","UHF42","309","Union Square - Lower East Side","2023","2023-01-01T00:00:00.000","18.96783053",
"876949","1433","Nitrogen dioxide (NO2)","Winter mean","ppb","UHF42","402","West Queens","2023","2023-01-01T00:00:00.000","22.48203662",
"876948","1432","Nitrogen dioxide (NO2)","Summer mean","ppb","UHF42","402","West Queens","2023","2023-01-01T00:00:00.000","15.07775098",
"876943","1433","Nitrogen dioxide (NO2)","Winter mean","ppb","UHF42","310","Lower Manhattan","2023","2023-01-01T00:00:00.000","24.03065331",
"876939","1432","Nitrogen dioxide (NO2)","Summer mean","ppb","UHF42","309","Union Square - Lower East Side","2023","2023-01-01T00:00:00.000","16.5909254",
"876954","1432","Nitrogen dioxide (NO2)","Summer mean","ppb","UHF42","404","Bayside - Little Neck","2023","2023-01-01T00:00:00.000","9.624486798",
"874843","1426","Fine particles (PM 2.5)","Summer mean","mcg/m3","CD","408","Hillcrest and Fresh Meadows (CD8)","2023","2023-01-01T00:00:00.000","8.651387801",
"874825","1426","Fine particles (PM 2.5)","Summer mean","mcg/m3","CD","402","Woodside and Sunnyside (CD2)","2023","2023-01-01T00:00:00.000","9.594697694",
"876953","1431","Nitrogen dioxide (NO2)","Annual mean","ppb","UHF42","404","Bayside - Little Neck","2023","2023-01-01T00:00:00.000","14.92994837",
"876951","1432","Nitrogen dioxide (NO2)","Summer mean","ppb","UHF42","403","Flushing - Clearview","2023","2023-01-01T00:00:00.000","11.20188456",
"876940","1433","Nitrogen dioxide (NO2)","Winter mean","ppb","UHF42","309","Union Square - Lower East Side","2023","2023-01-01T00:00:00.000","22.44163958",
"874817","1427","Fine particles (PM 2.5)","Winter mean","mcg/m3","CD","317","East Flatbush (CD17)","2023","2023-01-01T00:00:00.000","6.175888576",
"874816","1426","Fine particles (PM 2.5)","Summer mean","mcg/m3","CD","317","East Flatbush (CD17)","2023","2023-01-01T00:00:00.000","8.687833391",
"874818","1425","Fine particles (PM 2.5)","Annual mean","mcg/m3","CD","318","Flatlands and Canarsie (CD18)","2023","2023-01-01T00:00:00.000","6.397138835",
"874812","1425","Fine particles (PM 2.5)","Annual mean","mcg/m3","CD","316","Brownsville (CD16)","2023","2023-01-01T00:00:00.000","6.754091415",
"874809","1425","Fine particles (PM 2.5)","Annual mean","mcg/m3","CD","315","Sheepshead Bay (CD15)","2023","2023-01-01T00:00:00.000","6.348332281",
"874813","1426","Fine particles (PM 2.5)","Summer mean","mcg/m3","CD","316","Brownsville (CD16)","2023","2023-01-01T00:00:00.000","8.830231955",
"874805","1427","Fine particles (PM 2.5)","Winter mean","mcg/m3","CD","313","Coney Island (CD13)","2023","2023-01-01T00:00:00.000","5.764514434",
"874802","1427","Fine particles (PM 2.5)","Winter mean","mcg/m3","CD","312","Borough Park (CD12)","2023","2023-01-01T00:00:00.000","6.153150783",
"874806","1425","Fine particles (PM 2.5)","Annual mean","mcg/m3","CD","314","Flatbush and Midwood (CD14)","2023","2023-01-01T00:00:00.000","6.529592865",
"874814","1427","Fine particles (PM 2.5)","Winter mean","mcg/m3","CD","316","Brownsville (CD16)","2023","2023-01-01T00:00:00.000","6.300029532",
"874605","1426","Fine particles (PM 2.5)","Summer mean","mcg/m3","CD","206","Belmont and East Tremont (CD6)","2023","2023-01-01T00:00:00.000","9.337857894",
"874602","1426","Fine particles (PM 2.5)","Summer mean","mcg/m3","CD","205","Fordham and University Heights (CD5)","2023","2023-01-01T00:00:00.000","9.294695775",
"874606","1427","Fine particles (PM 2.5)","Winter mean","mcg/m3","CD","206","Belmont and East Tremont (CD6)","2023","2023-01-01T00:00:00.000","6.763746124",
"874819","1426","Fine particles (PM 2.5)","Summer mean","mcg/m3","CD","318","Flatlands and Canarsie (CD18)","2023","2023-01-01T00:00:00.000","8.452351572",
"874599","1426","Fine particles (PM 2.5)","Summer mean","mcg/m3","CD","204","Highbridge and Concourse (CD4)","2023","2023-01-01T00:00:00.000","9.2882538",
"874639","1425","Fine particles (PM 2.5)","Annual mean","mcg/m3","CD","207","Kingsbridge Heights and Bedford (CD7)","2023","2023-01-01T00:00:00.000","6.868584368",
"874815","1425","Fine particles (PM 2.5)","Annual mean","mcg/m3","CD","317","East Flatbush (CD17)","2023","2023-01-01T00:00:00.000","6.636863737",
"874844","1427","Fine particles (PM 2.5)","Winter mean","mcg/m3","CD","408","Hillcrest and Fresh Meadows (CD8)","2023","2023-01-01T00:00:00.000","5.871352073",
"876952","1433","Nitrogen dioxide (NO2)","Winter mean","ppb","UHF42","403","Flushing - Clearview","2023","2023-01-01T00:00:00.000","18.93267515",
"874591","1427","Fine particles (PM 2.5)","Winter mean","mcg/m3","CD","201","Mott Haven and Melrose (CD1)","2023","2023-01-01T00:00:00.000","6.626513845",
"874588","1427","Fine particles (PM 2.5)","Winter mean","mcg/m3","UHF34","301","Washington Heights","2023","2023-01-01T00:00:00.000","6.701262995",
"874592","1425","Fine particles (PM 2.5)","Annual mean","mcg/m3","CD","202","Hunts Point and Longwood (CD2)","2023","2023-01-01T00:00:00.000","7.398307426",
"874584","1425","Fine particles (PM 2.5)","Annual mean","mcg/m3","UHF34","303","East Harlem","2023","2023-01-01T00:00:00.000","6.902077131",
"874581","1425","Fine particles (PM 2.5)","Annual mean","mcg/m3","UHF34","304","Upper West Side","2023","2023-01-01T00:00:00.000","6.873842959",
"874585","1427","Fine particles (PM 2.5)","Winter mean","mcg/m3","UHF34","302","Central Harlem - Morningside Heights","2023","2023-01-01T00:00:00.000","6.608300171",
"874593","1426","Fine particles (PM 2.5)","Summer mean","mcg/m3","CD","202","Hunts Point and Longwood (CD2)","2023","2023-01-01T00:00:00.000","9.725961313",
"874576","1427","Fine particles (PM 2.5)","Winter mean","mcg/m3","UHF34","401","Long Island City - Astoria","2023","2023-01-01T00:00:00.000","6.882464971",
"874573","1427","Fine particles (PM 2.5)","Winter mean","mcg/m3","UHF34","402","West Queens","2023","2023-01-01T00:00:00.000","6.665068392",
"874577","1426","Fine particles (PM 2.5)","Summer mean","mcg/m3","UHF34","401","Long Island City - Astoria","2023","2023-01-01T00:00:00.000","9.441759835",
"874569","1425","Fine particles (PM 2.5)","Annual mean","mcg/m3","UHF34","405","Ridgewood - Forest Hills","2023","2023-01-01T00:00:00.000","6.726169914",
"874566","1425","Fine particles (PM 2.5)","Annual mean","mcg/m3","UHF34","407","Southwest Queens","2023","2023-01-01T00:00:00.000","6.516490055",
"874570","1427","Fine particles (PM 2.5)","Winter mean","mcg/m3","UHF34","403","Flushing - Clearview","2023","2023-01-01T00:00:00.000","6.234041209",
"874578","1425","Fine particles (PM 2.5)","Annual mean","mcg/m3","UHF34","401","Long Island City - Astoria","2023","2023-01-01T00:00:00.000","7.254343634",
"874594","1427","Fine particles (PM 2.5)","Winter mean","mcg/m3","CD","202","Hunts Point and Longwood (CD2)","2023","2023-01-01T00:00:00.000","7.03025526",
"874560","1425","Fine particles (PM 2.5)","Annual mean","mcg/m3","UHF34","409","Southeast Queens","2023","2023-01-01T00:00:00.000","6.386780926",
"874557","1425","Fine particles (PM 2.5)","Annual mean","mcg/m3","UHF34","410","Rockaways","2023","2023-01-01T00:00:00.000","6.126453405",
"874561","1427","Fine particles (PM 2.5)","Winter mean","mcg/m3","UHF34","408","Jamaica","2023","2023-01-01T00:00:00.000","5.936853761",
"876963","1432","Nitrogen dioxide (NO2)","Summer mean","ppb","UHF42","407","Southwest Queens","2023","2023-01-01T00:00:00.000","11.94701212",
"874562","1426","Fine particles (PM 2.5)","Summer mean","mcg/m3","UHF34","408","Jamaica","2023","2023-01-01T00:00:00.000","8.721684896",
"876960","1432","Nitrogen dioxide (NO2)","Summer mean","ppb","UHF42","406","Fresh Meadows","2023","2023-01-01T00:00:00.000","10.7039473",
"876957","1432","Nitrogen dioxide (NO2)","Summer mean","ppb","UHF42","405","Ridgewood - Forest Hills","2023","2023-01-01T00:00:00.000","12.71702853",
"876972","1432","Nitrogen dioxide (NO2)","Summer mean","ppb","UHF42","410","Rockaways","2023","2023-01-01T00:00:00.000","6.471941886",
"874595","1425","Fine particles (PM 2.5)","Annual mean","mcg/m3","CD","203","Morrisania and Crotona (CD3)","2023","2023-01-01T00:00:00.000","7.047626594",
"874563","1425","Fine particles (PM 2.5)","Annual mean","mcg/m3","UHF34","408","Jamaica","2023","2023-01-01T00:00:00.000","6.589282584",
"876958","1433","Nitrogen dioxide (NO2)","Winter mean","ppb","UHF42","405","Ridgewood - Forest Hills","2023","2023-01-01T00:00:00.000","21.96049467",
"876959","1431","Nitrogen dioxide (NO2)","Annual mean","ppb","UHF42","406","Fresh Meadows","2023","2023-01-01T00:00:00.000","15.19976227",
"874845","1425","Fine particles (PM 2.5)","Annual mean","mcg/m3","CD","409","Kew Gardens and Woodhaven (CD9)","2023","2023-01-01T00:00:00.000","6.69617719",
"874596","1426","Fine particles (PM 2.5)","Summer mean","mcg/m3","CD","203","Morrisania and Crotona (CD3)","2023","2023-01-01T00:00:00.000","9.377384466",
"874915","1426","Fine particles (PM 2.5)","Summer mean","mcg/m3","CD","310","Bay Ridge and Dyker Heights (CD10)","2023","2023-01-01T00:00:00.000","8.643969442",
"876956","1431","Nitrogen dioxide (NO2)","Annual mean","ppb","UHF42","405","Ridgewood - Forest Hills","2023","2023-01-01T00:00:00.000","16.73212203",
"876880","1433","Nitrogen dioxide (NO2)","Winter mean","ppb","UHF42","107","Hunts Point - Mott Haven","2023","2023-01-01T00:00:00.000","21.80011208",
"876982","1433","Nitrogen dioxide (NO2)","Winter mean","ppb","UHF42","503","Willowbrook","2023","2023-01-01T00:00:00.000","17.20221576",
"876983","1431","Nitrogen dioxide (NO2)","Annual mean","ppb","UHF42","504","South Beach - Tottenville","2023","2023-01-01T00:00:00.000","10.46443118",
"876986","1431","Nitrogen dioxide (NO2)","Annual mean","ppb","UHF34","101","Kingsbridge - Riverdale","2023","2023-01-01T00:00:00.000","14.61424758",
"877040","1431","Nitrogen dioxide (NO2)","Annual mean","ppb","UHF34","304","Upper West Side","2023","2023-01-01T00:00:00.000","18.37524707",
"876988","1433","Nitrogen dioxide (NO2)","Winter mean","ppb","UHF34","101","Kingsbridge - Riverdale","2023","2023-01-01T00:00:00.000","17.89722521",
"876996","1432","Nitrogen dioxide (NO2)","Summer mean","ppb","UHF34","104","Pelham - Throgs Neck","2023","2023-01-01T00:00:00.000","12.06848595",
"876993","1432","Nitrogen dioxide (NO2)","Summer mean","ppb","UHF34","103","Fordham - Bronx Pk","2023","2023-01-01T00:00:00.000","12.47245283",
"877000","1433","Nitrogen dioxide (NO2)","Winter mean","ppb","UHF34","201","Greenpoint","2023","2023-01-01T00:00:00.000","23.78126415",
"877010","1431","Nitrogen dioxide (NO2)","Annual mean","ppb","UHF34","205","Sunset Park","2023","2023-01-01T00:00:00.000","19.113309",
"876999","1432","Nitrogen dioxide (NO2)","Summer mean","ppb","UHF34","201","Greenpoint","2023","2023-01-01T00:00:00.000","14.95173654",
"876991","1433","Nitrogen dioxide (NO2)","Winter mean","ppb","UHF34","102","Northeast Bronx","2023","2023-01-01T00:00:00.000","17.57637342",
"877013","1431","Nitrogen dioxide (NO2)","Annual mean","ppb","UHF34","206","Borough Park","2023","2023-01-01T00:00:00.000","16.34559611",
"877016","1431","Nitrogen dioxide (NO2)","Annual mean","ppb","UHF34","207","East Flatbush - Flatbush","2023","2023-01-01T00:00:00.000","16.14575343",
"877012","1433","Nitrogen dioxide (NO2)","Winter mean","ppb","UHF34","205","Sunset Park","2023","2023-01-01T00:00:00.000","24.34283005",
"877021","1433","Nitrogen dioxide (NO2)","Winter mean","ppb","UHF34","208","Canarsie - Flatlands","2023","2023-01-01T00:00:00.000","19.46437805",
"877020","1432","Nitrogen dioxide (NO2)","Summer mean","ppb","UHF34","208","Canarsie - Flatlands","2023","2023-01-01T00:00:00.000","12.24185059",
"877027","1433","Nitrogen dioxide (NO2)","Winter mean","ppb","UHF34","210","Coney Island - Sheepshead Bay","2023","2023-01-01T00:00:00.000","18.29529819",
"877009","1433","Nitrogen dioxide (NO2)","Winter mean","ppb","UHF34","204","East New York","2023","2023-01-01T00:00:00.000","22.84562702",
"877238","1431","Nitrogen dioxide (NO2)","Annual mean","ppb","CD","408","Hillcrest and Fresh Meadows (CD8)","2023","2023-01-01T00:00:00.000","15.110238",
"876992","1431","Nitrogen dioxide (NO2)","Annual mean","ppb","UHF34","103","Fordham - Bronx Pk","2023","2023-01-01T00:00:00.000","15.00464812",
"877031","1431","Nitrogen dioxide (NO2)","Annual mean","ppb","UHF34","301","Washington Heights","2023","2023-01-01T00:00:00.000","17.05354389",
"877030","1433","Nitrogen dioxide (NO2)","Winter mean","ppb","UHF34","211","Williamsburg - Bushwick","2023","2023-01-01T00:00:00.000","23.81074216",
"877037","1431","Nitrogen dioxide (NO2)","Annual mean","ppb","UHF34","303","East Harlem","2023","2023-01-01T00:00:00.000","16.33588174",
"877036","1433","Nitrogen dioxide (NO2)","Winter mean","ppb","UHF34","302","Central Harlem - Morningside Heights","2023","2023-01-01T00:00:00.000","20.0111503",
"874532","1426","Fine particles (PM 2.5)","Summer mean","mcg/m3","Citywide","1","New York City","2023","2023-01-01T00:00:00.000","8.809497546",
"877035","1432","Nitrogen dioxide (NO2)","Summer mean","ppb","UHF34","302","Central Harlem - Morningside Heights","2023","2023-01-01T00:00:00.000","13.24164375",
"877241","1431","Nitrogen dioxide (NO2)","Annual mean","ppb","CD","409","Kew Gardens and Woodhaven (CD9)","2023","2023-01-01T00:00:00.000","16.19117898",
"877025","1431","Nitrogen dioxide (NO2)","Annual mean","ppb","UHF34","210","Coney Island - Sheepshead Bay","2023","2023-01-01T00:00:00.000","13.9507122",
"874523","1426","Fine particles (PM 2.5)","Summer mean","mcg/m3","CD","103","Lower East Side and Chinatown (CD3)","2023","2023-01-01T00:00:00.000","9.17505874",
"877026","1432","Nitrogen dioxide (NO2)","Summer mean","ppb","UHF34","210","Coney Island - Sheepshead Bay","2023","2023-01-01T00:00:00.000","9.941814031",
"874549","1427","Fine particles (PM 2.5)","Winter mean","mcg/m3","UHF34","306308","Chelsea-Village","2023","2023-01-01T00:00:00.000","8.279870171",
"874547","1426","Fine particles (PM 2.5)","Summer mean","mcg/m3","UHF34","309310","Union Square-Lower Manhattan","2023","2023-01-01T00:00:00.000","9.223447992",
"874551","1425","Fine particles (PM 2.5)","Annual mean","mcg/m3","UHF34","306308","Chelsea-Village","2023","2023-01-01T00:00:00.000","8.017380994",
"874548","1425","Fine particles (PM 2.5)","Annual mean","mcg/m3","UHF34","309310","Union Square-Lower Manhattan","2023","2023-01-01T00:00:00.000","7.440591798",
"874550","1426","Fine particles (PM 2.5)","Summer mean","mcg/m3","UHF34","306308","Chelsea-Village","2023","2023-01-01T00:00:00.000","9.667046114",
"877245","1432","Nitrogen dioxide (NO2)","Summer mean","ppb","CD","410","South Ozone Park and Howard Beach (CD10)","2023","2023-01-01T00:00:00.000","11.75210061",
"877244","1431","Nitrogen dioxide (NO2)","Annual mean","ppb","CD","410","South Ozone Park and Howard Beach (CD10)","2023","2023-01-01T00:00:00.000","14.79736424",
"874543","1427","Fine particles (PM 2.5)","Winter mean","mcg/m3","UHF34","404406","Bayside Little Neck-Fresh Meadows","2023","2023-01-01T00:00:00.000","5.869045933",
"877251","1432","Nitrogen dioxide (NO2)","Summer mean","ppb","CD","412","Jamaica and Hollis (CD12)","2023","2023-01-01T00:00:00.000","11.3212232",
"877248","1432","Nitrogen dioxide (NO2)","Summer mean","ppb","CD","411","Bayside and Little Neck (CD11)","2023","2023-01-01T00:00:00.000","9.702139848",
"877249","1433","Nitrogen dioxide (NO2)","Winter mean","ppb","CD","411","Bayside and Little Neck (CD11)","2023","2023-01-01T00:00:00.000","17.56051841",
"877253","1431","Nitrogen dioxide (NO2)","Annual mean","ppb","CD","413","Queens Village (CD13)","2023","2023-01-01T00:00:00.000","14.84317832",
"877254","1432","Nitrogen dioxide (NO2)","Summer mean","ppb","CD","413","Queens Village (CD13)","2023","2023-01-01T00:00:00.000","10.44014289",
"877256","1431","Nitrogen dioxide (NO2)","Annual mean","ppb","CD","414","Rockaway and Broad Channel (CD14)","2023","2023-01-01T00:00:00.000","9.361544124",
"877257","1432","Nitrogen dioxide (NO2)","Summer mean","ppb","CD","414","Rockaway and Broad Channel (CD14)","2023","2023-01-01T00:00:00.000","6.452587396",
"877260","1432","Nitrogen dioxide (NO2)","Summer mean","ppb","CD","501","St. George and Stapleton (CD1)","2023","2023-01-01T00:00:00.000","12.81269171",
"877261","1433","Nitrogen dioxide (NO2)","Winter mean","ppb","CD","501","St. George and Stapleton (CD1)","2023","2023-01-01T00:00:00.000","20.32132712",
"877263","1432","Nitrogen dioxide (NO2)","Summer mean","ppb","CD","502","South Beach and Willowbrook (CD2)","2023","2023-01-01T00:00:00.000","8.594431864",
"877264","1433","Nitrogen dioxide (NO2)","Winter mean","ppb","CD","502","South Beach and Willowbrook (CD2)","2023","2023-01-01T00:00:00.000","16.95162023",
"878115","1435","Ozone (O3)","Summer mean","ppb","CD","303","Bedford Stuyvesant (CD3)","2023","2023-01-01T00:00:00.000","35.69351113",
"878116","1435","Ozone (O3)","Summer mean","ppb","CD","304","Bushwick (CD4)","2023","2023-01-01T00:00:00.000","35.79837826",
"878118","1435","Ozone (O3)","Summer mean","ppb","CD","306","Park Slope and Carroll Gardens (CD6)","2023","2023-01-01T00:00:00.000","34.15035402",
"878119","1435","Ozone (O3)","Summer mean","ppb","CD","307","Sunset Park (CD7)","2023","2023-01-01T00:00:00.000","34.62553705",
"878122","1435","Ozone (O3)","Summer mean","ppb","CD","310","Bay Ridge and Dyker Heights (CD10)","2023","2023-01-01T00:00:00.000","35.37371742",
"878123","1435","Ozone (O3)","Summer mean","ppb","CD","311","Bensonhurst (CD11)","2023","2023-01-01T00:00:00.000","39.07310042",
"878125","1435","Ozone (O3)","Summer mean","ppb","CD","313","Coney Island (CD13)","2023","2023-01-01T00:00:00.000","41.2931847",
"878126","1435","Ozone (O3)","Summer mean","ppb","CD","314","Flatbush and Midwood (CD14)","2023","2023-01-01T00:00:00.000","37.31493103",
"878130","1435","Ozone (O3)","Summer mean","ppb","CD","318","Flatlands and Canarsie (CD18)","2023","2023-01-01T00:00:00.000","38.37088645",
"878131","1435","Ozone (O3)","Summer mean","ppb","CD","401","Long Island City and Astoria (CD1)","2023","2023-01-01T00:00:00.000","33.55858112",
"878133","1435","Ozone (O3)","Summer mean","ppb","CD","403","Jackson Heights (CD3)","2023","2023-01-01T00:00:00.000","34.54442893",
"878134","1435","Ozone (O3)","Summer mean","ppb","CD","404","Elmhurst and Corona (CD4)","2023","2023-01-01T00:00:00.000","35.14139482",
"878137","1435","Ozone (O3)","Summer mean","ppb","CD","407","Flushing and Whitestone (CD7)","2023","2023-01-01T00:00:00.000","36.58470878",
"878138","1435","Ozone (O3)","Summer mean","ppb","CD","408","Hillcrest and Fresh Meadows (CD8)","2023","2023-01-01T00:00:00.000","36.68773905",
"878140","1435","Ozone (O3)","Summer mean","ppb","CD","410","South Ozone Park and Howard Beach (CD10)","2023","2023-01-01T00:00:00.000","37.87161012",
"878141","1435","Ozone (O3)","Summer mean","ppb","CD","411","Bayside and Little Neck (CD11)","2023","2023-01-01T00:00:00.000","37.09750646",
"874544","1426","Fine particles (PM 2.5)","Summer mean","mcg/m3","UHF34","404406","Bayside Little Neck-Fresh Meadows","2023","2023-01-01T00:00:00.000","8.701650681",
"874542","1425","Fine particles (PM 2.5)","Annual mean","mcg/m3","UHF34","501502","Northern SI","2023","2023-01-01T00:00:00.000","6.367702783",
"874540","1427","Fine particles (PM 2.5)","Winter mean","mcg/m3","UHF34","501502","Northern SI","2023","2023-01-01T00:00:00.000","5.74043349",
"874538","1426","Fine particles (PM 2.5)","Summer mean","mcg/m3","UHF34","503504","Southern SI","2023","2023-01-01T00:00:00.000","8.314094524",
"878150","1435","Ozone (O3)","Summer mean","ppb","CD","209","Parkchester and Soundview (CD9)","2023","2023-01-01T00:00:00.000","33.96231918",
"874343","1427","Fine particles (PM 2.5)","Winter mean","mcg/m3","UHF42","106","High Bridge - Morrisania","2023","2023-01-01T00:00:00.000","6.537183143",
"878151","1435","Ozone (O3)","Summer mean","ppb","CD","208","Riverdale and Fieldston (CD8)","2023","2023-01-01T00:00:00.000","29.62674459",
"878152","1435","Ozone (O3)","Summer mean","ppb","CD","207","Kingsbridge Heights and Bedford (CD7)","2023","2023-01-01T00:00:00.000","32.06602493",
"874541","1426","Fine particles (PM 2.5)","Summer mean","mcg/m3","UHF34","501502","Northern SI","2023","2023-01-01T00:00:00.000","8.531657499",
"878156","1435","Ozone (O3)","Summer mean","ppb","CD","203","Morrisania and Crotona (CD3)","2023","2023-01-01T00:00:00.000","32.51779978",
"878158","1435","Ozone (O3)","Summer mean","ppb","CD","201","Mott Haven and Melrose (CD1)","2023","2023-01-01T00:00:00.000","32.37118901",
"878159","1435","Ozone (O3)","Summer mean","ppb","CD","112","Washington Heights and Inwood (CD12)","2023","2023-01-01T00:00:00.000","29.66140778",
"874539","1425","Fine particles (PM 2.5)","Annual mean","mcg/m3","UHF34","503504","Southern SI","2023","2023-01-01T00:00:00.000","6.181403822",
"878162","1435","Ozone (O3)","Summer mean","ppb","CD","109","Morningside Heights and Hamilton Heights (CD9)","2023","2023-01-01T00:00:00.000","30.99076311",
"878164","1435","Ozone (O3)","Summer mean","ppb","CD","107","Upper West Side (CD7)","2023","2023-01-01T00:00:00.000","29.73775761",
"878165","1435","Ozone (O3)","Summer mean","ppb","CD","106","Stuyvesant Town and Turtle Bay (CD6)","2023","2023-01-01T00:00:00.000","29.94972265",
"874545","1425","Fine particles (PM 2.5)","Annual mean","mcg/m3","UHF34","404406","Bayside Little Neck-Fresh Meadows","2023","2023-01-01T00:00:00.000","6.474389448",
"874533","1425","Fine particles (PM 2.5)","Annual mean","mcg/m3","Citywide","1","New York City","2023","2023-01-01T00:00:00.000","6.659279692",
"878170","1435","Ozone (O3)","Summer mean","ppb","CD","101","Financial District (CD1)","2023","2023-01-01T00:00:00.000","29.71969051",
"878171","1435","Ozone (O3)","Summer mean","ppb","Citywide","1","New York City","2023","2023-01-01T00:00:00.000","35.53951634",
"874530","1425","Fine particles (PM 2.5)","Annual mean","mcg/m3","CD","101","Financial District (CD1)","2023","2023-01-01T00:00:00.000","7.404980793",
"878174","1435","Ozone (O3)","Summer mean","ppb","UHF34","501502","Northern SI","2023","2023-01-01T00:00:00.000","33.09477592",
"878176","1435","Ozone (O3)","Summer mean","ppb","UHF34","309310","Union Square-Lower Manhattan","2023","2023-01-01T00:00:00.000","30.65430801",
"878177","1435","Ozone (O3)","Summer mean","ppb","UHF34","306308","Chelsea-Village","2023","2023-01-01T00:00:00.000","28.5882459",
"874534","1427","Fine particles (PM 2.5)","Winter mean","mcg/m3","UHF34","105106107","South Bronx","2023","2023-01-01T00:00:00.000","6.673858161",
"874527","1425","Fine particles (PM 2.5)","Annual mean","mcg/m3","CD","102","Greenwich Village and Soho (CD2)","2023","2023-01-01T00:00:00.000","8.076197121",
"878181","1435","Ozone (O3)","Summer mean","ppb","UHF34","408","Jamaica","2023","2023-01-01T00:00:00.000","37.4206363",
"878182","1435","Ozone (O3)","Summer mean","ppb","UHF34","407","Southwest Queens","2023","2023-01-01T00:00:00.000","37.44642533",
"874524","1425","Fine particles (PM 2.5)","Annual mean","mcg/m3","CD","103","Lower East Side and Chinatown (CD3)","2023","2023-01-01T00:00:00.000","7.353321242",
"878189","1435","Ozone (O3)","Summer mean","ppb","UHF34","302","Central Harlem - Morningside Heights","2023","2023-01-01T00:00:00.000","31.47215121",
"878186","1435","Ozone (O3)","Summer mean","ppb","UHF34","401","Long Island City - Astoria","2023","2023-01-01T00:00:00.000","33.216065",
"878187","1435","Ozone (O3)","Summer mean","ppb","UHF34","304","Upper West Side","2023","2023-01-01T00:00:00.000","29.75903836",
"874528","1427","Fine particles (PM 2.5)","Winter mean","mcg/m3","CD","101","Financial District (CD1)","2023","2023-01-01T00:00:00.000","7.384581284",
"874535","1426","Fine particles (PM 2.5)","Summer mean","mcg/m3","UHF34","105106107","South Bronx","2023","2023-01-01T00:00:00.000","9.409821191",
"874520","1426","Fine particles (PM 2.5)","Summer mean","mcg/m3","CD","104","Clinton and Chelsea (CD4)","2023","2023-01-01T00:00:00.000","9.655789883",
"878200","1435","Ozone (O3)","Summer mean","ppb","UHF34","202","Downtown - Heights - Slope","2023","2023-01-01T00:00:00.000","33.86869045",
"874521","1425","Fine particles (PM 2.5)","Annual mean","mcg/m3","CD","104","Clinton and Chelsea (CD4)","2023","2023-01-01T00:00:00.000","7.835329515",
"878194","1435","Ozone (O3)","Summer mean","ppb","UHF34","208","Canarsie - Flatlands","2023","2023-01-01T00:00:00.000","38.29501816",
"878196","1435","Ozone (O3)","Summer mean","ppb","UHF34","206","Borough Park","2023","2023-01-01T00:00:00.000","37.40360507",
"878197","1435","Ozone (O3)","Summer mean","ppb","UHF34","205","Sunset Park","2023","2023-01-01T00:00:00.000","34.50958622",
"874517","1426","Fine particles (PM 2.5)","Summer mean","mcg/m3","CD","105","Midtown (CD5)","2023","2023-01-01T00:00:00.000","9.767412952",
"874546","1427","Fine particles (PM 2.5)","Winter mean","mcg/m3","UHF34","309310","Union Square-Lower Manhattan","2023","2023-01-01T00:00:00.000","7.497413053",
"878201","1435","Ozone (O3)","Summer mean","ppb","UHF34","201","Greenpoint","2023","2023-01-01T00:00:00.000","33.7542222",
"878202","1435","Ozone (O3)","Summer mean","ppb","UHF34","104","Pelham - Throgs Neck","2023","2023-01-01T00:00:00.000","34.91689947",
"874552","1427","Fine particles (PM 2.5)","Winter mean","mcg/m3","UHF34","305307","Upper East Side-Gramercy","2023","2023-01-01T00:00:00.000","7.263107752",
"874522","1427","Fine particles (PM 2.5)","Winter mean","mcg/m3","CD","103","Lower East Side and Chinatown (CD3)","2023","2023-01-01T00:00:00.000","7.36189413",
"878206","1435","Ozone (O3)","Summer mean","ppb","UHF42","504","South Beach - Tottenville","2023","2023-01-01T00:00:00.000","36.4865784",
"878207","1435","Ozone (O3)","Summer mean","ppb","UHF42","503","Willowbrook","2023","2023-01-01T00:00:00.000","34.65271795",
"874536","1425","Fine particles (PM 2.5)","Annual mean","mcg/m3","UHF34","105106107","South Bronx","2023","2023-01-01T00:00:00.000","7.041579913",
"874553","1426","Fine particles (PM 2.5)","Summer mean","mcg/m3","UHF34","305307","Upper East Side-Gramercy","2023","2023-01-01T00:00:00.000","9.298440093",
"874510","1427","Fine particles (PM 2.5)","Winter mean","mcg/m3","CD","107","Upper West Side (CD7)","2023","2023-01-01T00:00:00.000","6.424081772",
"878213","1435","Ozone (O3)","Summer mean","ppb","UHF42","407","Southwest Queens","2023","2023-01-01T00:00:00.000","37.44705249",
"874508","1426","Fine particles (PM 2.5)","Summer mean","mcg/m3","CD","108","Upper East Side (CD8)","2023","2023-01-01T00:00:00.000","9.157520077",
"874511","1426","Fine particles (PM 2.5)","Summer mean","mcg/m3","CD","107","Upper West Side (CD7)","2023","2023-01-01T00:00:00.000","9.173802061",
"874505","1426","Fine particles (PM 2.5)","Summer mean","mcg/m3","CD","109","Morningside Heights and Hamilton Heights (CD9)","2023","2023-01-01T00:00:00.000","9.250161362",
"874506","1425","Fine particles (PM 2.5)","Annual mean","mcg/m3","CD","109","Morningside Heights and Hamilton Heights (CD9)","2023","2023-01-01T00:00:00.000","6.937311432",
"874502","1426","Fine particles (PM 2.5)","Summer mean","mcg/m3","CD","110","Central Harlem (CD10)","2023","2023-01-01T00:00:00.000","9.182091417",
"874512","1425","Fine particles (PM 2.5)","Annual mean","mcg/m3","CD","107","Upper West Side (CD7)","2023","2023-01-01T00:00:00.000","6.8683427",
"874499","1426","Fine particles (PM 2.5)","Summer mean","mcg/m3","CD","111","East Harlem (CD11)","2023","2023-01-01T00:00:00.000","9.203035572",
"878217","1435","Ozone (O3)","Summer mean","ppb","UHF42","403","Flushing - Clearview","2023","2023-01-01T00:00:00.000","36.68950296",
"874497","1425","Fine particles (PM 2.5)","Annual mean","mcg/m3","CD","112","Washington Heights and Inwood (CD12)","2023","2023-01-01T00:00:00.000","6.984992753",
"874500","1425","Fine particles (PM 2.5)","Annual mean","mcg/m3","CD","111","East Harlem (CD11)","2023","2023-01-01T00:00:00.000","6.915963164",
"874494","1425","Fine particles (PM 2.5)","Annual mean","mcg/m3","CD","201","Mott Haven and Melrose (CD1)","2023","2023-01-01T00:00:00.000","7.093354653",
"878219","1435","Ozone (O3)","Summer mean","ppb","UHF42","401","Long Island City - Astoria","2023","2023-01-01T00:00:00.000","33.216065",
"874495","1427","Fine particles (PM 2.5)","Winter mean","mcg/m3","CD","112","Washington Heights and Inwood (CD12)","2023","2023-01-01T00:00:00.000","6.706365699",
"874491","1426","Fine particles (PM 2.5)","Summer mean","mcg/m3","UHF42","301","Washington Heights","2023","2023-01-01T00:00:00.000","9.349919871",
"874501","1427","Fine particles (PM 2.5)","Winter mean","mcg/m3","CD","110","Central Harlem (CD10)","2023","2023-01-01T00:00:00.000","6.613041719",
"874513","1427","Fine particles (PM 2.5)","Winter mean","mcg/m3","CD","106","Stuyvesant Town and Turtle Bay (CD6)","2023","2023-01-01T00:00:00.000","7.587894778",
"874487","1427","Fine particles (PM 2.5)","Winter mean","mcg/m3","UHF42","302","Central Harlem - Morningside Heights","2023","2023-01-01T00:00:00.000","6.608280997",
"878226","1435","Ozone (O3)","Summer mean","ppb","UHF42","304","Upper West Side","2023","2023-01-01T00:00:00.000","29.75910834",
"874485","1426","Fine particles (PM 2.5)","Summer mean","mcg/m3","UHF42","303","East Harlem","2023","2023-01-01T00:00:00.000","9.187970378",
"874488","1426","Fine particles (PM 2.5)","Summer mean","mcg/m3","UHF42","302","Central Harlem - Morningside Heights","2023","2023-01-01T00:00:00.000","9.206518962",
"874482","1426","Fine particles (PM 2.5)","Summer mean","mcg/m3","UHF42","304","Upper West Side","2023","2023-01-01T00:00:00.000","9.178931606",
"874483","1425","Fine particles (PM 2.5)","Annual mean","mcg/m3","UHF42","304","Upper West Side","2023","2023-01-01T00:00:00.000","6.873849365",
"874479","1426","Fine particles (PM 2.5)","Summer mean","mcg/m3","UHF42","305","Upper East Side","2023","2023-01-01T00:00:00.000","9.152812817",
"874489","1425","Fine particles (PM 2.5)","Annual mean","mcg/m3","UHF42","302","Central Harlem - Morningside Heights","2023","2023-01-01T00:00:00.000","6.918861081",
"874476","1426","Fine particles (PM 2.5)","Summer mean","mcg/m3","UHF42","306","Chelsea - Clinton","2023","2023-01-01T00:00:00.000","9.716882785",
"874473","1426","Fine particles (PM 2.5)","Summer mean","mcg/m3","UHF42","307","Gramercy Park - Murray Hill","2023","2023-01-01T00:00:00.000","9.463103294",
"874477","1425","Fine particles (PM 2.5)","Annual mean","mcg/m3","UHF42","306","Chelsea - Clinton","2023","2023-01-01T00:00:00.000","8.076770315",
"878229","1435","Ozone (O3)","Summer mean","ppb","UHF42","301","Washington Heights","2023","2023-01-01T00:00:00.000","29.97225632",
"874470","1426","Fine particles (PM 2.5)","Summer mean","mcg/m3","UHF42","308","Greenwich Village - SoHo","2023","2023-01-01T00:00:00.000","9.568039799",
"874514","1426","Fine particles (PM 2.5)","Summer mean","mcg/m3","CD","106","Stuyvesant Town and Turtle Bay (CD6)","2023","2023-01-01T00:00:00.000","9.340237988",
"874478","1427","Fine particles (PM 2.5)","Winter mean","mcg/m3","UHF42","305","Upper East Side","2023","2023-01-01T00:00:00.000","6.662258812",
"874471","1425","Fine particles (PM 2.5)","Annual mean","mcg/m3","UHF42","308","Greenwich Village - SoHo","2023","2023-01-01T00:00:00.000","7.89977574",
"874490","1427","Fine particles (PM 2.5)","Winter mean","mcg/m3","UHF42","301","Washington Heights","2023","2023-01-01T00:00:00.000","6.701271742",
"874464","1426","Fine particles (PM 2.5)","Summer mean","mcg/m3","UHF42","310","Lower Manhattan","2023","2023-01-01T00:00:00.000","9.185954859",
"874461","1426","Fine particles (PM 2.5)","Summer mean","mcg/m3","UHF42","401","Long Island City - Astoria","2023","2023-01-01T00:00:00.000","9.441759835",
"874465","1425","Fine particles (PM 2.5)","Annual mean","mcg/m3","UHF42","310","Lower Manhattan","2023","2023-01-01T00:00:00.000","7.335354624",
"874457","1427","Fine particles (PM 2.5)","Winter mean","mcg/m3","UHF42","402","West Queens","2023","2023-01-01T00:00:00.000","6.665068392",
"874454","1427","Fine particles (PM 2.5)","Winter mean","mcg/m3","UHF42","403","Flushing - Clearview","2023","2023-01-01T00:00:00.000","6.233672408",
"874458","1426","Fine particles (PM 2.5)","Summer mean","mcg/m3","UHF42","402","West Queens","2023","2023-01-01T00:00:00.000","9.23668133",
"874466","1427","Fine particles (PM 2.5)","Winter mean","mcg/m3","UHF42","309","Union Square - Lower East Side","2023","2023-01-01T00:00:00.000","7.590957422",
"874450","1425","Fine particles (PM 2.5)","Annual mean","mcg/m3","UHF42","405","Ridgewood - Forest Hills","2023","2023-01-01T00:00:00.000","6.726169914",
"874451","1427","Fine particles (PM 2.5)","Winter mean","mcg/m3","UHF42","404","Bayside - Little Neck","2023","2023-01-01T00:00:00.000","5.86387523",
"874448","1427","Fine particles (PM 2.5)","Winter mean","mcg/m3","UHF42","405","Ridgewood - Forest Hills","2023","2023-01-01T00:00:00.000","6.26223548",
"874446","1426","Fine particles (PM 2.5)","Summer mean","mcg/m3","UHF42","406","Fresh Meadows","2023","2023-01-01T00:00:00.000","8.672409931",
"874452","1426","Fine particles (PM 2.5)","Summer mean","mcg/m3","UHF42","404","Bayside - Little Neck","2023","2023-01-01T00:00:00.000","8.719524695",
"874447","1425","Fine particles (PM 2.5)","Annual mean","mcg/m3","UHF42","406","Fresh Meadows","2023","2023-01-01T00:00:00.000","6.458741628",
"874467","1426","Fine particles (PM 2.5)","Summer mean","mcg/m3","UHF42","309","Union Square - Lower East Side","2023","2023-01-01T00:00:00.000","9.24061011",
"874441","1425","Fine particles (PM 2.5)","Annual mean","mcg/m3","UHF42","408","Jamaica","2023","2023-01-01T00:00:00.000","6.589261584",
"874442","1427","Fine particles (PM 2.5)","Winter mean","mcg/m3","UHF42","407","Southwest Queens","2023","2023-01-01T00:00:00.000","5.955262927",
"874440","1426","Fine particles (PM 2.5)","Summer mean","mcg/m3","UHF42","408","Jamaica","2023","2023-01-01T00:00:00.000","8.721661525",
"874438","1425","Fine particles (PM 2.5)","Annual mean","mcg/m3","UHF42","409","Southeast Queens","2023","2023-01-01T00:00:00.000","6.386811098",
"874439","1427","Fine particles (PM 2.5)","Winter mean","mcg/m3","UHF42","408","Jamaica","2023","2023-01-01T00:00:00.000","5.936789674",
"874437","1426","Fine particles (PM 2.5)","Summer mean","mcg/m3","UHF42","409","Southeast Queens","2023","2023-01-01T00:00:00.000","8.565160331",
"874443","1426","Fine particles (PM 2.5)","Summer mean","mcg/m3","UHF42","407","Southwest Queens","2023","2023-01-01T00:00:00.000","8.613922725",
"874434","1426","Fine particles (PM 2.5)","Summer mean","mcg/m3","UHF42","410","Rockaways","2023","2023-01-01T00:00:00.000","8.150636732",
"874435","1425","Fine particles (PM 2.5)","Annual mean","mcg/m3","UHF42","410","Rockaways","2023","2023-01-01T00:00:00.000","6.126453405",
"874433","1427","Fine particles (PM 2.5)","Winter mean","mcg/m3","UHF42","410","Rockaways","2023","2023-01-01T00:00:00.000","5.26452039",
"874515","1425","Fine particles (PM 2.5)","Annual mean","mcg/m3","CD","106","Stuyvesant Town and Turtle Bay (CD6)","2023","2023-01-01T00:00:00.000","7.531148057",
"874444","1425","Fine particles (PM 2.5)","Annual mean","mcg/m3","UHF42","407","Southwest Queens","2023","2023-01-01T00:00:00.000","6.516343941",
"874436","1427","Fine particles (PM 2.5)","Winter mean","mcg/m3","UHF42","409","Southeast Queens","2023","2023-01-01T00:00:00.000","5.617699015",
"874468","1425","Fine particles (PM 2.5)","Annual mean","mcg/m3","UHF42","309","Union Square - Lower East Side","2023","2023-01-01T00:00:00.000","7.488763093",
"874427","1427","Fine particles (PM 2.5)","Winter mean","mcg/m3","UHF42","502","Stapleton - St. George","2023","2023-01-01T00:00:00.000","5.669842283",
"874428","1426","Fine particles (PM 2.5)","Summer mean","mcg/m3","UHF42","502","Stapleton - St. George","2023","2023-01-01T00:00:00.000","8.449108269",
"874425","1426","Fine particles (PM 2.5)","Summer mean","mcg/m3","UHF42","503","Willowbrook","2023","2023-01-01T00:00:00.000","8.471204739",
"874423","1425","Fine particles (PM 2.5)","Annual mean","mcg/m3","UHF42","504","South Beach - Tottenville","2023","2023-01-01T00:00:00.000","6.119536019",
"874424","1427","Fine particles (PM 2.5)","Winter mean","mcg/m3","UHF42","503","Willowbrook","2023","2023-01-01T00:00:00.000","5.592895831",
"874420","1425","Fine particles (PM 2.5)","Annual mean","mcg/m3","UHF34","101","Kingsbridge - Riverdale","2023","2023-01-01T00:00:00.000","6.800834953",
"874429","1425","Fine particles (PM 2.5)","Annual mean","mcg/m3","UHF42","502","Stapleton - St. George","2023","2023-01-01T00:00:00.000","6.305643335",
"874417","1425","Fine particles (PM 2.5)","Annual mean","mcg/m3","UHF34","102","Northeast Bronx","2023","2023-01-01T00:00:00.000","6.809300497",
"874415","1427","Fine particles (PM 2.5)","Winter mean","mcg/m3","UHF34","102","Northeast Bronx","2023","2023-01-01T00:00:00.000","6.539488972",
"874418","1427","Fine particles (PM 2.5)","Winter mean","mcg/m3","UHF34","101","Kingsbridge - Riverdale","2023","2023-01-01T00:00:00.000","6.579128989",
"874412","1427","Fine particles (PM 2.5)","Winter mean","mcg/m3","UHF34","103","Fordham - Bronx Pk","2023","2023-01-01T00:00:00.000","6.623421932",
"874419","1426","Fine particles (PM 2.5)","Summer mean","mcg/m3","UHF34","101","Kingsbridge - Riverdale","2023","2023-01-01T00:00:00.000","9.265788318",
"874413","1426","Fine particles (PM 2.5)","Summer mean","mcg/m3","UHF34","103","Fordham - Bronx Pk","2023","2023-01-01T00:00:00.000","9.228735232",
"874430","1427","Fine particles (PM 2.5)","Winter mean","mcg/m3","UHF42","501","Port Richmond","2023","2023-01-01T00:00:00.000","5.872646256",
"874406","1427","Fine particles (PM 2.5)","Winter mean","mcg/m3","UHF34","201","Greenpoint","2023","2023-01-01T00:00:00.000","6.968784799",
"874404","1426","Fine particles (PM 2.5)","Summer mean","mcg/m3","UHF34","202","Downtown - Heights - Slope","2023","2023-01-01T00:00:00.000","9.205974877",
"874407","1426","Fine particles (PM 2.5)","Summer mean","mcg/m3","UHF34","201","Greenpoint","2023","2023-01-01T00:00:00.000","9.490783626",
"874401","1426","Fine particles (PM 2.5)","Summer mean","mcg/m3","UHF34","203","Bedford Stuyvesant - Crown Heights","2023","2023-01-01T00:00:00.000","8.865704873",
"874402","1425","Fine particles (PM 2.5)","Annual mean","mcg/m3","UHF34","203","Bedford Stuyvesant - Crown Heights","2023","2023-01-01T00:00:00.000","6.819560152",
"874398","1426","Fine particles (PM 2.5)","Summer mean","mcg/m3","UHF34","204","East New York","2023","2023-01-01T00:00:00.000","8.878918851",
"874408","1425","Fine particles (PM 2.5)","Annual mean","mcg/m3","UHF34","201","Greenpoint","2023","2023-01-01T00:00:00.000","7.360784329",
"874395","1426","Fine particles (PM 2.5)","Summer mean","mcg/m3","UHF34","205","Sunset Park","2023","2023-01-01T00:00:00.000","9.14926825",
"874392","1426","Fine particles (PM 2.5)","Summer mean","mcg/m3","UHF34","206","Borough Park","2023","2023-01-01T00:00:00.000","8.616311108",
"874396","1425","Fine particles (PM 2.5)","Annual mean","mcg/m3","UHF34","205","Sunset Park","2023","2023-01-01T00:00:00.000","7.082420762",
"874388","1427","Fine particles (PM 2.5)","Winter mean","mcg/m3","UHF34","207","East Flatbush - Flatbush","2023","2023-01-01T00:00:00.000","6.12954308",
"874389","1426","Fine particles (PM 2.5)","Summer mean","mcg/m3","UHF34","207","East Flatbush - Flatbush","2023","2023-01-01T00:00:00.000","8.611497961",
"874385","1427","Fine particles (PM 2.5)","Winter mean","mcg/m3","UHF34","208","Canarsie - Flatlands","2023","2023-01-01T00:00:00.000","5.843269135",
"874397","1427","Fine particles (PM 2.5)","Winter mean","mcg/m3","UHF34","204","East New York","2023","2023-01-01T00:00:00.000","6.284280262",
"874409","1427","Fine particles (PM 2.5)","Winter mean","mcg/m3","UHF34","104","Pelham - Throgs Neck","2023","2023-01-01T00:00:00.000","6.522234553",
"874405","1425","Fine particles (PM 2.5)","Annual mean","mcg/m3","UHF34","202","Downtown - Heights - Slope","2023","2023-01-01T00:00:00.000","7.157937732",
"874431","1426","Fine particles (PM 2.5)","Summer mean","mcg/m3","UHF42","501","Port Richmond","2023","2023-01-01T00:00:00.000","8.686260792",
"874380","1426","Fine particles (PM 2.5)","Summer mean","mcg/m3","UHF34","210","Coney Island - Sheepshead Bay","2023","2023-01-01T00:00:00.000","8.334285294",
"874377","1426","Fine particles (PM 2.5)","Summer mean","mcg/m3","UHF34","211","Williamsburg - Bushwick","2023","2023-01-01T00:00:00.000","9.266873894",
"874393","1425","Fine particles (PM 2.5)","Annual mean","mcg/m3","UHF34","206","Borough Park","2023","2023-01-01T00:00:00.000","6.58301364",
"874391","1427","Fine particles (PM 2.5)","Winter mean","mcg/m3","UHF34","206","Borough Park","2023","2023-01-01T00:00:00.000","6.105061444",
"874381","1425","Fine particles (PM 2.5)","Annual mean","mcg/m3","UHF34","210","Coney Island - Sheepshead Bay","2023","2023-01-01T00:00:00.000","6.353517613",
"874373","1427","Fine particles (PM 2.5)","Winter mean","mcg/m3","Borough","1","Bronx","2023","2023-01-01T00:00:00.000","6.587404142",
"874379","1427","Fine particles (PM 2.5)","Winter mean","mcg/m3","UHF34","210","Coney Island - Sheepshead Bay","2023","2023-01-01T00:00:00.000","5.784986933",
"874378","1425","Fine particles (PM 2.5)","Annual mean","mcg/m3","UHF34","211","Williamsburg - Bushwick","2023","2023-01-01T00:00:00.000","7.22773619",
"874370","1427","Fine particles (PM 2.5)","Winter mean","mcg/m3","Borough","2","Brooklyn","2023","2023-01-01T00:00:00.000","6.261810134",
"874369","1425","Fine particles (PM 2.5)","Annual mean","mcg/m3","Borough","3","Manhattan","2023","2023-01-01T00:00:00.000","7.306428575",
"874364","1427","Fine particles (PM 2.5)","Winter mean","mcg/m3","Borough","4","Queens","2023","2023-01-01T00:00:00.000","6.054823924",
"874363","1425","Fine particles (PM 2.5)","Annual mean","mcg/m3","Borough","5","Staten Island","2023","2023-01-01T00:00:00.000","6.236877639",
"874374","1426","Fine particles (PM 2.5)","Summer mean","mcg/m3","Borough","1","Bronx","2023","2023-01-01T00:00:00.000","9.288327562",
"874356","1426","Fine particles (PM 2.5)","Summer mean","mcg/m3","UHF42","102","Northeast Bronx","2023","2023-01-01T00:00:00.000","9.237958876",
"874382","1427","Fine particles (PM 2.5)","Winter mean","mcg/m3","UHF34","209","Bensonhurst - Bay Ridge","2023","2023-01-01T00:00:00.000","5.95217197",
"874365","1426","Fine particles (PM 2.5)","Summer mean","mcg/m3","Borough","4","Queens","2023","2023-01-01T00:00:00.000","8.791795544",
"874362","1426","Fine particles (PM 2.5)","Summer mean","mcg/m3","Borough","5","Staten Island","2023","2023-01-01T00:00:00.000","8.378827675",
"874366","1425","Fine particles (PM 2.5)","Annual mean","mcg/m3","Borough","4","Queens","2023","2023-01-01T00:00:00.000","6.629774049",
"874358","1427","Fine particles (PM 2.5)","Winter mean","mcg/m3","UHF42","101","Kingsbridge - Riverdale","2023","2023-01-01T00:00:00.000","6.579128989",
"874355","1427","Fine particles (PM 2.5)","Winter mean","mcg/m3","UHF42","102","Northeast Bronx","2023","2023-01-01T00:00:00.000","6.539495579",
"874359","1426","Fine particles (PM 2.5)","Summer mean","mcg/m3","UHF42","101","Kingsbridge - Riverdale","2023","2023-01-01T00:00:00.000","9.265788318",
"874367","1427","Fine particles (PM 2.5)","Winter mean","mcg/m3","Borough","3","Manhattan","2023","2023-01-01T00:00:00.000","7.197011273",
"874383","1426","Fine particles (PM 2.5)","Summer mean","mcg/m3","UHF34","209","Bensonhurst - Bay Ridge","2023","2023-01-01T00:00:00.000","8.502404761",
"874349","1427","Fine particles (PM 2.5)","Winter mean","mcg/m3","UHF42","104","Pelham - Throgs Neck","2023","2023-01-01T00:00:00.000","6.522234553",
"874350","1426","Fine particles (PM 2.5)","Summer mean","mcg/m3","UHF42","104","Pelham - Throgs Neck","2023","2023-01-01T00:00:00.000","9.229392964",
"874348","1425","Fine particles (PM 2.5)","Annual mean","mcg/m3","UHF42","105","Crotona - Tremont","2023","2023-01-01T00:00:00.000","6.999578038",
"877072","1433","Nitrogen dioxide (NO2)","Winter mean","ppb","UHF34","306308","Chelsea-Village","2023","2023-01-01T00:00:00.000","25.2817114",
"874351","1425","Fine particles (PM 2.5)","Annual mean","mcg/m3","UHF42","104","Pelham - Throgs Neck","2023","2023-01-01T00:00:00.000","6.882374275",
"874345","1425","Fine particles (PM 2.5)","Annual mean","mcg/m3","UHF42","106","High Bridge - Morrisania","2023","2023-01-01T00:00:00.000","6.910426411",
"874516","1427","Fine particles (PM 2.5)","Winter mean","mcg/m3","CD","105","Midtown (CD5)","2023","2023-01-01T00:00:00.000","8.957807345",
"874346","1427","Fine particles (PM 2.5)","Winter mean","mcg/m3","UHF42","105","Crotona - Tremont","2023","2023-01-01T00:00:00.000","6.698642289",
"874352","1427","Fine particles (PM 2.5)","Winter mean","mcg/m3","UHF42","103","Fordham - Bronx Pk","2023","2023-01-01T00:00:00.000","6.623421932",
"874384","1425","Fine particles (PM 2.5)","Annual mean","mcg/m3","UHF34","209","Bensonhurst - Bay Ridge","2023","2023-01-01T00:00:00.000","6.474937547",
"874916","1427","Fine particles (PM 2.5)","Winter mean","mcg/m3","CD","310","Bay Ridge and Dyker Heights (CD10)","2023","2023-01-01T00:00:00.000","6.104524194",
"874432","1425","Fine particles (PM 2.5)","Annual mean","mcg/m3","UHF42","501","Port Richmond","2023","2023-01-01T00:00:00.000","6.483942539",
"874347","1426","Fine particles (PM 2.5)","Summer mean","mcg/m3","UHF42","105","Crotona - Tremont","2023","2023-01-01T00:00:00.000","9.367923944",
"874554","1425","Fine particles (PM 2.5)","Annual mean","mcg/m3","UHF34","305307","Upper East Side-Gramercy","2023","2023-01-01T00:00:00.000","7.345427717",
"877138","1433","Nitrogen dioxide (NO2)","Winter mean","ppb","CD","204","Highbridge and Concourse (CD4)","2023","2023-01-01T00:00:00.000","21.63718571",
"876878","1431","Nitrogen dioxide (NO2)","Annual mean","ppb","UHF42","107","Hunts Point - Mott Haven","2023","2023-01-01T00:00:00.000","17.52685837",
"874579","1427","Fine particles (PM 2.5)","Winter mean","mcg/m3","UHF34","304","Upper West Side","2023","2023-01-01T00:00:00.000","6.434479995",
"827147","1435","Ozone (O3)","Summer mean","ppb","Borough","2","Brooklyn","2022","2022-01-01T00:00:00.000","34.69230514",
"827146","1435","Ozone (O3)","Summer mean","ppb","Borough","3","Manhattan","2022","2022-01-01T00:00:00.000","30.17543692",
"827148","1435","Ozone (O3)","Summer mean","ppb","Borough","1","Bronx","2022","2022-01-01T00:00:00.000","32.24398188",
"827143","1435","Ozone (O3)","Summer mean","ppb","UHF42","101","Kingsbridge - Riverdale","2022","2022-01-01T00:00:00.000","29.95390541",
"827138","1435","Ozone (O3)","Summer mean","ppb","UHF42","106","High Bridge - Morrisania","2022","2022-01-01T00:00:00.000","31.51181153",
"827140","1435","Ozone (O3)","Summer mean","ppb","UHF42","104","Pelham - Throgs Neck","2022","2022-01-01T00:00:00.000","33.2891319",
"827144","1435","Ozone (O3)","Summer mean","ppb","Borough","5","Staten Island","2022","2022-01-01T00:00:00.000","35.26349246",
"827135","1435","Ozone (O3)","Summer mean","ppb","UHF42","202","Downtown - Heights - Slope","2022","2022-01-01T00:00:00.000","32.29772352",
"827134","1435","Ozone (O3)","Summer mean","ppb","UHF42","203","Bedford Stuyvesant - Crown Heights","2022","2022-01-01T00:00:00.000","33.71192434",
"827136","1435","Ozone (O3)","Summer mean","ppb","UHF42","201","Greenpoint","2022","2022-01-01T00:00:00.000","32.404022",
"827137","1435","Ozone (O3)","Summer mean","ppb","UHF42","107","Hunts Point - Mott Haven","2022","2022-01-01T00:00:00.000","32.90099328",
"827145","1435","Ozone (O3)","Summer mean","ppb","Borough","4","Queens","2022","2022-01-01T00:00:00.000","34.45706382",
"827127","1435","Ozone (O3)","Summer mean","ppb","UHF42","210","Coney Island - Sheepshead Bay","2022","2022-01-01T00:00:00.000","37.07216274",
"827139","1435","Ozone (O3)","Summer mean","ppb","UHF42","105","Crotona - Tremont","2022","2022-01-01T00:00:00.000","31.38884935",
"827141","1435","Ozone (O3)","Summer mean","ppb","UHF42","103","Fordham - Bronx Pk","2022","2022-01-01T00:00:00.000","31.666184",
"827142","1435","Ozone (O3)","Summer mean","ppb","UHF42","102","Northeast Bronx","2022","2022-01-01T00:00:00.000","32.19843539",
"827126","1435","Ozone (O3)","Summer mean","ppb","UHF42","211","Williamsburg - Bushwick","2022","2022-01-01T00:00:00.000","33.17297803",
"827128","1435","Ozone (O3)","Summer mean","ppb","UHF42","209","Bensonhurst - Bay Ridge","2022","2022-01-01T00:00:00.000","35.81921707",
"827124","1435","Ozone (O3)","Summer mean","ppb","UHF42","302","Central Harlem - Morningside Heights","2022","2022-01-01T00:00:00.000","30.91161067",
"827123","1435","Ozone (O3)","Summer mean","ppb","UHF42","303","East Harlem","2022","2022-01-01T00:00:00.000","31.62649667",
"827125","1435","Ozone (O3)","Summer mean","ppb","UHF42","301","Washington Heights","2022","2022-01-01T00:00:00.000","29.85341007",
"827129","1435","Ozone (O3)","Summer mean","ppb","UHF42","208","Canarsie - Flatlands","2022","2022-01-01T00:00:00.000","36.11507607",
"827120","1435","Ozone (O3)","Summer mean","ppb","UHF42","306","Chelsea - Clinton","2022","2022-01-01T00:00:00.000","28.824582",
"827119","1435","Ozone (O3)","Summer mean","ppb","UHF42","307","Gramercy Park - Murray Hill","2022","2022-01-01T00:00:00.000","28.88368865",
"827121","1435","Ozone (O3)","Summer mean","ppb","UHF42","305","Upper East Side","2022","2022-01-01T00:00:00.000","30.75813335",
"827117","1435","Ozone (O3)","Summer mean","ppb","UHF42","309","Union Square - Lower East Side","2022","2022-01-01T00:00:00.000","31.19828422",
"827116","1435","Ozone (O3)","Summer mean","ppb","UHF42","310","Lower Manhattan","2022","2022-01-01T00:00:00.000","30.28985712",
"827118","1435","Ozone (O3)","Summer mean","ppb","UHF42","308","Greenwich Village - SoHo","2022","2022-01-01T00:00:00.000","30.29067016",
"827122","1435","Ozone (O3)","Summer mean","ppb","UHF42","304","Upper West Side","2022","2022-01-01T00:00:00.000","29.86938464",
"827130","1435","Ozone (O3)","Summer mean","ppb","UHF42","207","East Flatbush - Flatbush","2022","2022-01-01T00:00:00.000","34.89698884",
"827112","1435","Ozone (O3)","Summer mean","ppb","UHF42","404","Bayside - Little Neck","2022","2022-01-01T00:00:00.000","33.40020401",
"827111","1435","Ozone (O3)","Summer mean","ppb","UHF42","405","Ridgewood - Forest Hills","2022","2022-01-01T00:00:00.000","34.18062626",
"827113","1435","Ozone (O3)","Summer mean","ppb","UHF42","403","Flushing - Clearview","2022","2022-01-01T00:00:00.000","34.47607536",
"827109","1435","Ozone (O3)","Summer mean","ppb","UHF42","407","Southwest Queens","2022","2022-01-01T00:00:00.000","35.15616093",
"827108","1435","Ozone (O3)","Summer mean","ppb","UHF42","408","Jamaica","2022","2022-01-01T00:00:00.000","34.40762152",
"827110","1435","Ozone (O3)","Summer mean","ppb","UHF42","406","Fresh Meadows","2022","2022-01-01T00:00:00.000","34.22324851",
"827114","1435","Ozone (O3)","Summer mean","ppb","UHF42","402","West Queens","2022","2022-01-01T00:00:00.000","33.5625397",
"827105","1435","Ozone (O3)","Summer mean","ppb","UHF42","501","Port Richmond","2022","2022-01-01T00:00:00.000","34.23823801",
"827104","1435","Ozone (O3)","Summer mean","ppb","UHF42","502","Stapleton - St. George","2022","2022-01-01T00:00:00.000","34.75588887",
"827106","1435","Ozone (O3)","Summer mean","ppb","UHF42","410","Rockaways","2022","2022-01-01T00:00:00.000","37.50032276",
"827102","1435","Ozone (O3)","Summer mean","ppb","UHF42","504","South Beach - Tottenville","2022","2022-01-01T00:00:00.000","36.0357734",
"827083","1435","Ozone (O3)","Summer mean","ppb","UHF34","101","Kingsbridge - Riverdale","2022","2022-01-01T00:00:00.000","29.95390541",
"827103","1435","Ozone (O3)","Summer mean","ppb","UHF42","503","Willowbrook","2022","2022-01-01T00:00:00.000","34.75444464",
"827107","1435","Ozone (O3)","Summer mean","ppb","UHF42","409","Southeast Queens","2022","2022-01-01T00:00:00.000","34.67389389",
"827115","1435","Ozone (O3)","Summer mean","ppb","UHF42","401","Long Island City - Astoria","2022","2022-01-01T00:00:00.000","32.93001894",
"827131","1435","Ozone (O3)","Summer mean","ppb","UHF42","206","Borough Park","2022","2022-01-01T00:00:00.000","35.18590991",
"827078","1435","Ozone (O3)","Summer mean","ppb","UHF34","202","Downtown - Heights - Slope","2022","2022-01-01T00:00:00.000","32.29772352",
"827077","1435","Ozone (O3)","Summer mean","ppb","UHF34","203","Bedford Stuyvesant - Crown Heights","2022","2022-01-01T00:00:00.000","33.71192434",
"827079","1435","Ozone (O3)","Summer mean","ppb","UHF34","201","Greenpoint","2022","2022-01-01T00:00:00.000","32.404022",
"827075","1435","Ozone (O3)","Summer mean","ppb","UHF34","205","Sunset Park","2022","2022-01-01T00:00:00.000","33.65590228",
"827074","1435","Ozone (O3)","Summer mean","ppb","UHF34","206","Borough Park","2022","2022-01-01T00:00:00.000","35.18590991",
"827076","1435","Ozone (O3)","Summer mean","ppb","UHF34","204","East New York","2022","2022-01-01T00:00:00.000","34.366186",
"827080","1435","Ozone (O3)","Summer mean","ppb","UHF34","104","Pelham - Throgs Neck","2022","2022-01-01T00:00:00.000","33.2891319",
"827071","1435","Ozone (O3)","Summer mean","ppb","UHF34","209","Bensonhurst - Bay Ridge","2022","2022-01-01T00:00:00.000","35.81921707",
"827070","1435","Ozone (O3)","Summer mean","ppb","UHF34","210","Coney Island - Sheepshead Bay","2022","2022-01-01T00:00:00.000","37.07216274",
"827072","1435","Ozone (O3)","Summer mean","ppb","UHF34","208","Canarsie - Flatlands","2022","2022-01-01T00:00:00.000","36.11507607",
"827068","1435","Ozone (O3)","Summer mean","ppb","UHF34","301","Washington Heights","2022","2022-01-01T00:00:00.000","29.85364772",
"827067","1435","Ozone (O3)","Summer mean","ppb","UHF34","302","Central Harlem - Morningside Heights","2022","2022-01-01T00:00:00.000","30.91196258",
"827069","1435","Ozone (O3)","Summer mean","ppb","UHF34","211","Williamsburg - Bushwick","2022","2022-01-01T00:00:00.000","33.17297803",
"827073","1435","Ozone (O3)","Summer mean","ppb","UHF34","207","East Flatbush - Flatbush","2022","2022-01-01T00:00:00.000","34.89698884",
"827081","1435","Ozone (O3)","Summer mean","ppb","UHF34","103","Fordham - Bronx Pk","2022","2022-01-01T00:00:00.000","31.666184",
"827063","1435","Ozone (O3)","Summer mean","ppb","UHF34","402","West Queens","2022","2022-01-01T00:00:00.000","33.5625397",
"827062","1435","Ozone (O3)","Summer mean","ppb","UHF34","403","Flushing - Clearview","2022","2022-01-01T00:00:00.000","34.48480583",
"827064","1435","Ozone (O3)","Summer mean","ppb","UHF34","401","Long Island City - Astoria","2022","2022-01-01T00:00:00.000","32.93001894",
"827060","1435","Ozone (O3)","Summer mean","ppb","UHF34","407","Southwest Queens","2022","2022-01-01T00:00:00.000","35.15560782",
"827059","1435","Ozone (O3)","Summer mean","ppb","UHF34","408","Jamaica","2022","2022-01-01T00:00:00.000","34.40726097",
"827061","1435","Ozone (O3)","Summer mean","ppb","UHF34","405","Ridgewood - Forest Hills","2022","2022-01-01T00:00:00.000","34.18062626",
"827065","1435","Ozone (O3)","Summer mean","ppb","UHF34","304","Upper West Side","2022","2022-01-01T00:00:00.000","29.86919003",
"827056","1435","Ozone (O3)","Summer mean","ppb","UHF34","305307","Upper East Side-Gramercy","2022","2022-01-01T00:00:00.000","29.8790862",
"827055","1435","Ozone (O3)","Summer mean","ppb","UHF34","306308","Chelsea-Village","2022","2022-01-01T00:00:00.000","29.31514809",
"827057","1435","Ozone (O3)","Summer mean","ppb","UHF34","410","Rockaways","2022","2022-01-01T00:00:00.000","37.50032276",
"827053","1435","Ozone (O3)","Summer mean","ppb","UHF34","404406","Bayside Little Neck-Fresh Meadows","2022","2022-01-01T00:00:00.000","33.72043048",
"827052","1435","Ozone (O3)","Summer mean","ppb","UHF34","501502","Northern SI","2022","2022-01-01T00:00:00.000","34.57566992",
"827054","1435","Ozone (O3)","Summer mean","ppb","UHF34","309310","Union Square-Lower Manhattan","2022","2022-01-01T00:00:00.000","30.91303198",
"827058","1435","Ozone (O3)","Summer mean","ppb","UHF34","409","Southeast Queens","2022","2022-01-01T00:00:00.000","34.67347985",
"827066","1435","Ozone (O3)","Summer mean","ppb","UHF34","303","East Harlem","2022","2022-01-01T00:00:00.000","31.62649667",
"827082","1435","Ozone (O3)","Summer mean","ppb","UHF34","102","Northeast Bronx","2022","2022-01-01T00:00:00.000","32.19846713",
"827132","1435","Ozone (O3)","Summer mean","ppb","UHF42","205","Sunset Park","2022","2022-01-01T00:00:00.000","33.65593185",
"827046","1435","Ozone (O3)","Summer mean","ppb","CD","103","Lower East Side and Chinatown (CD3)","2022","2022-01-01T00:00:00.000","31.37404228",
"827045","1435","Ozone (O3)","Summer mean","ppb","CD","104","Clinton and Chelsea (CD4)","2022","2022-01-01T00:00:00.000","29.53574853",
"827047","1435","Ozone (O3)","Summer mean","ppb","CD","102","Greenwich Village and Soho (CD2)","2022","2022-01-01T00:00:00.000","30.23342843",
"827043","1435","Ozone (O3)","Summer mean","ppb","CD","106","Stuyvesant Town and Turtle Bay (CD6)","2022","2022-01-01T00:00:00.000","29.67289705",
"827042","1435","Ozone (O3)","Summer mean","ppb","CD","107","Upper West Side (CD7)","2022","2022-01-01T00:00:00.000","29.8879642",
"827044","1435","Ozone (O3)","Summer mean","ppb","CD","105","Midtown (CD5)","2022","2022-01-01T00:00:00.000","27.72553855",
"827048","1435","Ozone (O3)","Summer mean","ppb","CD","101","Financial District (CD1)","2022","2022-01-01T00:00:00.000","30.29878988",
"827039","1435","Ozone (O3)","Summer mean","ppb","CD","110","Central Harlem (CD10)","2022","2022-01-01T00:00:00.000","31.19724315",
"827038","1435","Ozone (O3)","Summer mean","ppb","CD","111","East Harlem (CD11)","2022","2022-01-01T00:00:00.000","31.53651581",
"827040","1435","Ozone (O3)","Summer mean","ppb","CD","109","Morningside Heights and Hamilton Heights (CD9)","2022","2022-01-01T00:00:00.000","30.55697009",
"827036","1435","Ozone (O3)","Summer mean","ppb","CD","201","Mott Haven and Melrose (CD1)","2022","2022-01-01T00:00:00.000","31.85882124",
"827035","1435","Ozone (O3)","Summer mean","ppb","CD","202","Hunts Point and Longwood (CD2)","2022","2022-01-01T00:00:00.000","32.82476154",
"827037","1435","Ozone (O3)","Summer mean","ppb","CD","112","Washington Heights and Inwood (CD12)","2022","2022-01-01T00:00:00.000","29.61475137",
"827041","1435","Ozone (O3)","Summer mean","ppb","CD","108","Upper East Side (CD8)","2022","2022-01-01T00:00:00.000","30.72903446",
"827049","1435","Ozone (O3)","Summer mean","ppb","Citywide","1","New York City","2022","2022-01-01T00:00:00.000","34.07894297",
"827031","1435","Ozone (O3)","Summer mean","ppb","CD","206","Belmont and East Tremont (CD6)","2022","2022-01-01T00:00:00.000","31.87381866",
"827030","1435","Ozone (O3)","Summer mean","ppb","CD","207","Kingsbridge Heights and Bedford (CD7)","2022","2022-01-01T00:00:00.000","31.51980337",
"827032","1435","Ozone (O3)","Summer mean","ppb","CD","205","Fordham and University Heights (CD5)","2022","2022-01-01T00:00:00.000","31.19725069",
"827028","1435","Ozone (O3)","Summer mean","ppb","CD","209","Parkchester and Soundview (CD9)","2022","2022-01-01T00:00:00.000","32.92501511",
"827027","1435","Ozone (O3)","Summer mean","ppb","CD","210","Throgs Neck and Co-op City (CD10)","2022","2022-01-01T00:00:00.000","33.59165591",
"827029","1435","Ozone (O3)","Summer mean","ppb","CD","208","Riverdale and Fieldston (CD8)","2022","2022-01-01T00:00:00.000","30.15494095",
"827033","1435","Ozone (O3)","Summer mean","ppb","CD","204","Highbridge and Concourse (CD4)","2022","2022-01-01T00:00:00.000","31.28909381",
"827024","1435","Ozone (O3)","Summer mean","ppb","CD","301","Greenpoint and Williamsburg (CD1)","2022","2022-01-01T00:00:00.000","32.4542149",
"827023","1435","Ozone (O3)","Summer mean","ppb","CD","302","Fort Greene and Brooklyn Heights (CD2)","2022","2022-01-01T00:00:00.000","31.6016692",
"827025","1435","Ozone (O3)","Summer mean","ppb","CD","212","Williamsbridge and Baychester (CD12)","2022","2022-01-01T00:00:00.000","31.77218377",
"827021","1435","Ozone (O3)","Summer mean","ppb","CD","304","Bushwick (CD4)","2022","2022-01-01T00:00:00.000","33.68081317",
"827020","1435","Ozone (O3)","Summer mean","ppb","CD","305","East New York and Starrett City (CD5)","2022","2022-01-01T00:00:00.000","34.60004805",
"827022","1435","Ozone (O3)","Summer mean","ppb","CD","303","Bedford Stuyvesant (CD3)","2022","2022-01-01T00:00:00.000","33.15824793",
"827026","1435","Ozone (O3)","Summer mean","ppb","CD","211","Morris Park and Bronxdale (CD11)","2022","2022-01-01T00:00:00.000","32.7976337",
"827034","1435","Ozone (O3)","Summer mean","ppb","CD","203","Morrisania and Crotona (CD3)","2022","2022-01-01T00:00:00.000","31.78021728",
"827050","1435","Ozone (O3)","Summer mean","ppb","UHF34","105106107","South Bronx","2022","2022-01-01T00:00:00.000","32.05465056",
"827015","1435","Ozone (O3)","Summer mean","ppb","CD","310","Bay Ridge and Dyker Heights (CD10)","2022","2022-01-01T00:00:00.000","34.84675553",
"827014","1435","Ozone (O3)","Summer mean","ppb","CD","311","Bensonhurst (CD11)","2022","2022-01-01T00:00:00.000","36.54828959",
"827016","1435","Ozone (O3)","Summer mean","ppb","CD","309","South Crown Heights and Lefferts Gardens (CD9)","2022","2022-01-01T00:00:00.000","34.39961035",
"827012","1435","Ozone (O3)","Summer mean","ppb","CD","313","Coney Island (CD13)","2022","2022-01-01T00:00:00.000","37.67186939",
"827011","1435","Ozone (O3)","Summer mean","ppb","CD","314","Flatbush and Midwood (CD14)","2022","2022-01-01T00:00:00.000","34.91394865",
"827013","1435","Ozone (O3)","Summer mean","ppb","CD","312","Borough Park (CD12)","2022","2022-01-01T00:00:00.000","35.11207427",
"827017","1435","Ozone (O3)","Summer mean","ppb","CD","308","Crown Heights and Prospect Heights (CD8)","2022","2022-01-01T00:00:00.000","33.36083066",
"827008","1435","Ozone (O3)","Summer mean","ppb","CD","317","East Flatbush (CD17)","2022","2022-01-01T00:00:00.000","34.90569044",
"827007","1435","Ozone (O3)","Summer mean","ppb","CD","318","Flatlands and Canarsie (CD18)","2022","2022-01-01T00:00:00.000","36.17828665",
"827009","1435","Ozone (O3)","Summer mean","ppb","CD","316","Brownsville (CD16)","2022","2022-01-01T00:00:00.000","34.21756217",
"827005","1435","Ozone (O3)","Summer mean","ppb","CD","402","Woodside and Sunnyside (CD2)","2022","2022-01-01T00:00:00.000","32.76581214",
"827004","1435","Ozone (O3)","Summer mean","ppb","CD","403","Jackson Heights (CD3)","2022","2022-01-01T00:00:00.000","34.19270054",
"827006","1435","Ozone (O3)","Summer mean","ppb","CD","401","Long Island City and Astoria (CD1)","2022","2022-01-01T00:00:00.000","33.60399471",
"827010","1435","Ozone (O3)","Summer mean","ppb","CD","315","Sheepshead Bay (CD15)","2022","2022-01-01T00:00:00.000","36.77191235",
"827018","1435","Ozone (O3)","Summer mean","ppb","CD","307","Sunset Park (CD7)","2022","2022-01-01T00:00:00.000","33.47063595",
"827000","1435","Ozone (O3)","Summer mean","ppb","CD","407","Flushing and Whitestone (CD7)","2022","2022-01-01T00:00:00.000","34.44220259",
"826999","1435","Ozone (O3)","Summer mean","ppb","CD","408","Hillcrest and Fresh Meadows (CD8)","2022","2022-01-01T00:00:00.000","33.86222875",
"827001","1435","Ozone (O3)","Summer mean","ppb","CD","406","Rego Park and Forest Hills (CD6)","2022","2022-01-01T00:00:00.000","33.89093469",
"826997","1435","Ozone (O3)","Summer mean","ppb","CD","410","South Ozone Park and Howard Beach (CD10)","2022","2022-01-01T00:00:00.000","35.53372839",
"826998","1435","Ozone (O3)","Summer mean","ppb","CD","409","Kew Gardens and Woodhaven (CD9)","2022","2022-01-01T00:00:00.000","34.53289013",
"827002","1435","Ozone (O3)","Summer mean","ppb","CD","405","Ridgewood and Maspeth (CD5)","2022","2022-01-01T00:00:00.000","34.02865764",
"827019","1435","Ozone (O3)","Summer mean","ppb","CD","306","Park Slope and Carroll Gardens (CD6)","2022","2022-01-01T00:00:00.000","32.89096201",
"826994","1435","Ozone (O3)","Summer mean","ppb","CD","413","Queens Village (CD13)","2022","2022-01-01T00:00:00.000","34.70909053",
"826993","1435","Ozone (O3)","Summer mean","ppb","CD","414","Rockaway and Broad Channel (CD14)","2022","2022-01-01T00:00:00.000","37.58306865",
"826995","1435","Ozone (O3)","Summer mean","ppb","CD","412","Jamaica and Hollis (CD12)","2022","2022-01-01T00:00:00.000","34.63508331",
"826991","1435","Ozone (O3)","Summer mean","ppb","CD","502","South Beach and Willowbrook (CD2)","2022","2022-01-01T00:00:00.000","35.15022251",
"826992","1435","Ozone (O3)","Summer mean","ppb","CD","501","St. George and Stapleton (CD1)","2022","2022-01-01T00:00:00.000","34.24407322",
"826996","1435","Ozone (O3)","Summer mean","ppb","CD","411","Bayside and Little Neck (CD11)","2022","2022-01-01T00:00:00.000","33.68961687",
"827003","1435","Ozone (O3)","Summer mean","ppb","CD","404","Elmhurst and Corona (CD4)","2022","2022-01-01T00:00:00.000","34.0864271",
"827051","1435","Ozone (O3)","Summer mean","ppb","UHF34","503504","Southern SI","2022","2022-01-01T00:00:00.000","35.56104123",
"827133","1435","Ozone (O3)","Summer mean","ppb","UHF42","204","East New York","2022","2022-01-01T00:00:00.000","34.366186",
"826378","1432","Nitrogen dioxide (NO2)","Summer mean","ppb","CD","410","South Ozone Park and Howard Beach (CD10)","2022","2022-01-01T00:00:00.000","9.169227581",
"826375","1432","Nitrogen dioxide (NO2)","Summer mean","ppb","CD","409","Kew Gardens and Woodhaven (CD9)","2022","2022-01-01T00:00:00.000","10.59478216",
"826376","1431","Nitrogen dioxide (NO2)","Annual mean","ppb","CD","409","Kew Gardens and Woodhaven (CD9)","2022","2022-01-01T00:00:00.000","15.10427401",
"826377","1433","Nitrogen dioxide (NO2)","Winter mean","ppb","CD","410","South Ozone Park and Howard Beach (CD10)","2022","2022-01-01T00:00:00.000","18.74203383",
"826380","1433","Nitrogen dioxide (NO2)","Winter mean","ppb","CD","411","Bayside and Little Neck (CD11)","2022","2022-01-01T00:00:00.000","19.87356062",
"826379","1431","Nitrogen dioxide (NO2)","Annual mean","ppb","CD","410","South Ozone Park and Howard Beach (CD10)","2022","2022-01-01T00:00:00.000","13.74823684",
"826370","1431","Nitrogen dioxide (NO2)","Annual mean","ppb","CD","407","Flushing and Whitestone (CD7)","2022","2022-01-01T00:00:00.000","15.19825501",
"826371","1433","Nitrogen dioxide (NO2)","Winter mean","ppb","CD","408","Hillcrest and Fresh Meadows (CD8)","2022","2022-01-01T00:00:00.000","19.80003203",
"826369","1432","Nitrogen dioxide (NO2)","Summer mean","ppb","CD","407","Flushing and Whitestone (CD7)","2022","2022-01-01T00:00:00.000","11.07626785",
"826372","1432","Nitrogen dioxide (NO2)","Summer mean","ppb","CD","408","Hillcrest and Fresh Meadows (CD8)","2022","2022-01-01T00:00:00.000","10.47257775",
"826366","1432","Nitrogen dioxide (NO2)","Summer mean","ppb","CD","406","Rego Park and Forest Hills (CD6)","2022","2022-01-01T00:00:00.000","11.03706471",
"826367","1431","Nitrogen dioxide (NO2)","Annual mean","ppb","CD","406","Rego Park and Forest Hills (CD6)","2022","2022-01-01T00:00:00.000","15.33439746",
"826373","1431","Nitrogen dioxide (NO2)","Annual mean","ppb","CD","408","Hillcrest and Fresh Meadows (CD8)","2022","2022-01-01T00:00:00.000","14.72709895",
"826368","1433","Nitrogen dioxide (NO2)","Winter mean","ppb","CD","407","Flushing and Whitestone (CD7)","2022","2022-01-01T00:00:00.000","20.94826001",
"826362","1433","Nitrogen dioxide (NO2)","Winter mean","ppb","CD","405","Ridgewood and Maspeth (CD5)","2022","2022-01-01T00:00:00.000","21.799273",
"826363","1432","Nitrogen dioxide (NO2)","Summer mean","ppb","CD","405","Ridgewood and Maspeth (CD5)","2022","2022-01-01T00:00:00.000","11.22934356",
"826361","1431","Nitrogen dioxide (NO2)","Annual mean","ppb","CD","404","Elmhurst and Corona (CD4)","2022","2022-01-01T00:00:00.000","16.37041762",
"826364","1431","Nitrogen dioxide (NO2)","Annual mean","ppb","CD","405","Ridgewood and Maspeth (CD5)","2022","2022-01-01T00:00:00.000","15.87622947",
"826359","1433","Nitrogen dioxide (NO2)","Winter mean","ppb","CD","404","Elmhurst and Corona (CD4)","2022","2022-01-01T00:00:00.000","21.98859049",
"826374","1433","Nitrogen dioxide (NO2)","Winter mean","ppb","CD","409","Kew Gardens and Woodhaven (CD9)","2022","2022-01-01T00:00:00.000","20.40612275",
"826360","1432","Nitrogen dioxide (NO2)","Summer mean","ppb","CD","404","Elmhurst and Corona (CD4)","2022","2022-01-01T00:00:00.000","12.24107819",
"826365","1433","Nitrogen dioxide (NO2)","Winter mean","ppb","CD","406","Rego Park and Forest Hills (CD6)","2022","2022-01-01T00:00:00.000","20.79899333",
"826381","1432","Nitrogen dioxide (NO2)","Summer mean","ppb","CD","411","Bayside and Little Neck (CD11)","2022","2022-01-01T00:00:00.000","10.73361271",
"826353","1433","Nitrogen dioxide (NO2)","Winter mean","ppb","CD","402","Woodside and Sunnyside (CD2)","2022","2022-01-01T00:00:00.000","24.08199337",
"826354","1432","Nitrogen dioxide (NO2)","Summer mean","ppb","CD","402","Woodside and Sunnyside (CD2)","2022","2022-01-01T00:00:00.000","14.18081179",
"826351","1432","Nitrogen dioxide (NO2)","Summer mean","ppb","CD","401","Long Island City and Astoria (CD1)","2022","2022-01-01T00:00:00.000","11.97481491",
"826352","1431","Nitrogen dioxide (NO2)","Annual mean","ppb","CD","401","Long Island City and Astoria (CD1)","2022","2022-01-01T00:00:00.000","16.06858676",
"826355","1431","Nitrogen dioxide (NO2)","Annual mean","ppb","CD","402","Woodside and Sunnyside (CD2)","2022","2022-01-01T00:00:00.000","18.41367319",
"826348","1432","Nitrogen dioxide (NO2)","Summer mean","ppb","CD","318","Flatlands and Canarsie (CD18)","2022","2022-01-01T00:00:00.000","8.50052679",
"826349","1431","Nitrogen dioxide (NO2)","Annual mean","ppb","CD","318","Flatlands and Canarsie (CD18)","2022","2022-01-01T00:00:00.000","13.32698641",
"826350","1433","Nitrogen dioxide (NO2)","Winter mean","ppb","CD","401","Long Island City and Astoria (CD1)","2022","2022-01-01T00:00:00.000","21.61645955",
"826347","1433","Nitrogen dioxide (NO2)","Winter mean","ppb","CD","318","Flatlands and Canarsie (CD18)","2022","2022-01-01T00:00:00.000","19.09960102",
"826356","1433","Nitrogen dioxide (NO2)","Winter mean","ppb","CD","403","Jackson Heights (CD3)","2022","2022-01-01T00:00:00.000","21.16019598",
"826344","1433","Nitrogen dioxide (NO2)","Winter mean","ppb","CD","317","East Flatbush (CD17)","2022","2022-01-01T00:00:00.000","21.20896179",
"826345","1432","Nitrogen dioxide (NO2)","Summer mean","ppb","CD","317","East Flatbush (CD17)","2022","2022-01-01T00:00:00.000","10.50434711",
"826342","1432","Nitrogen dioxide (NO2)","Summer mean","ppb","CD","316","Brownsville (CD16)","2022","2022-01-01T00:00:00.000","11.23771298",
"826357","1432","Nitrogen dioxide (NO2)","Summer mean","ppb","CD","403","Jackson Heights (CD3)","2022","2022-01-01T00:00:00.000","11.45588083",
"826343","1431","Nitrogen dioxide (NO2)","Annual mean","ppb","CD","316","Brownsville (CD16)","2022","2022-01-01T00:00:00.000","15.94249185",
"826346","1431","Nitrogen dioxide (NO2)","Annual mean","ppb","CD","317","East Flatbush (CD17)","2022","2022-01-01T00:00:00.000","15.30286219",
"826338","1433","Nitrogen dioxide (NO2)","Winter mean","ppb","CD","315","Sheepshead Bay (CD15)","2022","2022-01-01T00:00:00.000","19.05259378",
"826339","1432","Nitrogen dioxide (NO2)","Summer mean","ppb","CD","315","Sheepshead Bay (CD15)","2022","2022-01-01T00:00:00.000","8.527088442",
"826336","1432","Nitrogen dioxide (NO2)","Summer mean","ppb","CD","314","Flatbush and Midwood (CD14)","2022","2022-01-01T00:00:00.000","9.801305676",
"826337","1431","Nitrogen dioxide (NO2)","Annual mean","ppb","CD","314","Flatbush and Midwood (CD14)","2022","2022-01-01T00:00:00.000","14.65277326",
"826340","1431","Nitrogen dioxide (NO2)","Annual mean","ppb","CD","315","Sheepshead Bay (CD15)","2022","2022-01-01T00:00:00.000","13.14523747",
"826341","1433","Nitrogen dioxide (NO2)","Winter mean","ppb","CD","316","Brownsville (CD16)","2022","2022-01-01T00:00:00.000","21.72063225",
"826358","1431","Nitrogen dioxide (NO2)","Annual mean","ppb","CD","403","Jackson Heights (CD3)","2022","2022-01-01T00:00:00.000","15.51556433",
"826990","1435","Ozone (O3)","Summer mean","ppb","CD","503","Tottenville and Great Kills (CD3)","2022","2022-01-01T00:00:00.000","36.03199529",
"826335","1433","Nitrogen dioxide (NO2)","Winter mean","ppb","CD","314","Flatbush and Midwood (CD14)","2022","2022-01-01T00:00:00.000","20.61779442",
"826328","1431","Nitrogen dioxide (NO2)","Annual mean","ppb","CD","311","Bensonhurst (CD11)","2022","2022-01-01T00:00:00.000","14.09122812",
"826327","1432","Nitrogen dioxide (NO2)","Summer mean","ppb","CD","311","Bensonhurst (CD11)","2022","2022-01-01T00:00:00.000","9.398134233",
"826331","1431","Nitrogen dioxide (NO2)","Annual mean","ppb","CD","312","Borough Park (CD12)","2022","2022-01-01T00:00:00.000","15.16900525",
"826329","1433","Nitrogen dioxide (NO2)","Winter mean","ppb","CD","312","Borough Park (CD12)","2022","2022-01-01T00:00:00.000","21.23037364",
"826326","1433","Nitrogen dioxide (NO2)","Winter mean","ppb","CD","311","Bensonhurst (CD11)","2022","2022-01-01T00:00:00.000","20.15487486",
"826330","1432","Nitrogen dioxide (NO2)","Summer mean","ppb","CD","312","Borough Park (CD12)","2022","2022-01-01T00:00:00.000","10.29714096",
"826320","1433","Nitrogen dioxide (NO2)","Winter mean","ppb","CD","309","South Crown Heights and Lefferts Gardens (CD9)","2022","2022-01-01T00:00:00.000","21.25230904",
"826319","1431","Nitrogen dioxide (NO2)","Annual mean","ppb","CD","308","Crown Heights and Prospect Heights (CD8)","2022","2022-01-01T00:00:00.000","16.55698281",
"826321","1432","Nitrogen dioxide (NO2)","Summer mean","ppb","CD","309","South Crown Heights and Lefferts Gardens (CD9)","2022","2022-01-01T00:00:00.000","10.62078324",
"826317","1433","Nitrogen dioxide (NO2)","Winter mean","ppb","CD","308","Crown Heights and Prospect Heights (CD8)","2022","2022-01-01T00:00:00.000","22.30834077",
"826318","1432","Nitrogen dioxide (NO2)","Summer mean","ppb","CD","308","Crown Heights and Prospect Heights (CD8)","2022","2022-01-01T00:00:00.000","11.80086863",
"826322","1431","Nitrogen dioxide (NO2)","Annual mean","ppb","CD","309","South Crown Heights and Lefferts Gardens (CD9)","2022","2022-01-01T00:00:00.000","15.44228282",
"826116","1433","Nitrogen dioxide (NO2)","Winter mean","ppb","CD","503","Tottenville and Great Kills (CD3)","2022","2022-01-01T00:00:00.000","14.47603219",
"826115","1431","Nitrogen dioxide (NO2)","Annual mean","ppb","CD","502","South Beach and Willowbrook (CD2)","2022","2022-01-01T00:00:00.000","11.76841845",
"826117","1432","Nitrogen dioxide (NO2)","Summer mean","ppb","CD","503","Tottenville and Great Kills (CD3)","2022","2022-01-01T00:00:00.000","6.772493129",
"826118","1431","Nitrogen dioxide (NO2)","Annual mean","ppb","CD","503","Tottenville and Great Kills (CD3)","2022","2022-01-01T00:00:00.000","9.280613436",
"826114","1432","Nitrogen dioxide (NO2)","Summer mean","ppb","CD","502","South Beach and Willowbrook (CD2)","2022","2022-01-01T00:00:00.000","8.007602768",
"826323","1433","Nitrogen dioxide (NO2)","Winter mean","ppb","CD","310","Bay Ridge and Dyker Heights (CD10)","2022","2022-01-01T00:00:00.000","20.78398796",
"826110","1433","Nitrogen dioxide (NO2)","Winter mean","ppb","CD","501","St. George and Stapleton (CD1)","2022","2022-01-01T00:00:00.000","18.66539673",
"826077","1431","Nitrogen dioxide (NO2)","Annual mean","ppb","CD","414","Rockaway and Broad Channel (CD14)","2022","2022-01-01T00:00:00.000","11.36047467",
"826111","1432","Nitrogen dioxide (NO2)","Summer mean","ppb","CD","501","St. George and Stapleton (CD1)","2022","2022-01-01T00:00:00.000","9.300488829",
"826075","1433","Nitrogen dioxide (NO2)","Winter mean","ppb","CD","414","Rockaway and Broad Channel (CD14)","2022","2022-01-01T00:00:00.000","15.70203388",
"826076","1432","Nitrogen dioxide (NO2)","Summer mean","ppb","CD","414","Rockaway and Broad Channel (CD14)","2022","2022-01-01T00:00:00.000","6.941410811",
"826112","1431","Nitrogen dioxide (NO2)","Annual mean","ppb","CD","501","St. George and Stapleton (CD1)","2022","2022-01-01T00:00:00.000","13.54342268",
"826072","1433","Nitrogen dioxide (NO2)","Winter mean","ppb","CD","413","Queens Village (CD13)","2022","2022-01-01T00:00:00.000","18.77722805",
"826071","1431","Nitrogen dioxide (NO2)","Annual mean","ppb","CD","412","Jamaica and Hollis (CD12)","2022","2022-01-01T00:00:00.000","14.73289409",
"826073","1432","Nitrogen dioxide (NO2)","Summer mean","ppb","CD","413","Queens Village (CD13)","2022","2022-01-01T00:00:00.000","9.959880539",
"826113","1433","Nitrogen dioxide (NO2)","Winter mean","ppb","CD","502","South Beach and Willowbrook (CD2)","2022","2022-01-01T00:00:00.000","16.94870135",
"826074","1431","Nitrogen dioxide (NO2)","Annual mean","ppb","CD","413","Queens Village (CD13)","2022","2022-01-01T00:00:00.000","14.27800685",
"826324","1432","Nitrogen dioxide (NO2)","Summer mean","ppb","CD","310","Bay Ridge and Dyker Heights (CD10)","2022","2022-01-01T00:00:00.000","10.62784989",
"826052","1432","Nitrogen dioxide (NO2)","Summer mean","ppb","CD","307","Sunset Park (CD7)","2022","2022-01-01T00:00:00.000","12.56698164",
"826051","1433","Nitrogen dioxide (NO2)","Winter mean","ppb","CD","307","Sunset Park (CD7)","2022","2022-01-01T00:00:00.000","23.18648332",
"826067","1431","Nitrogen dioxide (NO2)","Annual mean","ppb","CD","307","Sunset Park (CD7)","2022","2022-01-01T00:00:00.000","17.36871859",
"826049","1432","Nitrogen dioxide (NO2)","Summer mean","ppb","CD","306","Park Slope and Carroll Gardens (CD6)","2022","2022-01-01T00:00:00.000","12.67320071",
"826050","1431","Nitrogen dioxide (NO2)","Annual mean","ppb","CD","306","Park Slope and Carroll Gardens (CD6)","2022","2022-01-01T00:00:00.000","17.46896851",
"826068","1431","Nitrogen dioxide (NO2)","Annual mean","ppb","CD","411","Bayside and Little Neck (CD11)","2022","2022-01-01T00:00:00.000","14.83153369",
"826046","1432","Nitrogen dioxide (NO2)","Summer mean","ppb","CD","305","East New York and Starrett City (CD5)","2022","2022-01-01T00:00:00.000","10.71678241",
"826045","1433","Nitrogen dioxide (NO2)","Winter mean","ppb","CD","305","East New York and Starrett City (CD5)","2022","2022-01-01T00:00:00.000","21.01131833",
"826047","1431","Nitrogen dioxide (NO2)","Annual mean","ppb","CD","305","East New York and Starrett City (CD5)","2022","2022-01-01T00:00:00.000","15.39830729",
"826048","1433","Nitrogen dioxide (NO2)","Winter mean","ppb","CD","306","Park Slope and Carroll Gardens (CD6)","2022","2022-01-01T00:00:00.000","23.05759349",
"826069","1433","Nitrogen dioxide (NO2)","Winter mean","ppb","CD","412","Jamaica and Hollis (CD12)","2022","2022-01-01T00:00:00.000","19.4944245",
"826325","1431","Nitrogen dioxide (NO2)","Annual mean","ppb","CD","310","Bay Ridge and Dyker Heights (CD10)","2022","2022-01-01T00:00:00.000","15.2051626",
"826332","1433","Nitrogen dioxide (NO2)","Winter mean","ppb","CD","313","Coney Island (CD13)","2022","2022-01-01T00:00:00.000","18.84293579",
"826070","1432","Nitrogen dioxide (NO2)","Summer mean","ppb","CD","412","Jamaica and Hollis (CD12)","2022","2022-01-01T00:00:00.000","10.32510885",
"826041","1431","Nitrogen dioxide (NO2)","Annual mean","ppb","CD","303","Bedford Stuyvesant (CD3)","2022","2022-01-01T00:00:00.000","16.58139096",
"826040","1432","Nitrogen dioxide (NO2)","Summer mean","ppb","CD","303","Bedford Stuyvesant (CD3)","2022","2022-01-01T00:00:00.000","11.86087701",
"826036","1433","Nitrogen dioxide (NO2)","Winter mean","ppb","CD","302","Fort Greene and Brooklyn Heights (CD2)","2022","2022-01-01T00:00:00.000","23.53270216",
"826037","1432","Nitrogen dioxide (NO2)","Summer mean","ppb","CD","302","Fort Greene and Brooklyn Heights (CD2)","2022","2022-01-01T00:00:00.000","14.17662165",
"826038","1431","Nitrogen dioxide (NO2)","Annual mean","ppb","CD","302","Fort Greene and Brooklyn Heights (CD2)","2022","2022-01-01T00:00:00.000","18.53568195",
"826035","1431","Nitrogen dioxide (NO2)","Annual mean","ppb","CD","301","Greenpoint and Williamsburg (CD1)","2022","2022-01-01T00:00:00.000","18.51590574",
"826033","1433","Nitrogen dioxide (NO2)","Winter mean","ppb","CD","301","Greenpoint and Williamsburg (CD1)","2022","2022-01-01T00:00:00.000","24.02080988",
"826039","1433","Nitrogen dioxide (NO2)","Winter mean","ppb","CD","303","Bedford Stuyvesant (CD3)","2022","2022-01-01T00:00:00.000","22.32956634",
"826034","1432","Nitrogen dioxide (NO2)","Summer mean","ppb","CD","301","Greenpoint and Williamsburg (CD1)","2022","2022-01-01T00:00:00.000","14.10897788",
"826042","1433","Nitrogen dioxide (NO2)","Winter mean","ppb","CD","304","Bushwick (CD4)","2022","2022-01-01T00:00:00.000","22.57228758",
"826028","1432","Nitrogen dioxide (NO2)","Summer mean","ppb","CD","211","Morris Park and Bronxdale (CD11)","2022","2022-01-01T00:00:00.000","11.54096786",
"826029","1431","Nitrogen dioxide (NO2)","Annual mean","ppb","CD","211","Morris Park and Bronxdale (CD11)","2022","2022-01-01T00:00:00.000","15.41922074",
"826030","1433","Nitrogen dioxide (NO2)","Winter mean","ppb","CD","212","Williamsbridge and Baychester (CD12)","2022","2022-01-01T00:00:00.000","21.04252511",
"826027","1433","Nitrogen dioxide (NO2)","Winter mean","ppb","CD","211","Morris Park and Bronxdale (CD11)","2022","2022-01-01T00:00:00.000","21.49725123",
"826024","1433","Nitrogen dioxide (NO2)","Winter mean","ppb","CD","210","Throgs Neck and Co-op City (CD10)","2022","2022-01-01T00:00:00.000","21.42711353",
"826025","1432","Nitrogen dioxide (NO2)","Summer mean","ppb","CD","210","Throgs Neck and Co-op City (CD10)","2022","2022-01-01T00:00:00.000","11.72384077",
"826031","1432","Nitrogen dioxide (NO2)","Summer mean","ppb","CD","212","Williamsbridge and Baychester (CD12)","2022","2022-01-01T00:00:00.000","11.40745568",
"826026","1431","Nitrogen dioxide (NO2)","Annual mean","ppb","CD","210","Throgs Neck and Co-op City (CD10)","2022","2022-01-01T00:00:00.000","15.54644768",
"826020","1431","Nitrogen dioxide (NO2)","Annual mean","ppb","CD","208","Riverdale and Fieldston (CD8)","2022","2022-01-01T00:00:00.000","14.48780464",
"826021","1433","Nitrogen dioxide (NO2)","Winter mean","ppb","CD","209","Parkchester and Soundview (CD9)","2022","2022-01-01T00:00:00.000","22.16080664",
"826022","1432","Nitrogen dioxide (NO2)","Summer mean","ppb","CD","209","Parkchester and Soundview (CD9)","2022","2022-01-01T00:00:00.000","12.44632642",
"826019","1432","Nitrogen dioxide (NO2)","Summer mean","ppb","CD","208","Riverdale and Fieldston (CD8)","2022","2022-01-01T00:00:00.000","10.58078526",
"826023","1431","Nitrogen dioxide (NO2)","Annual mean","ppb","CD","209","Parkchester and Soundview (CD9)","2022","2022-01-01T00:00:00.000","16.23779497",
"826017","1431","Nitrogen dioxide (NO2)","Annual mean","ppb","CD","207","Kingsbridge Heights and Bedford (CD7)","2022","2022-01-01T00:00:00.000","15.80211389",
"826032","1431","Nitrogen dioxide (NO2)","Annual mean","ppb","CD","212","Williamsbridge and Baychester (CD12)","2022","2022-01-01T00:00:00.000","15.22801035",
"826018","1433","Nitrogen dioxide (NO2)","Winter mean","ppb","CD","208","Riverdale and Fieldston (CD8)","2022","2022-01-01T00:00:00.000","19.83062306",
"826043","1432","Nitrogen dioxide (NO2)","Summer mean","ppb","CD","304","Bushwick (CD4)","2022","2022-01-01T00:00:00.000","11.80435772",
"826011","1431","Nitrogen dioxide (NO2)","Annual mean","ppb","CD","205","Fordham and University Heights (CD5)","2022","2022-01-01T00:00:00.000","17.1330789",
"826010","1432","Nitrogen dioxide (NO2)","Summer mean","ppb","CD","205","Fordham and University Heights (CD5)","2022","2022-01-01T00:00:00.000","13.68191263",
"826012","1433","Nitrogen dioxide (NO2)","Winter mean","ppb","CD","206","Belmont and East Tremont (CD6)","2022","2022-01-01T00:00:00.000","22.12866491",
"826013","1432","Nitrogen dioxide (NO2)","Summer mean","ppb","CD","206","Belmont and East Tremont (CD6)","2022","2022-01-01T00:00:00.000","12.9620984",
"826009","1433","Nitrogen dioxide (NO2)","Winter mean","ppb","CD","205","Fordham and University Heights (CD5)","2022","2022-01-01T00:00:00.000","22.18287531",
"826006","1433","Nitrogen dioxide (NO2)","Winter mean","ppb","CD","204","Highbridge and Concourse (CD4)","2022","2022-01-01T00:00:00.000","22.31609544",
"826005","1431","Nitrogen dioxide (NO2)","Annual mean","ppb","CD","203","Morrisania and Crotona (CD3)","2022","2022-01-01T00:00:00.000","16.93232494",
"826007","1432","Nitrogen dioxide (NO2)","Summer mean","ppb","CD","204","Highbridge and Concourse (CD4)","2022","2022-01-01T00:00:00.000","13.73915166",
"826008","1431","Nitrogen dioxide (NO2)","Annual mean","ppb","CD","204","Highbridge and Concourse (CD4)","2022","2022-01-01T00:00:00.000","17.26282689",
"826014","1431","Nitrogen dioxide (NO2)","Annual mean","ppb","CD","206","Belmont and East Tremont (CD6)","2022","2022-01-01T00:00:00.000","16.58853866",
"826001","1432","Nitrogen dioxide (NO2)","Summer mean","ppb","CD","202","Hunts Point and Longwood (CD2)","2022","2022-01-01T00:00:00.000","14.15757339",
"826000","1433","Nitrogen dioxide (NO2)","Winter mean","ppb","CD","202","Hunts Point and Longwood (CD2)","2022","2022-01-01T00:00:00.000","24.47918464",
"826002","1431","Nitrogen dioxide (NO2)","Annual mean","ppb","CD","202","Hunts Point and Longwood (CD2)","2022","2022-01-01T00:00:00.000","18.11608953",
"825998","1433","Nitrogen dioxide (NO2)","Winter mean","ppb","UHF42","408","Jamaica","2022","2022-01-01T00:00:00.000","19.71080383",
"825999","1431","Nitrogen dioxide (NO2)","Annual mean","ppb","CD","201","Mott Haven and Melrose (CD1)","2022","2022-01-01T00:00:00.000","17.82998989",
"826003","1433","Nitrogen dioxide (NO2)","Winter mean","ppb","CD","203","Morrisania and Crotona (CD3)","2022","2022-01-01T00:00:00.000","22.69667171",
"825995","1433","Nitrogen dioxide (NO2)","Winter mean","ppb","UHF42","409","Southeast Queens","2022","2022-01-01T00:00:00.000","18.59759288",
"825996","1431","Nitrogen dioxide (NO2)","Annual mean","ppb","UHF42","408","Jamaica","2022","2022-01-01T00:00:00.000","14.86009597",
"826004","1432","Nitrogen dioxide (NO2)","Summer mean","ppb","CD","203","Morrisania and Crotona (CD3)","2022","2022-01-01T00:00:00.000","13.14774864",
"826015","1433","Nitrogen dioxide (NO2)","Winter mean","ppb","CD","207","Kingsbridge Heights and Bedford (CD7)","2022","2022-01-01T00:00:00.000","21.36286893",
"825997","1432","Nitrogen dioxide (NO2)","Summer mean","ppb","UHF42","408","Jamaica","2022","2022-01-01T00:00:00.000","10.46984295",
"825990","1431","Nitrogen dioxide (NO2)","Annual mean","ppb","UHF42","410","Rockaways","2022","2022-01-01T00:00:00.000","11.40160263",
"825989","1433","Nitrogen dioxide (NO2)","Winter mean","ppb","UHF42","501","Port Richmond","2022","2022-01-01T00:00:00.000","18.41851203",
"825991","1432","Nitrogen dioxide (NO2)","Summer mean","ppb","UHF42","410","Rockaways","2022","2022-01-01T00:00:00.000","6.9878077",
"825992","1433","Nitrogen dioxide (NO2)","Winter mean","ppb","UHF42","410","Rockaways","2022","2022-01-01T00:00:00.000","15.71842721",
"825988","1432","Nitrogen dioxide (NO2)","Summer mean","ppb","UHF42","501","Port Richmond","2022","2022-01-01T00:00:00.000","9.403636349",
"825985","1432","Nitrogen dioxide (NO2)","Summer mean","ppb","UHF42","502","Stapleton - St. George","2022","2022-01-01T00:00:00.000","8.706739022",
"825984","1431","Nitrogen dioxide (NO2)","Annual mean","ppb","UHF42","502","Stapleton - St. George","2022","2022-01-01T00:00:00.000","13.08108638",
"825986","1433","Nitrogen dioxide (NO2)","Winter mean","ppb","UHF42","502","Stapleton - St. George","2022","2022-01-01T00:00:00.000","18.56244251",
"825987","1431","Nitrogen dioxide (NO2)","Annual mean","ppb","UHF42","501","Port Richmond","2022","2022-01-01T00:00:00.000","13.49888164",
"825983","1433","Nitrogen dioxide (NO2)","Winter mean","ppb","UHF42","503","Willowbrook","2022","2022-01-01T00:00:00.000","16.84811539",
"825993","1431","Nitrogen dioxide (NO2)","Annual mean","ppb","UHF42","409","Southeast Queens","2022","2022-01-01T00:00:00.000","14.1130938",
"825979","1432","Nitrogen dioxide (NO2)","Summer mean","ppb","UHF42","504","South Beach - Tottenville","2022","2022-01-01T00:00:00.000","6.854871982",
"825978","1431","Nitrogen dioxide (NO2)","Annual mean","ppb","UHF42","504","South Beach - Tottenville","2022","2022-01-01T00:00:00.000","9.515994578",
"825980","1433","Nitrogen dioxide (NO2)","Winter mean","ppb","UHF42","504","South Beach - Tottenville","2022","2022-01-01T00:00:00.000","14.74521239",
"825976","1432","Nitrogen dioxide (NO2)","Summer mean","ppb","UHF34","101","Kingsbridge - Riverdale","2022","2022-01-01T00:00:00.000","10.63957234",
"825977","1433","Nitrogen dioxide (NO2)","Winter mean","ppb","UHF34","101","Kingsbridge - Riverdale","2022","2022-01-01T00:00:00.000","19.83819789",
"825981","1431","Nitrogen dioxide (NO2)","Annual mean","ppb","UHF42","503","Willowbrook","2022","2022-01-01T00:00:00.000","11.90257585",
"826044","1431","Nitrogen dioxide (NO2)","Annual mean","ppb","CD","304","Bushwick (CD4)","2022","2022-01-01T00:00:00.000","16.5740424",
"825994","1432","Nitrogen dioxide (NO2)","Summer mean","ppb","UHF42","409","Southeast Queens","2022","2022-01-01T00:00:00.000","9.803605923",
"826016","1432","Nitrogen dioxide (NO2)","Summer mean","ppb","CD","207","Kingsbridge Heights and Bedford (CD7)","2022","2022-01-01T00:00:00.000","12.05364835",
"825982","1432","Nitrogen dioxide (NO2)","Summer mean","ppb","UHF42","503","Willowbrook","2022","2022-01-01T00:00:00.000","8.26877671",
"826333","1432","Nitrogen dioxide (NO2)","Summer mean","ppb","CD","313","Coney Island (CD13)","2022","2022-01-01T00:00:00.000","8.243920799",
"825969","1431","Nitrogen dioxide (NO2)","Annual mean","ppb","UHF34","103","Fordham - Bronx Pk","2022","2022-01-01T00:00:00.000","15.34528147",
"825970","1432","Nitrogen dioxide (NO2)","Summer mean","ppb","UHF34","103","Fordham - Bronx Pk","2022","2022-01-01T00:00:00.000","11.52139831",
"825971","1433","Nitrogen dioxide (NO2)","Winter mean","ppb","UHF34","103","Fordham - Bronx Pk","2022","2022-01-01T00:00:00.000","21.05258179",
"825968","1433","Nitrogen dioxide (NO2)","Winter mean","ppb","UHF34","104","Pelham - Throgs Neck","2022","2022-01-01T00:00:00.000","21.76856955",
"825972","1431","Nitrogen dioxide (NO2)","Annual mean","ppb","UHF34","102","Northeast Bronx","2022","2022-01-01T00:00:00.000","15.40449668",
"825965","1433","Nitrogen dioxide (NO2)","Winter mean","ppb","UHF34","201","Greenpoint","2022","2022-01-01T00:00:00.000","23.71531564",
"825964","1432","Nitrogen dioxide (NO2)","Summer mean","ppb","UHF34","201","Greenpoint","2022","2022-01-01T00:00:00.000","14.06871488",
"825966","1431","Nitrogen dioxide (NO2)","Annual mean","ppb","UHF34","104","Pelham - Throgs Neck","2022","2022-01-01T00:00:00.000","15.80333897",
"825962","1433","Nitrogen dioxide (NO2)","Winter mean","ppb","UHF34","202","Downtown - Heights - Slope","2022","2022-01-01T00:00:00.000","23.33332186",
"825963","1431","Nitrogen dioxide (NO2)","Annual mean","ppb","UHF34","201","Greenpoint","2022","2022-01-01T00:00:00.000","18.39671461",
"825967","1432","Nitrogen dioxide (NO2)","Summer mean","ppb","UHF34","104","Pelham - Throgs Neck","2022","2022-01-01T00:00:00.000","11.9642793",
"825973","1432","Nitrogen dioxide (NO2)","Summer mean","ppb","UHF34","102","Northeast Bronx","2022","2022-01-01T00:00:00.000","11.61931835",
"825958","1432","Nitrogen dioxide (NO2)","Summer mean","ppb","UHF34","203","Bedford Stuyvesant - Crown Heights","2022","2022-01-01T00:00:00.000","11.43810998",
"825957","1431","Nitrogen dioxide (NO2)","Annual mean","ppb","UHF34","203","Bedford Stuyvesant - Crown Heights","2022","2022-01-01T00:00:00.000","16.16730564",
"825959","1433","Nitrogen dioxide (NO2)","Winter mean","ppb","UHF34","203","Bedford Stuyvesant - Crown Heights","2022","2022-01-01T00:00:00.000","21.90490099",
"825933","1432","Nitrogen dioxide (NO2)","Summer mean","ppb","UHF34","204","East New York","2022","2022-01-01T00:00:00.000","10.9473018",
"825956","1433","Nitrogen dioxide (NO2)","Winter mean","ppb","UHF34","204","East New York","2022","2022-01-01T00:00:00.000","21.28059234",
"825960","1431","Nitrogen dioxide (NO2)","Annual mean","ppb","UHF34","202","Downtown - Heights - Slope","2022","2022-01-01T00:00:00.000","17.99691841",
"825932","1431","Nitrogen dioxide (NO2)","Annual mean","ppb","UHF34","204","East New York","2022","2022-01-01T00:00:00.000","15.63027325",
"825929","1431","Nitrogen dioxide (NO2)","Annual mean","ppb","UHF34","205","Sunset Park","2022","2022-01-01T00:00:00.000","17.32387633",
"825928","1433","Nitrogen dioxide (NO2)","Winter mean","ppb","UHF34","206","Borough Park","2022","2022-01-01T00:00:00.000","21.0263611",
"825930","1432","Nitrogen dioxide (NO2)","Summer mean","ppb","UHF34","205","Sunset Park","2022","2022-01-01T00:00:00.000","12.54223935",
"825925","1433","Nitrogen dioxide (NO2)","Winter mean","ppb","UHF34","207","East Flatbush - Flatbush","2022","2022-01-01T00:00:00.000","20.92609859",
"825926","1431","Nitrogen dioxide (NO2)","Annual mean","ppb","UHF34","206","Borough Park","2022","2022-01-01T00:00:00.000","14.98253169",
"825931","1433","Nitrogen dioxide (NO2)","Winter mean","ppb","UHF34","205","Sunset Park","2022","2022-01-01T00:00:00.000","23.14012199",
"825961","1432","Nitrogen dioxide (NO2)","Summer mean","ppb","UHF34","202","Downtown - Heights - Slope","2022","2022-01-01T00:00:00.000","13.40817829",
"825974","1433","Nitrogen dioxide (NO2)","Winter mean","ppb","UHF34","102","Northeast Bronx","2022","2022-01-01T00:00:00.000","21.25009433",
"825927","1432","Nitrogen dioxide (NO2)","Summer mean","ppb","UHF34","206","Borough Park","2022","2022-01-01T00:00:00.000","10.13740916",
"825919","1433","Nitrogen dioxide (NO2)","Winter mean","ppb","UHF34","209","Bensonhurst - Bay Ridge","2022","2022-01-01T00:00:00.000","20.14367088",
"825920","1431","Nitrogen dioxide (NO2)","Annual mean","ppb","UHF34","208","Canarsie - Flatlands","2022","2022-01-01T00:00:00.000","13.42918299",
"825918","1432","Nitrogen dioxide (NO2)","Summer mean","ppb","UHF34","209","Bensonhurst - Bay Ridge","2022","2022-01-01T00:00:00.000","9.773626847",
"825916","1433","Nitrogen dioxide (NO2)","Winter mean","ppb","UHF34","210","Coney Island - Sheepshead Bay","2022","2022-01-01T00:00:00.000","19.02446271",
"825917","1431","Nitrogen dioxide (NO2)","Annual mean","ppb","UHF34","209","Bensonhurst - Bay Ridge","2022","2022-01-01T00:00:00.000","14.37111012",
"825921","1432","Nitrogen dioxide (NO2)","Summer mean","ppb","UHF34","208","Canarsie - Flatlands","2022","2022-01-01T00:00:00.000","8.604527294",
"825913","1433","Nitrogen dioxide (NO2)","Winter mean","ppb","UHF34","211","Williamsburg - Bushwick","2022","2022-01-01T00:00:00.000","23.35458927",
"825914","1431","Nitrogen dioxide (NO2)","Annual mean","ppb","UHF34","210","Coney Island - Sheepshead Bay","2022","2022-01-01T00:00:00.000","13.05855438",
"825915","1432","Nitrogen dioxide (NO2)","Summer mean","ppb","UHF34","210","Coney Island - Sheepshead Bay","2022","2022-01-01T00:00:00.000","8.463694088",
"825911","1431","Nitrogen dioxide (NO2)","Annual mean","ppb","UHF34","211","Williamsburg - Bushwick","2022","2022-01-01T00:00:00.000","17.37980792",
"825922","1433","Nitrogen dioxide (NO2)","Winter mean","ppb","UHF34","208","Canarsie - Flatlands","2022","2022-01-01T00:00:00.000","19.18550528",
"825912","1432","Nitrogen dioxide (NO2)","Summer mean","ppb","UHF34","211","Williamsburg - Bushwick","2022","2022-01-01T00:00:00.000","12.66801156",
"825906","1432","Nitrogen dioxide (NO2)","Summer mean","ppb","UHF34","302","Central Harlem - Morningside Heights","2022","2022-01-01T00:00:00.000","13.2403218",
"825907","1433","Nitrogen dioxide (NO2)","Winter mean","ppb","UHF34","302","Central Harlem - Morningside Heights","2022","2022-01-01T00:00:00.000","21.55425853",
"825908","1431","Nitrogen dioxide (NO2)","Annual mean","ppb","UHF34","301","Washington Heights","2022","2022-01-01T00:00:00.000","16.86402233",
"825903","1432","Nitrogen dioxide (NO2)","Summer mean","ppb","UHF34","303","East Harlem","2022","2022-01-01T00:00:00.000","12.95828058",
"825902","1431","Nitrogen dioxide (NO2)","Annual mean","ppb","UHF34","303","East Harlem","2022","2022-01-01T00:00:00.000","16.68890291",
"825904","1433","Nitrogen dioxide (NO2)","Winter mean","ppb","UHF34","303","East Harlem","2022","2022-01-01T00:00:00.000","21.58116385",
"825905","1431","Nitrogen dioxide (NO2)","Annual mean","ppb","UHF34","302","Central Harlem - Morningside Heights","2022","2022-01-01T00:00:00.000","16.86614244",
"825909","1432","Nitrogen dioxide (NO2)","Summer mean","ppb","UHF34","301","Washington Heights","2022","2022-01-01T00:00:00.000","13.48827055",
"825898","1433","Nitrogen dioxide (NO2)","Winter mean","ppb","UHF34","401","Long Island City - Astoria","2022","2022-01-01T00:00:00.000","22.92812941",
"825899","1431","Nitrogen dioxide (NO2)","Annual mean","ppb","UHF34","304","Upper West Side","2022","2022-01-01T00:00:00.000","18.1592721",
"825896","1431","Nitrogen dioxide (NO2)","Annual mean","ppb","UHF34","401","Long Island City - Astoria","2022","2022-01-01T00:00:00.000","17.37601895",
"825897","1432","Nitrogen dioxide (NO2)","Summer mean","ppb","UHF34","401","Long Island City - Astoria","2022","2022-01-01T00:00:00.000","13.22276301",
"825900","1432","Nitrogen dioxide (NO2)","Summer mean","ppb","UHF34","304","Upper West Side","2022","2022-01-01T00:00:00.000","14.66175373",
"825901","1433","Nitrogen dioxide (NO2)","Winter mean","ppb","UHF34","304","Upper West Side","2022","2022-01-01T00:00:00.000","22.07541242",
"825910","1433","Nitrogen dioxide (NO2)","Winter mean","ppb","UHF34","301","Washington Heights","2022","2022-01-01T00:00:00.000","21.23270457",
"825923","1431","Nitrogen dioxide (NO2)","Annual mean","ppb","UHF34","207","East Flatbush - Flatbush","2022","2022-01-01T00:00:00.000","15.01647243",
"825895","1433","Nitrogen dioxide (NO2)","Winter mean","ppb","UHF34","402","West Queens","2022","2022-01-01T00:00:00.000","22.63052839",
"825889","1433","Nitrogen dioxide (NO2)","Winter mean","ppb","UHF34","405","Ridgewood - Forest Hills","2022","2022-01-01T00:00:00.000","20.94695028",
"825890","1431","Nitrogen dioxide (NO2)","Annual mean","ppb","UHF34","403","Flushing - Clearview","2022","2022-01-01T00:00:00.000","15.16056711",
"825891","1432","Nitrogen dioxide (NO2)","Summer mean","ppb","UHF34","403","Flushing - Clearview","2022","2022-01-01T00:00:00.000","11.0399725",
"825887","1431","Nitrogen dioxide (NO2)","Annual mean","ppb","UHF34","405","Ridgewood - Forest Hills","2022","2022-01-01T00:00:00.000","15.2081041",
"825892","1433","Nitrogen dioxide (NO2)","Winter mean","ppb","UHF34","403","Flushing - Clearview","2022","2022-01-01T00:00:00.000","20.91188187",
"825888","1432","Nitrogen dioxide (NO2)","Summer mean","ppb","UHF34","405","Ridgewood - Forest Hills","2022","2022-01-01T00:00:00.000","10.64357212",
"825883","1433","Nitrogen dioxide (NO2)","Winter mean","ppb","UHF34","408","Jamaica","2022","2022-01-01T00:00:00.000","19.71102945",
"825882","1432","Nitrogen dioxide (NO2)","Summer mean","ppb","UHF34","408","Jamaica","2022","2022-01-01T00:00:00.000","10.47005515",
"825884","1431","Nitrogen dioxide (NO2)","Annual mean","ppb","UHF34","407","Southwest Queens","2022","2022-01-01T00:00:00.000","14.25878433",
"825885","1432","Nitrogen dioxide (NO2)","Summer mean","ppb","UHF34","407","Southwest Queens","2022","2022-01-01T00:00:00.000","9.703370663",
"825886","1433","Nitrogen dioxide (NO2)","Winter mean","ppb","UHF34","407","Southwest Queens","2022","2022-01-01T00:00:00.000","19.37814707",
"825880","1433","Nitrogen dioxide (NO2)","Winter mean","ppb","UHF34","409","Southeast Queens","2022","2022-01-01T00:00:00.000","18.59771003",
"825893","1431","Nitrogen dioxide (NO2)","Annual mean","ppb","UHF34","402","West Queens","2022","2022-01-01T00:00:00.000","16.93576692",
"825881","1431","Nitrogen dioxide (NO2)","Annual mean","ppb","UHF34","408","Jamaica","2022","2022-01-01T00:00:00.000","14.86027012",
"825876","1432","Nitrogen dioxide (NO2)","Summer mean","ppb","UHF34","410","Rockaways","2022","2022-01-01T00:00:00.000","6.9878077",
"825877","1433","Nitrogen dioxide (NO2)","Winter mean","ppb","UHF34","410","Rockaways","2022","2022-01-01T00:00:00.000","15.71842721",
"825875","1431","Nitrogen dioxide (NO2)","Annual mean","ppb","UHF34","410","Rockaways","2022","2022-01-01T00:00:00.000","11.40160263",
"825874","1433","Nitrogen dioxide (NO2)","Winter mean","ppb","UHF34","305307","Upper East Side-Gramercy","2022","2022-01-01T00:00:00.000","25.06461252",
"825878","1431","Nitrogen dioxide (NO2)","Annual mean","ppb","UHF34","409","Southeast Queens","2022","2022-01-01T00:00:00.000","14.11301581",
"826334","1431","Nitrogen dioxide (NO2)","Annual mean","ppb","CD","313","Coney Island (CD13)","2022","2022-01-01T00:00:00.000","12.7767782",
"825975","1431","Nitrogen dioxide (NO2)","Annual mean","ppb","UHF34","101","Kingsbridge - Riverdale","2022","2022-01-01T00:00:00.000","14.52914393",
"825879","1432","Nitrogen dioxide (NO2)","Summer mean","ppb","UHF34","409","Southeast Queens","2022","2022-01-01T00:00:00.000","9.8035193",
"825894","1432","Nitrogen dioxide (NO2)","Summer mean","ppb","UHF34","402","West Queens","2022","2022-01-01T00:00:00.000","12.76958802",
"825924","1432","Nitrogen dioxide (NO2)","Summer mean","ppb","UHF34","207","East Flatbush - Flatbush","2022","2022-01-01T00:00:00.000","10.18747995",
"825873","1432","Nitrogen dioxide (NO2)","Summer mean","ppb","UHF34","305307","Upper East Side-Gramercy","2022","2022-01-01T00:00:00.000","17.25579595",
"825864","1432","Nitrogen dioxide (NO2)","Summer mean","ppb","UHF34","404406","Bayside Little Neck-Fresh Meadows","2022","2022-01-01T00:00:00.000","10.70504303",
"825865","1433","Nitrogen dioxide (NO2)","Winter mean","ppb","UHF34","404406","Bayside Little Neck-Fresh Meadows","2022","2022-01-01T00:00:00.000","19.88914473",
"825866","1431","Nitrogen dioxide (NO2)","Annual mean","ppb","UHF34","309310","Union Square-Lower Manhattan","2022","2022-01-01T00:00:00.000","18.90074582",
"825863","1431","Nitrogen dioxide (NO2)","Annual mean","ppb","UHF34","404406","Bayside Little Neck-Fresh Meadows","2022","2022-01-01T00:00:00.000","14.84032198",
"825860","1431","Nitrogen dioxide (NO2)","Annual mean","ppb","UHF34","501502","Northern SI","2022","2022-01-01T00:00:00.000","13.22642988",
"825861","1432","Nitrogen dioxide (NO2)","Summer mean","ppb","UHF34","501502","Northern SI","2022","2022-01-01T00:00:00.000","8.949249585",
"825867","1432","Nitrogen dioxide (NO2)","Summer mean","ppb","UHF34","309310","Union Square-Lower Manhattan","2022","2022-01-01T00:00:00.000","14.76064225",
"825862","1433","Nitrogen dioxide (NO2)","Winter mean","ppb","UHF34","501502","Northern SI","2022","2022-01-01T00:00:00.000","18.51222905",
"825856","1433","Nitrogen dioxide (NO2)","Winter mean","ppb","UHF34","105106107","South Bronx","2022","2022-01-01T00:00:00.000","22.85584381",
"825857","1431","Nitrogen dioxide (NO2)","Annual mean","ppb","UHF34","503504","Southern SI","2022","2022-01-01T00:00:00.000","10.4002227",
"825858","1432","Nitrogen dioxide (NO2)","Summer mean","ppb","UHF34","503504","Southern SI","2022","2022-01-01T00:00:00.000","7.378723541",
"825855","1432","Nitrogen dioxide (NO2)","Summer mean","ppb","UHF34","105106107","South Bronx","2022","2022-01-01T00:00:00.000","13.52832429",
"825853","1433","Nitrogen dioxide (NO2)","Winter mean","ppb","Citywide","1","New York City","2022","2022-01-01T00:00:00.000","20.05472481",
"825859","1433","Nitrogen dioxide (NO2)","Winter mean","ppb","UHF34","503504","Southern SI","2022","2022-01-01T00:00:00.000","15.52433774",
"825852","1432","Nitrogen dioxide (NO2)","Summer mean","ppb","Citywide","1","New York City","2022","2022-01-01T00:00:00.000","10.63421392",
"825854","1431","Nitrogen dioxide (NO2)","Annual mean","ppb","UHF34","105106107","South Bronx","2022","2022-01-01T00:00:00.000","17.25017525",
"825868","1433","Nitrogen dioxide (NO2)","Winter mean","ppb","UHF34","309310","Union Square-Lower Manhattan","2022","2022-01-01T00:00:00.000","23.64552785",
"825848","1431","Nitrogen dioxide (NO2)","Annual mean","ppb","CD","101","Financial District (CD1)","2022","2022-01-01T00:00:00.000","20.96451113",
"825847","1433","Nitrogen dioxide (NO2)","Winter mean","ppb","CD","102","Greenwich Village and Soho (CD2)","2022","2022-01-01T00:00:00.000","24.44732705",
"825849","1432","Nitrogen dioxide (NO2)","Summer mean","ppb","CD","101","Financial District (CD1)","2022","2022-01-01T00:00:00.000","16.94902038",
"825850","1433","Nitrogen dioxide (NO2)","Winter mean","ppb","CD","101","Financial District (CD1)","2022","2022-01-01T00:00:00.000","25.61984824",
"825846","1432","Nitrogen dioxide (NO2)","Summer mean","ppb","CD","102","Greenwich Village and Soho (CD2)","2022","2022-01-01T00:00:00.000","16.36678769",
"825842","1431","Nitrogen dioxide (NO2)","Annual mean","ppb","CD","103","Lower East Side and Chinatown (CD3)","2022","2022-01-01T00:00:00.000","17.78848386",
"825844","1433","Nitrogen dioxide (NO2)","Winter mean","ppb","CD","103","Lower East Side and Chinatown (CD3)","2022","2022-01-01T00:00:00.000","22.60025846",
"825843","1432","Nitrogen dioxide (NO2)","Summer mean","ppb","CD","103","Lower East Side and Chinatown (CD3)","2022","2022-01-01T00:00:00.000","13.56502934",
"825851","1431","Nitrogen dioxide (NO2)","Annual mean","ppb","Citywide","1","New York City","2022","2022-01-01T00:00:00.000","14.72587893",
"825845","1431","Nitrogen dioxide (NO2)","Annual mean","ppb","CD","102","Greenwich Village and Soho (CD2)","2022","2022-01-01T00:00:00.000","20.22773331",
"825869","1431","Nitrogen dioxide (NO2)","Annual mean","ppb","UHF34","306308","Chelsea-Village","2022","2022-01-01T00:00:00.000","22.06694294",
"825835","1433","Nitrogen dioxide (NO2)","Winter mean","ppb","CD","106","Stuyvesant Town and Turtle Bay (CD6)","2022","2022-01-01T00:00:00.000","25.41068875",
"825836","1431","Nitrogen dioxide (NO2)","Annual mean","ppb","CD","105","Midtown (CD5)","2022","2022-01-01T00:00:00.000","25.46363511",
"825834","1432","Nitrogen dioxide (NO2)","Summer mean","ppb","CD","106","Stuyvesant Town and Turtle Bay (CD6)","2022","2022-01-01T00:00:00.000","17.47746506",
"825833","1431","Nitrogen dioxide (NO2)","Annual mean","ppb","CD","106","Stuyvesant Town and Turtle Bay (CD6)","2022","2022-01-01T00:00:00.000","21.07656911",
"825837","1432","Nitrogen dioxide (NO2)","Summer mean","ppb","CD","105","Midtown (CD5)","2022","2022-01-01T00:00:00.000","22.45229124",
"825830","1431","Nitrogen dioxide (NO2)","Annual mean","ppb","CD","107","Upper West Side (CD7)","2022","2022-01-01T00:00:00.000","18.1703003",
"825831","1432","Nitrogen dioxide (NO2)","Summer mean","ppb","CD","107","Upper West Side (CD7)","2022","2022-01-01T00:00:00.000","14.66934852",
"825829","1433","Nitrogen dioxide (NO2)","Winter mean","ppb","CD","108","Upper East Side (CD8)","2022","2022-01-01T00:00:00.000","23.37048275",
"825838","1433","Nitrogen dioxide (NO2)","Winter mean","ppb","CD","105","Midtown (CD5)","2022","2022-01-01T00:00:00.000","29.186725",
"825832","1433","Nitrogen dioxide (NO2)","Winter mean","ppb","CD","107","Upper West Side (CD7)","2022","2022-01-01T00:00:00.000","22.07527023",
"825825","1432","Nitrogen dioxide (NO2)","Summer mean","ppb","CD","109","Morningside Heights and Hamilton Heights (CD9)","2022","2022-01-01T00:00:00.000","13.2941356",
"825826","1433","Nitrogen dioxide (NO2)","Winter mean","ppb","CD","109","Morningside Heights and Hamilton Heights (CD9)","2022","2022-01-01T00:00:00.000","21.27730659",
"825823","1433","Nitrogen dioxide (NO2)","Winter mean","ppb","CD","110","Central Harlem (CD10)","2022","2022-01-01T00:00:00.000","21.56660535",
"825827","1431","Nitrogen dioxide (NO2)","Annual mean","ppb","CD","108","Upper East Side (CD8)","2022","2022-01-01T00:00:00.000","18.88016393",
"825839","1431","Nitrogen dioxide (NO2)","Annual mean","ppb","CD","104","Clinton and Chelsea (CD4)","2022","2022-01-01T00:00:00.000","21.39165783",
"825828","1432","Nitrogen dioxide (NO2)","Summer mean","ppb","CD","108","Upper East Side (CD8)","2022","2022-01-01T00:00:00.000","15.25577872",
"825820","1433","Nitrogen dioxide (NO2)","Winter mean","ppb","CD","111","East Harlem (CD11)","2022","2022-01-01T00:00:00.000","21.63325438",
"825818","1431","Nitrogen dioxide (NO2)","Annual mean","ppb","CD","111","East Harlem (CD11)","2022","2022-01-01T00:00:00.000","16.73138765",
"825817","1433","Nitrogen dioxide (NO2)","Winter mean","ppb","CD","112","Washington Heights and Inwood (CD12)","2022","2022-01-01T00:00:00.000","21.25164339",
"825815","1431","Nitrogen dioxide (NO2)","Annual mean","ppb","CD","112","Washington Heights and Inwood (CD12)","2022","2022-01-01T00:00:00.000","16.91717916",
"825816","1432","Nitrogen dioxide (NO2)","Summer mean","ppb","CD","112","Washington Heights and Inwood (CD12)","2022","2022-01-01T00:00:00.000","13.58267707",
"825819","1432","Nitrogen dioxide (NO2)","Summer mean","ppb","CD","111","East Harlem (CD11)","2022","2022-01-01T00:00:00.000","13.00598294",
"825821","1431","Nitrogen dioxide (NO2)","Annual mean","ppb","CD","110","Central Harlem (CD10)","2022","2022-01-01T00:00:00.000","16.76403575",
"825810","1431","Nitrogen dioxide (NO2)","Annual mean","ppb","Borough","1","Bronx","2022","2022-01-01T00:00:00.000","16.00255405",
"825807","1431","Nitrogen dioxide (NO2)","Annual mean","ppb","Borough","2","Brooklyn","2022","2022-01-01T00:00:00.000","15.42809652",
"825811","1432","Nitrogen dioxide (NO2)","Summer mean","ppb","Borough","1","Bronx","2022","2022-01-01T00:00:00.000","12.20330878",
"825803","1433","Nitrogen dioxide (NO2)","Winter mean","ppb","Borough","4","Queens","2022","2022-01-01T00:00:00.000","20.07897637",
"825804","1431","Nitrogen dioxide (NO2)","Annual mean","ppb","Borough","3","Manhattan","2022","2022-01-01T00:00:00.000","19.05686321",
"825800","1433","Nitrogen dioxide (NO2)","Winter mean","ppb","Borough","5","Staten Island","2022","2022-01-01T00:00:00.000","16.4155913",
"825812","1433","Nitrogen dioxide (NO2)","Winter mean","ppb","Borough","1","Bronx","2022","2022-01-01T00:00:00.000","21.75065849",
"825797","1433","Nitrogen dioxide (NO2)","Winter mean","ppb","UHF42","101","Kingsbridge - Riverdale","2022","2022-01-01T00:00:00.000","19.83819789",
"825794","1433","Nitrogen dioxide (NO2)","Winter mean","ppb","UHF42","102","Northeast Bronx","2022","2022-01-01T00:00:00.000","21.25008973",
"825798","1431","Nitrogen dioxide (NO2)","Annual mean","ppb","Borough","5","Staten Island","2022","2022-01-01T00:00:00.000","11.24307983",
"825840","1432","Nitrogen dioxide (NO2)","Summer mean","ppb","CD","104","Clinton and Chelsea (CD4)","2022","2022-01-01T00:00:00.000","17.81243819",
"825813","1432","Nitrogen dioxide (NO2)","Summer mean","ppb","CD","201","Mott Haven and Melrose (CD1)","2022","2022-01-01T00:00:00.000","14.0495527",
"825791","1433","Nitrogen dioxide (NO2)","Winter mean","ppb","UHF42","103","Fordham - Bronx Pk","2022","2022-01-01T00:00:00.000","21.05258179",
"825799","1432","Nitrogen dioxide (NO2)","Summer mean","ppb","Borough","5","Staten Island","2022","2022-01-01T00:00:00.000","7.847539245",
"825822","1432","Nitrogen dioxide (NO2)","Summer mean","ppb","CD","110","Central Harlem (CD10)","2022","2022-01-01T00:00:00.000","13.11099386",
"825785","1433","Nitrogen dioxide (NO2)","Winter mean","ppb","UHF42","105","Crotona - Tremont","2022","2022-01-01T00:00:00.000","22.44201078",
"825782","1433","Nitrogen dioxide (NO2)","Winter mean","ppb","UHF42","106","High Bridge - Morrisania","2022","2022-01-01T00:00:00.000","22.49003252",
"825786","1431","Nitrogen dioxide (NO2)","Annual mean","ppb","UHF42","104","Pelham - Throgs Neck","2022","2022-01-01T00:00:00.000","15.80333897",
"825778","1432","Nitrogen dioxide (NO2)","Summer mean","ppb","UHF42","107","Hunts Point - Mott Haven","2022","2022-01-01T00:00:00.000","13.42292044",
"825775","1432","Nitrogen dioxide (NO2)","Summer mean","ppb","UHF42","201","Greenpoint","2022","2022-01-01T00:00:00.000","14.06871488",
"825779","1433","Nitrogen dioxide (NO2)","Winter mean","ppb","UHF42","107","Hunts Point - Mott Haven","2022","2022-01-01T00:00:00.000","23.4007227",
"825787","1432","Nitrogen dioxide (NO2)","Summer mean","ppb","UHF42","104","Pelham - Throgs Neck","2022","2022-01-01T00:00:00.000","11.9642793",
"825770","1433","Nitrogen dioxide (NO2)","Winter mean","ppb","UHF42","203","Bedford Stuyvesant - Crown Heights","2022","2022-01-01T00:00:00.000","21.90490099",
"825767","1433","Nitrogen dioxide (NO2)","Winter mean","ppb","UHF42","204","East New York","2022","2022-01-01T00:00:00.000","21.28059234",
"825771","1431","Nitrogen dioxide (NO2)","Annual mean","ppb","UHF42","202","Downtown - Heights - Slope","2022","2022-01-01T00:00:00.000","17.99691841",
"825763","1432","Nitrogen dioxide (NO2)","Summer mean","ppb","UHF42","205","Sunset Park","2022","2022-01-01T00:00:00.000","12.54174934",
"825764","1433","Nitrogen dioxide (NO2)","Winter mean","ppb","UHF42","205","Sunset Park","2022","2022-01-01T00:00:00.000","23.13943531",
"825760","1432","Nitrogen dioxide (NO2)","Summer mean","ppb","UHF42","206","Borough Park","2022","2022-01-01T00:00:00.000","10.13740916",
"825772","1432","Nitrogen dioxide (NO2)","Summer mean","ppb","UHF42","202","Downtown - Heights - Slope","2022","2022-01-01T00:00:00.000","13.40817829",
"825788","1433","Nitrogen dioxide (NO2)","Winter mean","ppb","UHF42","104","Pelham - Throgs Neck","2022","2022-01-01T00:00:00.000","21.76856955",
"825756","1431","Nitrogen dioxide (NO2)","Annual mean","ppb","UHF42","207","East Flatbush - Flatbush","2022","2022-01-01T00:00:00.000","15.01647243",
"825753","1431","Nitrogen dioxide (NO2)","Annual mean","ppb","UHF42","208","Canarsie - Flatlands","2022","2022-01-01T00:00:00.000","13.42918299",
"825757","1432","Nitrogen dioxide (NO2)","Summer mean","ppb","UHF42","207","East Flatbush - Flatbush","2022","2022-01-01T00:00:00.000","10.18747995",
"825749","1433","Nitrogen dioxide (NO2)","Winter mean","ppb","UHF42","210","Coney Island - Sheepshead Bay","2022","2022-01-01T00:00:00.000","19.02446271",
"825746","1433","Nitrogen dioxide (NO2)","Winter mean","ppb","UHF42","211","Williamsburg - Bushwick","2022","2022-01-01T00:00:00.000","23.35458927",
"825750","1431","Nitrogen dioxide (NO2)","Annual mean","ppb","UHF42","209","Bensonhurst - Bay Ridge","2022","2022-01-01T00:00:00.000","14.37111012",
"825758","1433","Nitrogen dioxide (NO2)","Winter mean","ppb","UHF42","207","East Flatbush - Flatbush","2022","2022-01-01T00:00:00.000","20.92609859",
"825741","1431","Nitrogen dioxide (NO2)","Annual mean","ppb","UHF42","301","Washington Heights","2022","2022-01-01T00:00:00.000","16.86414424",
"825738","1431","Nitrogen dioxide (NO2)","Annual mean","ppb","UHF42","302","Central Harlem - Morningside Heights","2022","2022-01-01T00:00:00.000","16.86623851",
"825742","1432","Nitrogen dioxide (NO2)","Summer mean","ppb","UHF42","301","Washington Heights","2022","2022-01-01T00:00:00.000","13.48842373",
"825789","1431","Nitrogen dioxide (NO2)","Annual mean","ppb","UHF42","103","Fordham - Bronx Pk","2022","2022-01-01T00:00:00.000","15.34528147",
"825734","1433","Nitrogen dioxide (NO2)","Winter mean","ppb","UHF42","304","Upper West Side","2022","2022-01-01T00:00:00.000","22.0754617",
"825735","1431","Nitrogen dioxide (NO2)","Annual mean","ppb","UHF42","303","East Harlem","2022","2022-01-01T00:00:00.000","16.68890291",
"825743","1433","Nitrogen dioxide (NO2)","Winter mean","ppb","UHF42","301","Washington Heights","2022","2022-01-01T00:00:00.000","21.23277204",
"825759","1431","Nitrogen dioxide (NO2)","Annual mean","ppb","UHF42","206","Borough Park","2022","2022-01-01T00:00:00.000","14.98253169",
"825729","1431","Nitrogen dioxide (NO2)","Annual mean","ppb","UHF42","305","Upper East Side","2022","2022-01-01T00:00:00.000","18.81322226",
"825727","1432","Nitrogen dioxide (NO2)","Summer mean","ppb","UHF42","306","Chelsea - Clinton","2022","2022-01-01T00:00:00.000","19.50581497",
"825730","1432","Nitrogen dioxide (NO2)","Summer mean","ppb","UHF42","305","Upper East Side","2022","2022-01-01T00:00:00.000","15.18150009",
"825731","1433","Nitrogen dioxide (NO2)","Winter mean","ppb","UHF42","305","Upper East Side","2022","2022-01-01T00:00:00.000","23.30976235",
"825725","1433","Nitrogen dioxide (NO2)","Winter mean","ppb","UHF42","307","Gramercy Park - Murray Hill","2022","2022-01-01T00:00:00.000","27.05122942",
"825724","1432","Nitrogen dioxide (NO2)","Summer mean","ppb","UHF42","307","Gramercy Park - Murray Hill","2022","2022-01-01T00:00:00.000","19.60382423",
"825723","1431","Nitrogen dioxide (NO2)","Annual mean","ppb","UHF42","307","Gramercy Park - Murray Hill","2022","2022-01-01T00:00:00.000","22.93485765",
"825732","1431","Nitrogen dioxide (NO2)","Annual mean","ppb","UHF42","304","Upper West Side","2022","2022-01-01T00:00:00.000","18.1593958",
"825870","1432","Nitrogen dioxide (NO2)","Summer mean","ppb","UHF34","306308","Chelsea-Village","2022","2022-01-01T00:00:00.000","18.53090846",
"825790","1432","Nitrogen dioxide (NO2)","Summer mean","ppb","UHF42","103","Fordham - Bronx Pk","2022","2022-01-01T00:00:00.000","11.52139831",
"825733","1432","Nitrogen dioxide (NO2)","Summer mean","ppb","UHF42","304","Upper West Side","2022","2022-01-01T00:00:00.000","14.66189338",
"825841","1433","Nitrogen dioxide (NO2)","Winter mean","ppb","CD","104","Clinton and Chelsea (CD4)","2022","2022-01-01T00:00:00.000","25.48092615",
"825716","1433","Nitrogen dioxide (NO2)","Winter mean","ppb","UHF42","310","Lower Manhattan","2022","2022-01-01T00:00:00.000","25.5963319",
"825717","1431","Nitrogen dioxide (NO2)","Annual mean","ppb","UHF42","309","Union Square - Lower East Side","2022","2022-01-01T00:00:00.000","18.02876309",
"825718","1432","Nitrogen dioxide (NO2)","Summer mean","ppb","UHF42","309","Union Square - Lower East Side","2022","2022-01-01T00:00:00.000","13.86713279",
"825715","1432","Nitrogen dioxide (NO2)","Summer mean","ppb","UHF42","310","Lower Manhattan","2022","2022-01-01T00:00:00.000","16.71264314",
"825719","1433","Nitrogen dioxide (NO2)","Winter mean","ppb","UHF42","309","Union Square - Lower East Side","2022","2022-01-01T00:00:00.000","22.75256624",
"825714","1431","Nitrogen dioxide (NO2)","Annual mean","ppb","UHF42","310","Lower Manhattan","2022","2022-01-01T00:00:00.000","20.80571845",
"825709","1432","Nitrogen dioxide (NO2)","Summer mean","ppb","UHF42","402","West Queens","2022","2022-01-01T00:00:00.000","12.76958802",
"825710","1433","Nitrogen dioxide (NO2)","Winter mean","ppb","UHF42","402","West Queens","2022","2022-01-01T00:00:00.000","22.63052839",
"825711","1431","Nitrogen dioxide (NO2)","Annual mean","ppb","UHF42","401","Long Island City - Astoria","2022","2022-01-01T00:00:00.000","17.37601895",
"825707","1433","Nitrogen dioxide (NO2)","Winter mean","ppb","UHF42","403","Flushing - Clearview","2022","2022-01-01T00:00:00.000","20.91385412",
"825708","1431","Nitrogen dioxide (NO2)","Annual mean","ppb","UHF42","402","West Queens","2022","2022-01-01T00:00:00.000","16.93576692",
"825712","1432","Nitrogen dioxide (NO2)","Summer mean","ppb","UHF42","401","Long Island City - Astoria","2022","2022-01-01T00:00:00.000","13.22276301",
"825704","1433","Nitrogen dioxide (NO2)","Winter mean","ppb","UHF42","404","Bayside - Little Neck","2022","2022-01-01T00:00:00.000","19.78492248",
"825705","1431","Nitrogen dioxide (NO2)","Annual mean","ppb","UHF42","403","Flushing - Clearview","2022","2022-01-01T00:00:00.000","15.1669961",
"825703","1432","Nitrogen dioxide (NO2)","Summer mean","ppb","UHF42","404","Bayside - Little Neck","2022","2022-01-01T00:00:00.000","10.73235998",
"825700","1432","Nitrogen dioxide (NO2)","Summer mean","ppb","UHF42","405","Ridgewood - Forest Hills","2022","2022-01-01T00:00:00.000","10.64357212",
"825701","1433","Nitrogen dioxide (NO2)","Winter mean","ppb","UHF42","405","Ridgewood - Forest Hills","2022","2022-01-01T00:00:00.000","20.94695028",
"825720","1431","Nitrogen dioxide (NO2)","Annual mean","ppb","UHF42","308","Greenwich Village - SoHo","2022","2022-01-01T00:00:00.000","20.45198364",
"825706","1432","Nitrogen dioxide (NO2)","Summer mean","ppb","UHF42","403","Flushing - Clearview","2022","2022-01-01T00:00:00.000","11.04857139",
"825713","1433","Nitrogen dioxide (NO2)","Winter mean","ppb","UHF42","401","Long Island City - Astoria","2022","2022-01-01T00:00:00.000","22.92812941",
"825702","1431","Nitrogen dioxide (NO2)","Annual mean","ppb","UHF42","404","Bayside - Little Neck","2022","2022-01-01T00:00:00.000","14.82315929",
"825694","1432","Nitrogen dioxide (NO2)","Summer mean","ppb","UHF42","407","Southwest Queens","2022","2022-01-01T00:00:00.000","9.702181732",
"825695","1433","Nitrogen dioxide (NO2)","Winter mean","ppb","UHF42","407","Southwest Queens","2022","2022-01-01T00:00:00.000","19.37697012",
"825693","1431","Nitrogen dioxide (NO2)","Annual mean","ppb","UHF42","407","Southwest Queens","2022","2022-01-01T00:00:00.000","14.25771686",
"823576","1426","Fine particles (PM 2.5)","Summer mean","mcg/m3","CD","503","Tottenville and Great Kills (CD3)","2022","2022-01-01T00:00:00.000","5.627610011",
"825696","1431","Nitrogen dioxide (NO2)","Annual mean","ppb","UHF42","406","Fresh Meadows","2022","2022-01-01T00:00:00.000","14.84726748",
"823577","1425","Fine particles (PM 2.5)","Annual mean","mcg/m3","CD","503","Tottenville and Great Kills (CD3)","2022","2022-01-01T00:00:00.000","4.995005981",
"823573","1426","Fine particles (PM 2.5)","Summer mean","mcg/m3","CD","502","South Beach and Willowbrook (CD2)","2022","2022-01-01T00:00:00.000","5.864384211",
"823574","1425","Fine particles (PM 2.5)","Annual mean","mcg/m3","CD","502","South Beach and Willowbrook (CD2)","2022","2022-01-01T00:00:00.000","5.205622176",
"823572","1427","Fine particles (PM 2.5)","Winter mean","mcg/m3","CD","502","South Beach and Willowbrook (CD2)","2022","2022-01-01T00:00:00.000","6.148464945",
"823575","1427","Fine particles (PM 2.5)","Winter mean","mcg/m3","CD","503","Tottenville and Great Kills (CD3)","2022","2022-01-01T00:00:00.000","5.747204131",
"823571","1425","Fine particles (PM 2.5)","Annual mean","mcg/m3","CD","501","St. George and Stapleton (CD1)","2022","2022-01-01T00:00:00.000","5.429250666",
"825697","1432","Nitrogen dioxide (NO2)","Summer mean","ppb","UHF42","406","Fresh Meadows","2022","2022-01-01T00:00:00.000","10.63849526",
"823567","1426","Fine particles (PM 2.5)","Summer mean","mcg/m3","CD","414","Rockaway and Broad Channel (CD14)","2022","2022-01-01T00:00:00.000","5.544136503",
"823568","1425","Fine particles (PM 2.5)","Annual mean","mcg/m3","CD","414","Rockaway and Broad Channel (CD14)","2022","2022-01-01T00:00:00.000","5.024423733",
"823565","1425","Fine particles (PM 2.5)","Annual mean","mcg/m3","CD","413","Queens Village (CD13)","2022","2022-01-01T00:00:00.000","5.441903521",
"823569","1427","Fine particles (PM 2.5)","Winter mean","mcg/m3","CD","501","St. George and Stapleton (CD1)","2022","2022-01-01T00:00:00.000","6.42429901",
"823566","1427","Fine particles (PM 2.5)","Winter mean","mcg/m3","CD","414","Rockaway and Broad Channel (CD14)","2022","2022-01-01T00:00:00.000","5.964648061",
"823562","1425","Fine particles (PM 2.5)","Annual mean","mcg/m3","CD","412","Jamaica and Hollis (CD12)","2022","2022-01-01T00:00:00.000","5.597107074",
"823563","1427","Fine particles (PM 2.5)","Winter mean","mcg/m3","CD","413","Queens Village (CD13)","2022","2022-01-01T00:00:00.000","6.442329619",
"823560","1427","Fine particles (PM 2.5)","Winter mean","mcg/m3","CD","412","Jamaica and Hollis (CD12)","2022","2022-01-01T00:00:00.000","6.588522363",
"823570","1426","Fine particles (PM 2.5)","Summer mean","mcg/m3","CD","501","St. George and Stapleton (CD1)","2022","2022-01-01T00:00:00.000","6.105169073",
"825698","1433","Nitrogen dioxide (NO2)","Winter mean","ppb","UHF42","406","Fresh Meadows","2022","2022-01-01T00:00:00.000","20.03329582",
"823564","1426","Fine particles (PM 2.5)","Summer mean","mcg/m3","CD","413","Queens Village (CD13)","2022","2022-01-01T00:00:00.000","6.146248912",
"823555","1426","Fine particles (PM 2.5)","Summer mean","mcg/m3","CD","410","South Ozone Park and Howard Beach (CD10)","2022","2022-01-01T00:00:00.000","6.044015426",
"823556","1425","Fine particles (PM 2.5)","Annual mean","mcg/m3","CD","410","South Ozone Park and Howard Beach (CD10)","2022","2022-01-01T00:00:00.000","5.387698",
"823553","1425","Fine particles (PM 2.5)","Annual mean","mcg/m3","CD","409","Kew Gardens and Woodhaven (CD9)","2022","2022-01-01T00:00:00.000","5.764181316",
"823557","1427","Fine particles (PM 2.5)","Winter mean","mcg/m3","CD","411","Bayside and Little Neck (CD11)","2022","2022-01-01T00:00:00.000","6.654623545",
"823554","1427","Fine particles (PM 2.5)","Winter mean","mcg/m3","CD","410","South Ozone Park and Howard Beach (CD10)","2022","2022-01-01T00:00:00.000","6.3432456",
"823550","1425","Fine particles (PM 2.5)","Annual mean","mcg/m3","CD","408","Hillcrest and Fresh Meadows (CD8)","2022","2022-01-01T00:00:00.000","5.525890879",
"823547","1425","Fine particles (PM 2.5)","Annual mean","mcg/m3","CD","407","Flushing and Whitestone (CD7)","2022","2022-01-01T00:00:00.000","5.869460653",
"823551","1427","Fine particles (PM 2.5)","Winter mean","mcg/m3","CD","409","Kew Gardens and Woodhaven (CD9)","2022","2022-01-01T00:00:00.000","6.754080068",
"823552","1426","Fine particles (PM 2.5)","Summer mean","mcg/m3","CD","409","Kew Gardens and Woodhaven (CD9)","2022","2022-01-01T00:00:00.000","6.410971092",
"823558","1426","Fine particles (PM 2.5)","Summer mean","mcg/m3","CD","411","Bayside and Little Neck (CD11)","2022","2022-01-01T00:00:00.000","6.372066643",
"823541","1425","Fine particles (PM 2.5)","Annual mean","mcg/m3","CD","405","Ridgewood and Maspeth (CD5)","2022","2022-01-01T00:00:00.000","5.916417435",
"823542","1427","Fine particles (PM 2.5)","Winter mean","mcg/m3","CD","406","Rego Park and Forest Hills (CD6)","2022","2022-01-01T00:00:00.000","6.60710926",
"823543","1426","Fine particles (PM 2.5)","Summer mean","mcg/m3","CD","406","Rego Park and Forest Hills (CD6)","2022","2022-01-01T00:00:00.000","6.386200991",
"823539","1427","Fine particles (PM 2.5)","Winter mean","mcg/m3","CD","405","Ridgewood and Maspeth (CD5)","2022","2022-01-01T00:00:00.000","6.858074899",
"825699","1431","Nitrogen dioxide (NO2)","Annual mean","ppb","UHF42","405","Ridgewood - Forest Hills","2022","2022-01-01T00:00:00.000","15.2081041",
"823559","1425","Fine particles (PM 2.5)","Annual mean","mcg/m3","CD","411","Bayside and Little Neck (CD11)","2022","2022-01-01T00:00:00.000","5.585495488",
"823538","1425","Fine particles (PM 2.5)","Annual mean","mcg/m3","CD","404","Elmhurst and Corona (CD4)","2022","2022-01-01T00:00:00.000","6.132830553",
"825721","1432","Nitrogen dioxide (NO2)","Summer mean","ppb","UHF42","308","Greenwich Village - SoHo","2022","2022-01-01T00:00:00.000","16.59352898",
"823544","1425","Fine particles (PM 2.5)","Annual mean","mcg/m3","CD","406","Rego Park and Forest Hills (CD6)","2022","2022-01-01T00:00:00.000","5.658002725",
"823531","1426","Fine particles (PM 2.5)","Summer mean","mcg/m3","CD","402","Woodside and Sunnyside (CD2)","2022","2022-01-01T00:00:00.000","7.248773602",
"823532","1425","Fine particles (PM 2.5)","Annual mean","mcg/m3","CD","402","Woodside and Sunnyside (CD2)","2022","2022-01-01T00:00:00.000","6.451912064",
"823533","1427","Fine particles (PM 2.5)","Winter mean","mcg/m3","CD","403","Jackson Heights (CD3)","2022","2022-01-01T00:00:00.000","7.000085217",
"823534","1426","Fine particles (PM 2.5)","Summer mean","mcg/m3","CD","403","Jackson Heights (CD3)","2022","2022-01-01T00:00:00.000","6.769809466",
"823530","1427","Fine particles (PM 2.5)","Winter mean","mcg/m3","CD","402","Woodside and Sunnyside (CD2)","2022","2022-01-01T00:00:00.000","7.313604316",
"823535","1425","Fine particles (PM 2.5)","Annual mean","mcg/m3","CD","403","Jackson Heights (CD3)","2022","2022-01-01T00:00:00.000","6.04036743",
"823525","1426","Fine particles (PM 2.5)","Summer mean","mcg/m3","CD","318","Flatlands and Canarsie (CD18)","2022","2022-01-01T00:00:00.000","5.900416654",
"823526","1425","Fine particles (PM 2.5)","Annual mean","mcg/m3","CD","318","Flatlands and Canarsie (CD18)","2022","2022-01-01T00:00:00.000","5.332033825",
"823527","1427","Fine particles (PM 2.5)","Winter mean","mcg/m3","CD","401","Long Island City and Astoria (CD1)","2022","2022-01-01T00:00:00.000","7.088681761",
"823524","1427","Fine particles (PM 2.5)","Winter mean","mcg/m3","CD","318","Flatlands and Canarsie (CD18)","2022","2022-01-01T00:00:00.000","6.396820602",
"823523","1425","Fine particles (PM 2.5)","Annual mean","mcg/m3","CD","317","East Flatbush (CD17)","2022","2022-01-01T00:00:00.000","5.658970885",
"823528","1426","Fine particles (PM 2.5)","Summer mean","mcg/m3","CD","401","Long Island City and Astoria (CD1)","2022","2022-01-01T00:00:00.000","7.017667827",
"823520","1425","Fine particles (PM 2.5)","Annual mean","mcg/m3","CD","316","Brownsville (CD16)","2022","2022-01-01T00:00:00.000","5.757663772",
"823521","1427","Fine particles (PM 2.5)","Winter mean","mcg/m3","CD","317","East Flatbush (CD17)","2022","2022-01-01T00:00:00.000","6.726360994",
"823517","1425","Fine particles (PM 2.5)","Annual mean","mcg/m3","CD","315","Sheepshead Bay (CD15)","2022","2022-01-01T00:00:00.000","5.389991444",
"823518","1427","Fine particles (PM 2.5)","Winter mean","mcg/m3","CD","316","Brownsville (CD16)","2022","2022-01-01T00:00:00.000","6.761644117",
"823522","1426","Fine particles (PM 2.5)","Summer mean","mcg/m3","CD","317","East Flatbush (CD17)","2022","2022-01-01T00:00:00.000","6.221374471",
"823529","1425","Fine particles (PM 2.5)","Annual mean","mcg/m3","CD","401","Long Island City and Astoria (CD1)","2022","2022-01-01T00:00:00.000","6.191384712",
"823536","1427","Fine particles (PM 2.5)","Winter mean","mcg/m3","CD","404","Elmhurst and Corona (CD4)","2022","2022-01-01T00:00:00.000","7.098106385",
"823519","1426","Fine particles (PM 2.5)","Summer mean","mcg/m3","CD","316","Brownsville (CD16)","2022","2022-01-01T00:00:00.000","6.378015604",
"823512","1427","Fine particles (PM 2.5)","Winter mean","mcg/m3","CD","314","Flatbush and Midwood (CD14)","2022","2022-01-01T00:00:00.000","6.741769982",
"823510","1426","Fine particles (PM 2.5)","Summer mean","mcg/m3","CD","313","Coney Island (CD13)","2022","2022-01-01T00:00:00.000","5.809080731",
"823511","1425","Fine particles (PM 2.5)","Annual mean","mcg/m3","CD","313","Coney Island (CD13)","2022","2022-01-01T00:00:00.000","5.400246773",
"823513","1426","Fine particles (PM 2.5)","Summer mean","mcg/m3","CD","314","Flatbush and Midwood (CD14)","2022","2022-01-01T00:00:00.000","6.105372088",
"823506","1427","Fine particles (PM 2.5)","Winter mean","mcg/m3","CD","312","Borough Park (CD12)","2022","2022-01-01T00:00:00.000","6.860236525",
"823507","1426","Fine particles (PM 2.5)","Summer mean","mcg/m3","CD","312","Borough Park (CD12)","2022","2022-01-01T00:00:00.000","6.204044635",
"823503","1427","Fine particles (PM 2.5)","Winter mean","mcg/m3","CD","311","Bensonhurst (CD11)","2022","2022-01-01T00:00:00.000","6.710784008",
"823501","1426","Fine particles (PM 2.5)","Summer mean","mcg/m3","CD","310","Bay Ridge and Dyker Heights (CD10)","2022","2022-01-01T00:00:00.000","6.201439409",
"823508","1425","Fine particles (PM 2.5)","Annual mean","mcg/m3","CD","312","Borough Park (CD12)","2022","2022-01-01T00:00:00.000","5.713347246",
"823502","1425","Fine particles (PM 2.5)","Annual mean","mcg/m3","CD","310","Bay Ridge and Dyker Heights (CD10)","2022","2022-01-01T00:00:00.000","5.740224276",
"823514","1425","Fine particles (PM 2.5)","Annual mean","mcg/m3","CD","314","Flatbush and Midwood (CD14)","2022","2022-01-01T00:00:00.000","5.62037205",
"823497","1427","Fine particles (PM 2.5)","Winter mean","mcg/m3","CD","309","South Crown Heights and Lefferts Gardens (CD9)","2022","2022-01-01T00:00:00.000","6.758213535",
"823494","1427","Fine particles (PM 2.5)","Winter mean","mcg/m3","CD","308","Crown Heights and Prospect Heights (CD8)","2022","2022-01-01T00:00:00.000","7.126394439",
"823498","1426","Fine particles (PM 2.5)","Summer mean","mcg/m3","CD","309","South Crown Heights and Lefferts Gardens (CD9)","2022","2022-01-01T00:00:00.000","6.2784112",
"823491","1427","Fine particles (PM 2.5)","Winter mean","mcg/m3","CD","307","Sunset Park (CD7)","2022","2022-01-01T00:00:00.000","7.258967888",
"823492","1426","Fine particles (PM 2.5)","Summer mean","mcg/m3","CD","307","Sunset Park (CD7)","2022","2022-01-01T00:00:00.000","6.695717506",
"823488","1427","Fine particles (PM 2.5)","Winter mean","mcg/m3","CD","306","Park Slope and Carroll Gardens (CD6)","2022","2022-01-01T00:00:00.000","7.399535234",
"823499","1425","Fine particles (PM 2.5)","Annual mean","mcg/m3","CD","309","South Crown Heights and Lefferts Gardens (CD9)","2022","2022-01-01T00:00:00.000","5.722829885",
"823485","1427","Fine particles (PM 2.5)","Winter mean","mcg/m3","CD","305","East New York and Starrett City (CD5)","2022","2022-01-01T00:00:00.000","6.686860837",
"823482","1427","Fine particles (PM 2.5)","Winter mean","mcg/m3","CD","304","Bushwick (CD4)","2022","2022-01-01T00:00:00.000","7.259217138",
"823486","1426","Fine particles (PM 2.5)","Summer mean","mcg/m3","CD","305","East New York and Starrett City (CD5)","2022","2022-01-01T00:00:00.000","6.343255361",
"823500","1427","Fine particles (PM 2.5)","Winter mean","mcg/m3","CD","310","Bay Ridge and Dyker Heights (CD10)","2022","2022-01-01T00:00:00.000","6.880545245",
"823478","1425","Fine particles (PM 2.5)","Annual mean","mcg/m3","CD","302","Fort Greene and Brooklyn Heights (CD2)","2022","2022-01-01T00:00:00.000","6.441360442",
"823479","1427","Fine particles (PM 2.5)","Winter mean","mcg/m3","CD","303","Bedford Stuyvesant (CD3)","2022","2022-01-01T00:00:00.000","7.072511833",
"823487","1425","Fine particles (PM 2.5)","Annual mean","mcg/m3","CD","305","East New York and Starrett City (CD5)","2022","2022-01-01T00:00:00.000","5.690826328",
"823515","1427","Fine particles (PM 2.5)","Winter mean","mcg/m3","CD","315","Sheepshead Bay (CD15)","2022","2022-01-01T00:00:00.000","6.533447644",
"823473","1427","Fine particles (PM 2.5)","Winter mean","mcg/m3","CD","301","Greenpoint and Williamsburg (CD1)","2022","2022-01-01T00:00:00.000","7.435747777",
"823470","1427","Fine particles (PM 2.5)","Winter mean","mcg/m3","UHF42","410","Rockaways","2022","2022-01-01T00:00:00.000","5.965691874",
"823474","1426","Fine particles (PM 2.5)","Summer mean","mcg/m3","CD","301","Greenpoint and Williamsburg (CD1)","2022","2022-01-01T00:00:00.000","7.217085847",
"823465","1425","Fine particles (PM 2.5)","Annual mean","mcg/m3","UHF42","501","Port Richmond","2022","2022-01-01T00:00:00.000","5.502310703",
"823464","1427","Fine particles (PM 2.5)","Winter mean","mcg/m3","UHF42","502","Stapleton - St. George","2022","2022-01-01T00:00:00.000","6.359380661",
"823466","1426","Fine particles (PM 2.5)","Summer mean","mcg/m3","UHF42","501","Port Richmond","2022","2022-01-01T00:00:00.000","6.216324773",
"823467","1427","Fine particles (PM 2.5)","Winter mean","mcg/m3","UHF42","501","Port Richmond","2022","2022-01-01T00:00:00.000","6.455065171",
"823463","1426","Fine particles (PM 2.5)","Summer mean","mcg/m3","UHF42","502","Stapleton - St. George","2022","2022-01-01T00:00:00.000","5.924476631",
"823475","1425","Fine particles (PM 2.5)","Annual mean","mcg/m3","CD","301","Greenpoint and Williamsburg (CD1)","2022","2022-01-01T00:00:00.000","6.547744636",
"823459","1425","Fine particles (PM 2.5)","Annual mean","mcg/m3","UHF42","503","Willowbrook","2022","2022-01-01T00:00:00.000","5.233294329",
"823458","1427","Fine particles (PM 2.5)","Winter mean","mcg/m3","UHF42","504","South Beach - Tottenville","2022","2022-01-01T00:00:00.000","5.795551825",
"823468","1425","Fine particles (PM 2.5)","Annual mean","mcg/m3","UHF42","410","Rockaways","2022","2022-01-01T00:00:00.000","5.027691213",
"823469","1426","Fine particles (PM 2.5)","Summer mean","mcg/m3","UHF42","410","Rockaways","2022","2022-01-01T00:00:00.000","5.548223949",
"823471","1426","Fine particles (PM 2.5)","Summer mean","mcg/m3","CD","212","Williamsbridge and Baychester (CD12)","2022","2022-01-01T00:00:00.000","7.104302709",
"823472","1425","Fine particles (PM 2.5)","Annual mean","mcg/m3","CD","212","Williamsbridge and Baychester (CD12)","2022","2022-01-01T00:00:00.000","6.043308886",
"823460","1426","Fine particles (PM 2.5)","Summer mean","mcg/m3","UHF42","503","Willowbrook","2022","2022-01-01T00:00:00.000","5.932229923",
"823456","1425","Fine particles (PM 2.5)","Annual mean","mcg/m3","UHF42","504","South Beach - Tottenville","2022","2022-01-01T00:00:00.000","5.014744745",
"823455","1427","Fine particles (PM 2.5)","Winter mean","mcg/m3","UHF34","101","Kingsbridge - Riverdale","2022","2022-01-01T00:00:00.000","7.231477602",
"823457","1426","Fine particles (PM 2.5)","Summer mean","mcg/m3","UHF42","504","South Beach - Tottenville","2022","2022-01-01T00:00:00.000","5.641128028",
"823480","1426","Fine particles (PM 2.5)","Summer mean","mcg/m3","CD","303","Bedford Stuyvesant (CD3)","2022","2022-01-01T00:00:00.000","6.686912047",
"823481","1425","Fine particles (PM 2.5)","Annual mean","mcg/m3","CD","303","Bedford Stuyvesant (CD3)","2022","2022-01-01T00:00:00.000","6.099869901",
"823483","1426","Fine particles (PM 2.5)","Summer mean","mcg/m3","CD","304","Bushwick (CD4)","2022","2022-01-01T00:00:00.000","6.849597538",
"823484","1425","Fine particles (PM 2.5)","Annual mean","mcg/m3","CD","304","Bushwick (CD4)","2022","2022-01-01T00:00:00.000","6.261674584",
"823461","1427","Fine particles (PM 2.5)","Winter mean","mcg/m3","UHF42","503","Willowbrook","2022","2022-01-01T00:00:00.000","6.132011725",
"823452","1427","Fine particles (PM 2.5)","Winter mean","mcg/m3","UHF34","102","Northeast Bronx","2022","2022-01-01T00:00:00.000","7.301746753",
"823489","1426","Fine particles (PM 2.5)","Summer mean","mcg/m3","CD","306","Park Slope and Carroll Gardens (CD6)","2022","2022-01-01T00:00:00.000","6.896060439",
"823490","1425","Fine particles (PM 2.5)","Annual mean","mcg/m3","CD","306","Park Slope and Carroll Gardens (CD6)","2022","2022-01-01T00:00:00.000","6.373445436",
"823451","1426","Fine particles (PM 2.5)","Summer mean","mcg/m3","UHF34","102","Northeast Bronx","2022","2022-01-01T00:00:00.000","7.076424758",
"823493","1425","Fine particles (PM 2.5)","Annual mean","mcg/m3","CD","307","Sunset Park (CD7)","2022","2022-01-01T00:00:00.000","6.159867841",
"823495","1426","Fine particles (PM 2.5)","Summer mean","mcg/m3","CD","308","Crown Heights and Prospect Heights (CD8)","2022","2022-01-01T00:00:00.000","6.622607531",
"823496","1425","Fine particles (PM 2.5)","Annual mean","mcg/m3","CD","308","Crown Heights and Prospect Heights (CD8)","2022","2022-01-01T00:00:00.000","6.106233431",
"823453","1425","Fine particles (PM 2.5)","Annual mean","mcg/m3","UHF34","101","Kingsbridge - Riverdale","2022","2022-01-01T00:00:00.000","6.046809555",
"823449","1427","Fine particles (PM 2.5)","Winter mean","mcg/m3","UHF34","103","Fordham - Bronx Pk","2022","2022-01-01T00:00:00.000","7.350776341",
"823450","1425","Fine particles (PM 2.5)","Annual mean","mcg/m3","UHF34","102","Northeast Bronx","2022","2022-01-01T00:00:00.000","6.032611817",
"823454","1426","Fine particles (PM 2.5)","Summer mean","mcg/m3","UHF34","101","Kingsbridge - Riverdale","2022","2022-01-01T00:00:00.000","7.146132353",
"823462","1425","Fine particles (PM 2.5)","Annual mean","mcg/m3","UHF42","502","Stapleton - St. George","2022","2022-01-01T00:00:00.000","5.306275762",
"823476","1427","Fine particles (PM 2.5)","Winter mean","mcg/m3","CD","302","Fort Greene and Brooklyn Heights (CD2)","2022","2022-01-01T00:00:00.000","7.360701245",
"823504","1426","Fine particles (PM 2.5)","Summer mean","mcg/m3","CD","311","Bensonhurst (CD11)","2022","2022-01-01T00:00:00.000","5.978383021",
"823505","1425","Fine particles (PM 2.5)","Annual mean","mcg/m3","CD","311","Bensonhurst (CD11)","2022","2022-01-01T00:00:00.000","5.533321435",
"823444","1425","Fine particles (PM 2.5)","Annual mean","mcg/m3","UHF34","104","Pelham - Throgs Neck","2022","2022-01-01T00:00:00.000","6.06439456",
"823443","1427","Fine particles (PM 2.5)","Winter mean","mcg/m3","UHF34","201","Greenpoint","2022","2022-01-01T00:00:00.000","7.355772885",
"823445","1426","Fine particles (PM 2.5)","Summer mean","mcg/m3","UHF34","104","Pelham - Throgs Neck","2022","2022-01-01T00:00:00.000","7.005098509",
"823509","1427","Fine particles (PM 2.5)","Winter mean","mcg/m3","CD","313","Coney Island (CD13)","2022","2022-01-01T00:00:00.000","6.569546704",
"823441","1425","Fine particles (PM 2.5)","Annual mean","mcg/m3","UHF34","201","Greenpoint","2022","2022-01-01T00:00:00.000","6.497213811",
"823440","1427","Fine particles (PM 2.5)","Winter mean","mcg/m3","UHF34","202","Downtown - Heights - Slope","2022","2022-01-01T00:00:00.000","7.365504023",
"823442","1426","Fine particles (PM 2.5)","Summer mean","mcg/m3","UHF34","201","Greenpoint","2022","2022-01-01T00:00:00.000","7.186699469",
"823446","1427","Fine particles (PM 2.5)","Winter mean","mcg/m3","UHF34","104","Pelham - Throgs Neck","2022","2022-01-01T00:00:00.000","7.246513807",
"823437","1427","Fine particles (PM 2.5)","Winter mean","mcg/m3","UHF34","203","Bedford Stuyvesant - Crown Heights","2022","2022-01-01T00:00:00.000","6.934554575",
"823436","1426","Fine particles (PM 2.5)","Summer mean","mcg/m3","UHF34","203","Bedford Stuyvesant - Crown Heights","2022","2022-01-01T00:00:00.000","6.499405841",
"823438","1425","Fine particles (PM 2.5)","Annual mean","mcg/m3","UHF34","202","Downtown - Heights - Slope","2022","2022-01-01T00:00:00.000","6.387990997",
"823434","1427","Fine particles (PM 2.5)","Winter mean","mcg/m3","UHF34","204","East New York","2022","2022-01-01T00:00:00.000","6.742515428",
"823433","1426","Fine particles (PM 2.5)","Summer mean","mcg/m3","UHF34","204","East New York","2022","2022-01-01T00:00:00.000","6.401286506",
"823435","1425","Fine particles (PM 2.5)","Annual mean","mcg/m3","UHF34","203","Bedford Stuyvesant - Crown Heights","2022","2022-01-01T00:00:00.000","5.930993839",
"823439","1426","Fine particles (PM 2.5)","Summer mean","mcg/m3","UHF34","202","Downtown - Heights - Slope","2022","2022-01-01T00:00:00.000","6.911800513",
"823447","1425","Fine particles (PM 2.5)","Annual mean","mcg/m3","UHF34","103","Fordham - Bronx Pk","2022","2022-01-01T00:00:00.000","6.126579475",
"823429","1425","Fine particles (PM 2.5)","Annual mean","mcg/m3","UHF34","205","Sunset Park","2022","2022-01-01T00:00:00.000","6.182803784",
"823428","1427","Fine particles (PM 2.5)","Winter mean","mcg/m3","UHF34","206","Borough Park","2022","2022-01-01T00:00:00.000","6.809837367",
"823430","1426","Fine particles (PM 2.5)","Summer mean","mcg/m3","UHF34","205","Sunset Park","2022","2022-01-01T00:00:00.000","6.69691987",
"823431","1427","Fine particles (PM 2.5)","Winter mean","mcg/m3","UHF34","205","Sunset Park","2022","2022-01-01T00:00:00.000","7.303474355",
"823427","1426","Fine particles (PM 2.5)","Summer mean","mcg/m3","UHF34","206","Borough Park","2022","2022-01-01T00:00:00.000","6.156469785",
"823477","1426","Fine particles (PM 2.5)","Summer mean","mcg/m3","CD","302","Fort Greene and Brooklyn Heights (CD2)","2022","2022-01-01T00:00:00.000","6.95120567",
"823516","1426","Fine particles (PM 2.5)","Summer mean","mcg/m3","CD","315","Sheepshead Bay (CD15)","2022","2022-01-01T00:00:00.000","5.818567276",
"825871","1433","Nitrogen dioxide (NO2)","Winter mean","ppb","UHF34","306308","Chelsea-Village","2022","2022-01-01T00:00:00.000","26.10760258",
"825722","1433","Nitrogen dioxide (NO2)","Winter mean","ppb","UHF42","308","Greenwich Village - SoHo","2022","2022-01-01T00:00:00.000","24.70809517",
"823448","1426","Fine particles (PM 2.5)","Summer mean","mcg/m3","UHF34","103","Fordham - Bronx Pk","2022","2022-01-01T00:00:00.000","7.129036078",
"823432","1425","Fine particles (PM 2.5)","Annual mean","mcg/m3","UHF34","204","East New York","2022","2022-01-01T00:00:00.000","5.747771906",
"823537","1426","Fine particles (PM 2.5)","Summer mean","mcg/m3","CD","404","Elmhurst and Corona (CD4)","2022","2022-01-01T00:00:00.000","6.80202856",
"823417","1425","Fine particles (PM 2.5)","Annual mean","mcg/m3","UHF34","209","Bensonhurst - Bay Ridge","2022","2022-01-01T00:00:00.000","5.58462253",
"823416","1427","Fine particles (PM 2.5)","Winter mean","mcg/m3","UHF34","210","Coney Island - Sheepshead Bay","2022","2022-01-01T00:00:00.000","6.555623425",
"823418","1426","Fine particles (PM 2.5)","Summer mean","mcg/m3","UHF34","209","Bensonhurst - Bay Ridge","2022","2022-01-01T00:00:00.000","6.036921521",
"823414","1425","Fine particles (PM 2.5)","Annual mean","mcg/m3","UHF34","210","Coney Island - Sheepshead Bay","2022","2022-01-01T00:00:00.000","5.401120876",
"823413","1427","Fine particles (PM 2.5)","Winter mean","mcg/m3","UHF34","211","Williamsburg - Bushwick","2022","2022-01-01T00:00:00.000","7.398084728",
"823415","1426","Fine particles (PM 2.5)","Summer mean","mcg/m3","UHF34","210","Coney Island - Sheepshead Bay","2022","2022-01-01T00:00:00.000","5.821626343",
"823419","1427","Fine particles (PM 2.5)","Winter mean","mcg/m3","UHF34","209","Bensonhurst - Bay Ridge","2022","2022-01-01T00:00:00.000","6.73795274",
"823410","1427","Fine particles (PM 2.5)","Winter mean","mcg/m3","UHF34","301","Washington Heights","2022","2022-01-01T00:00:00.000","7.286975683",
"823409","1426","Fine particles (PM 2.5)","Summer mean","mcg/m3","UHF34","301","Washington Heights","2022","2022-01-01T00:00:00.000","7.231879874",
"823411","1425","Fine particles (PM 2.5)","Annual mean","mcg/m3","UHF34","211","Williamsburg - Bushwick","2022","2022-01-01T00:00:00.000","6.411338422",
"823412","1426","Fine particles (PM 2.5)","Summer mean","mcg/m3","UHF34","211","Williamsburg - Bushwick","2022","2022-01-01T00:00:00.000","6.9921169",
"823408","1425","Fine particles (PM 2.5)","Annual mean","mcg/m3","UHF34","301","Washington Heights","2022","2022-01-01T00:00:00.000","6.287259641",
"823420","1425","Fine particles (PM 2.5)","Annual mean","mcg/m3","UHF34","208","Canarsie - Flatlands","2022","2022-01-01T00:00:00.000","5.350505083",
"823404","1427","Fine particles (PM 2.5)","Winter mean","mcg/m3","UHF34","303","East Harlem","2022","2022-01-01T00:00:00.000","6.979186691",
"823405","1425","Fine particles (PM 2.5)","Annual mean","mcg/m3","UHF34","302","Central Harlem - Morningside Heights","2022","2022-01-01T00:00:00.000","6.245602889",
"823406","1426","Fine particles (PM 2.5)","Summer mean","mcg/m3","UHF34","302","Central Harlem - Morningside Heights","2022","2022-01-01T00:00:00.000","7.126410704",
"823421","1426","Fine particles (PM 2.5)","Summer mean","mcg/m3","UHF34","208","Canarsie - Flatlands","2022","2022-01-01T00:00:00.000","5.929055364",
"823407","1427","Fine particles (PM 2.5)","Winter mean","mcg/m3","UHF34","302","Central Harlem - Morningside Heights","2022","2022-01-01T00:00:00.000","7.13555327",
"823422","1427","Fine particles (PM 2.5)","Winter mean","mcg/m3","UHF34","208","Canarsie - Flatlands","2022","2022-01-01T00:00:00.000","6.407656215",
"823403","1426","Fine particles (PM 2.5)","Summer mean","mcg/m3","UHF34","303","East Harlem","2022","2022-01-01T00:00:00.000","7.035453199",
"823398","1427","Fine particles (PM 2.5)","Winter mean","mcg/m3","UHF34","401","Long Island City - Astoria","2022","2022-01-01T00:00:00.000","7.310481812",
"823399","1425","Fine particles (PM 2.5)","Annual mean","mcg/m3","UHF34","304","Upper West Side","2022","2022-01-01T00:00:00.000","6.111714175",
"823400","1426","Fine particles (PM 2.5)","Summer mean","mcg/m3","UHF34","304","Upper West Side","2022","2022-01-01T00:00:00.000","7.014751429",
"823397","1426","Fine particles (PM 2.5)","Summer mean","mcg/m3","UHF34","401","Long Island City - Astoria","2022","2022-01-01T00:00:00.000","7.223992797",
"823401","1427","Fine particles (PM 2.5)","Winter mean","mcg/m3","UHF34","304","Upper West Side","2022","2022-01-01T00:00:00.000","6.806752594",
"823393","1425","Fine particles (PM 2.5)","Annual mean","mcg/m3","UHF34","402","West Queens","2022","2022-01-01T00:00:00.000","6.195663561",
"823394","1426","Fine particles (PM 2.5)","Summer mean","mcg/m3","UHF34","402","West Queens","2022","2022-01-01T00:00:00.000","6.947133295",
"823392","1427","Fine particles (PM 2.5)","Winter mean","mcg/m3","UHF34","403","Flushing - Clearview","2022","2022-01-01T00:00:00.000","6.944377215",
"823390","1425","Fine particles (PM 2.5)","Annual mean","mcg/m3","UHF34","403","Flushing - Clearview","2022","2022-01-01T00:00:00.000","5.853685998",
"823395","1427","Fine particles (PM 2.5)","Winter mean","mcg/m3","UHF34","402","West Queens","2022","2022-01-01T00:00:00.000","7.128130858",
"823391","1426","Fine particles (PM 2.5)","Summer mean","mcg/m3","UHF34","403","Flushing - Clearview","2022","2022-01-01T00:00:00.000","6.645086401",
"823387","1425","Fine particles (PM 2.5)","Annual mean","mcg/m3","UHF34","405","Ridgewood - Forest Hills","2022","2022-01-01T00:00:00.000","5.754248643",
"823388","1426","Fine particles (PM 2.5)","Summer mean","mcg/m3","UHF34","405","Ridgewood - Forest Hills","2022","2022-01-01T00:00:00.000","6.496026238",
"823386","1427","Fine particles (PM 2.5)","Winter mean","mcg/m3","UHF34","407","Southwest Queens","2022","2022-01-01T00:00:00.000","6.504012994",
"823423","1425","Fine particles (PM 2.5)","Annual mean","mcg/m3","UHF34","207","East Flatbush - Flatbush","2022","2022-01-01T00:00:00.000","5.640862065",
"823389","1427","Fine particles (PM 2.5)","Winter mean","mcg/m3","UHF34","405","Ridgewood - Forest Hills","2022","2022-01-01T00:00:00.000","6.703134065",
"823396","1425","Fine particles (PM 2.5)","Annual mean","mcg/m3","UHF34","401","Long Island City - Astoria","2022","2022-01-01T00:00:00.000","6.44099378",
"823385","1426","Fine particles (PM 2.5)","Summer mean","mcg/m3","UHF34","407","Southwest Queens","2022","2022-01-01T00:00:00.000","6.186231641",
"823402","1425","Fine particles (PM 2.5)","Annual mean","mcg/m3","UHF34","303","East Harlem","2022","2022-01-01T00:00:00.000","6.148291756",
"823379","1426","Fine particles (PM 2.5)","Summer mean","mcg/m3","UHF34","409","Southeast Queens","2022","2022-01-01T00:00:00.000","6.112348152",
"823380","1427","Fine particles (PM 2.5)","Winter mean","mcg/m3","UHF34","409","Southeast Queens","2022","2022-01-01T00:00:00.000","6.398900945",
"823378","1425","Fine particles (PM 2.5)","Annual mean","mcg/m3","UHF34","409","Southeast Queens","2022","2022-01-01T00:00:00.000","5.400700936",
"823375","1425","Fine particles (PM 2.5)","Annual mean","mcg/m3","UHF34","410","Rockaways","2022","2022-01-01T00:00:00.000","5.027691213",
"823376","1426","Fine particles (PM 2.5)","Summer mean","mcg/m3","UHF34","410","Rockaways","2022","2022-01-01T00:00:00.000","5.548223949",
"823381","1425","Fine particles (PM 2.5)","Annual mean","mcg/m3","UHF34","408","Jamaica","2022","2022-01-01T00:00:00.000","5.627665469",
"823377","1427","Fine particles (PM 2.5)","Winter mean","mcg/m3","UHF34","410","Rockaways","2022","2022-01-01T00:00:00.000","5.965691874",
"823372","1425","Fine particles (PM 2.5)","Annual mean","mcg/m3","UHF34","305307","Upper East Side-Gramercy","2022","2022-01-01T00:00:00.000","7.082453627",
"823373","1426","Fine particles (PM 2.5)","Summer mean","mcg/m3","UHF34","305307","Upper East Side-Gramercy","2022","2022-01-01T00:00:00.000","7.50474789",
"823371","1427","Fine particles (PM 2.5)","Winter mean","mcg/m3","UHF34","306308","Chelsea-Village","2022","2022-01-01T00:00:00.000","9.219575766",
"823368","1427","Fine particles (PM 2.5)","Winter mean","mcg/m3","UHF34","309310","Union Square-Lower Manhattan","2022","2022-01-01T00:00:00.000","8.291136521",
"823369","1425","Fine particles (PM 2.5)","Annual mean","mcg/m3","UHF34","306308","Chelsea-Village","2022","2022-01-01T00:00:00.000","8.266753158",
"823382","1426","Fine particles (PM 2.5)","Summer mean","mcg/m3","UHF34","408","Jamaica","2022","2022-01-01T00:00:00.000","6.298834348",
"823370","1426","Fine particles (PM 2.5)","Summer mean","mcg/m3","UHF34","306308","Chelsea-Village","2022","2022-01-01T00:00:00.000","8.24066025",
"823374","1427","Fine particles (PM 2.5)","Winter mean","mcg/m3","UHF34","305307","Upper East Side-Gramercy","2022","2022-01-01T00:00:00.000","7.906589642",
"823367","1426","Fine particles (PM 2.5)","Summer mean","mcg/m3","UHF34","309310","Union Square-Lower Manhattan","2022","2022-01-01T00:00:00.000","7.519751457",
"823383","1427","Fine particles (PM 2.5)","Winter mean","mcg/m3","UHF34","408","Jamaica","2022","2022-01-01T00:00:00.000","6.620465005",
"823366","1425","Fine particles (PM 2.5)","Annual mean","mcg/m3","UHF34","309310","Union Square-Lower Manhattan","2022","2022-01-01T00:00:00.000","7.342729248",
"823384","1425","Fine particles (PM 2.5)","Annual mean","mcg/m3","UHF34","407","Southwest Queens","2022","2022-01-01T00:00:00.000","5.534000948",
"823424","1426","Fine particles (PM 2.5)","Summer mean","mcg/m3","UHF34","207","East Flatbush - Flatbush","2022","2022-01-01T00:00:00.000","6.173406281",
"823540","1426","Fine particles (PM 2.5)","Summer mean","mcg/m3","CD","405","Ridgewood and Maspeth (CD5)","2022","2022-01-01T00:00:00.000","6.682984067",
"823360","1425","Fine particles (PM 2.5)","Annual mean","mcg/m3","UHF34","501502","Northern SI","2022","2022-01-01T00:00:00.000","5.374510234",
"823359","1427","Fine particles (PM 2.5)","Winter mean","mcg/m3","UHF34","503504","Southern SI","2022","2022-01-01T00:00:00.000","5.920210184",
"823356","1427","Fine particles (PM 2.5)","Winter mean","mcg/m3","UHF34","105106107","South Bronx","2022","2022-01-01T00:00:00.000","7.246660099",
"823357","1425","Fine particles (PM 2.5)","Annual mean","mcg/m3","UHF34","503504","Southern SI","2022","2022-01-01T00:00:00.000","5.095717344",
"823545","1427","Fine particles (PM 2.5)","Winter mean","mcg/m3","CD","407","Flushing and Whitestone (CD7)","2022","2022-01-01T00:00:00.000","6.955280028",
"823546","1426","Fine particles (PM 2.5)","Summer mean","mcg/m3","CD","407","Flushing and Whitestone (CD7)","2022","2022-01-01T00:00:00.000","6.657363094",
"823548","1427","Fine particles (PM 2.5)","Winter mean","mcg/m3","CD","408","Hillcrest and Fresh Meadows (CD8)","2022","2022-01-01T00:00:00.000","6.5149572",
"823549","1426","Fine particles (PM 2.5)","Summer mean","mcg/m3","CD","408","Hillcrest and Fresh Meadows (CD8)","2022","2022-01-01T00:00:00.000","6.273727196",
"823361","1426","Fine particles (PM 2.5)","Summer mean","mcg/m3","UHF34","501502","Northern SI","2022","2022-01-01T00:00:00.000","6.02607002",
"823358","1426","Fine particles (PM 2.5)","Summer mean","mcg/m3","UHF34","503504","Southern SI","2022","2022-01-01T00:00:00.000","5.74898125",
"823352","1426","Fine particles (PM 2.5)","Summer mean","mcg/m3","Citywide","1","New York City","2022","2022-01-01T00:00:00.000","6.446784508",
"823353","1427","Fine particles (PM 2.5)","Winter mean","mcg/m3","Citywide","1","New York City","2022","2022-01-01T00:00:00.000","6.761879295",
"823354","1425","Fine particles (PM 2.5)","Annual mean","mcg/m3","UHF34","105106107","South Bronx","2022","2022-01-01T00:00:00.000","6.190293563",
"823351","1425","Fine particles (PM 2.5)","Annual mean","mcg/m3","Citywide","1","New York City","2022","2022-01-01T00:00:00.000","5.762955083",
"823349","1426","Fine particles (PM 2.5)","Summer mean","mcg/m3","CD","101","Financial District (CD1)","2022","2022-01-01T00:00:00.000","7.44251086",
"823355","1426","Fine particles (PM 2.5)","Summer mean","mcg/m3","UHF34","105106107","South Bronx","2022","2022-01-01T00:00:00.000","7.172127638",
"823350","1427","Fine particles (PM 2.5)","Winter mean","mcg/m3","CD","101","Financial District (CD1)","2022","2022-01-01T00:00:00.000","8.160618669",
"823362","1427","Fine particles (PM 2.5)","Winter mean","mcg/m3","UHF34","501502","Northern SI","2022","2022-01-01T00:00:00.000","6.392677046",
"823344","1427","Fine particles (PM 2.5)","Winter mean","mcg/m3","CD","103","Lower East Side and Chinatown (CD3)","2022","2022-01-01T00:00:00.000","8.101011407",
"823345","1425","Fine particles (PM 2.5)","Annual mean","mcg/m3","CD","102","Greenwich Village and Soho (CD2)","2022","2022-01-01T00:00:00.000","8.421173133",
"823346","1426","Fine particles (PM 2.5)","Summer mean","mcg/m3","CD","102","Greenwich Village and Soho (CD2)","2022","2022-01-01T00:00:00.000","8.275614381",
"823343","1426","Fine particles (PM 2.5)","Summer mean","mcg/m3","CD","103","Lower East Side and Chinatown (CD3)","2022","2022-01-01T00:00:00.000","7.41411341",
"823340","1426","Fine particles (PM 2.5)","Summer mean","mcg/m3","Borough","1","Bronx","2022","2022-01-01T00:00:00.000","7.094758673",
"823561","1426","Fine particles (PM 2.5)","Summer mean","mcg/m3","CD","412","Jamaica and Hollis (CD12)","2022","2022-01-01T00:00:00.000","6.264015971",
"823339","1425","Fine particles (PM 2.5)","Annual mean","mcg/m3","Borough","1","Bronx","2022","2022-01-01T00:00:00.000","6.101699156",
"823341","1427","Fine particles (PM 2.5)","Winter mean","mcg/m3","Borough","1","Bronx","2022","2022-01-01T00:00:00.000","7.265326705",
"823342","1425","Fine particles (PM 2.5)","Annual mean","mcg/m3","CD","103","Lower East Side and Chinatown (CD3)","2022","2022-01-01T00:00:00.000","7.174918081",
"823338","1427","Fine particles (PM 2.5)","Winter mean","mcg/m3","Borough","2","Brooklyn","2022","2022-01-01T00:00:00.000","6.865683577",
"823347","1427","Fine particles (PM 2.5)","Winter mean","mcg/m3","CD","102","Greenwich Village and Soho (CD2)","2022","2022-01-01T00:00:00.000","9.440361241",
"823336","1425","Fine particles (PM 2.5)","Annual mean","mcg/m3","Borough","2","Brooklyn","2022","2022-01-01T00:00:00.000","5.806389358",
"823335","1427","Fine particles (PM 2.5)","Winter mean","mcg/m3","Borough","3","Manhattan","2022","2022-01-01T00:00:00.000","7.860386604",
"823337","1426","Fine particles (PM 2.5)","Summer mean","mcg/m3","Borough","2","Brooklyn","2022","2022-01-01T00:00:00.000","6.342688241",
"823363","1425","Fine particles (PM 2.5)","Annual mean","mcg/m3","UHF34","404406","Bayside Little Neck-Fresh Meadows","2022","2022-01-01T00:00:00.000","5.555328298",
"823348","1425","Fine particles (PM 2.5)","Annual mean","mcg/m3","CD","101","Financial District (CD1)","2022","2022-01-01T00:00:00.000","7.213086961",
"823364","1426","Fine particles (PM 2.5)","Summer mean","mcg/m3","UHF34","404406","Bayside Little Neck-Fresh Meadows","2022","2022-01-01T00:00:00.000","6.339157976",
"823334","1426","Fine particles (PM 2.5)","Summer mean","mcg/m3","Borough","3","Manhattan","2022","2022-01-01T00:00:00.000","7.483450557",
"823327","1425","Fine particles (PM 2.5)","Annual mean","mcg/m3","Borough","5","Staten Island","2022","2022-01-01T00:00:00.000","5.178762354",
"823326","1427","Fine particles (PM 2.5)","Winter mean","mcg/m3","UHF42","101","Kingsbridge - Riverdale","2022","2022-01-01T00:00:00.000","7.231477602",
"823328","1426","Fine particles (PM 2.5)","Summer mean","mcg/m3","Borough","5","Staten Island","2022","2022-01-01T00:00:00.000","5.831422172",
"823324","1425","Fine particles (PM 2.5)","Annual mean","mcg/m3","UHF42","101","Kingsbridge - Riverdale","2022","2022-01-01T00:00:00.000","6.046809555",
"823325","1426","Fine particles (PM 2.5)","Summer mean","mcg/m3","UHF42","101","Kingsbridge - Riverdale","2022","2022-01-01T00:00:00.000","7.146132353",
"823329","1427","Fine particles (PM 2.5)","Winter mean","mcg/m3","Borough","5","Staten Island","2022","2022-01-01T00:00:00.000","6.061045884",
"823330","1425","Fine particles (PM 2.5)","Annual mean","mcg/m3","Borough","4","Queens","2022","2022-01-01T00:00:00.000","5.69532372",
"823320","1427","Fine particles (PM 2.5)","Winter mean","mcg/m3","UHF42","103","Fordham - Bronx Pk","2022","2022-01-01T00:00:00.000","7.350776341",
"823319","1426","Fine particles (PM 2.5)","Summer mean","mcg/m3","UHF42","103","Fordham - Bronx Pk","2022","2022-01-01T00:00:00.000","7.129036078",
"823321","1425","Fine particles (PM 2.5)","Annual mean","mcg/m3","UHF42","102","Northeast Bronx","2022","2022-01-01T00:00:00.000","6.03261533",
"823317","1427","Fine particles (PM 2.5)","Winter mean","mcg/m3","UHF42","104","Pelham - Throgs Neck","2022","2022-01-01T00:00:00.000","7.246513807",
"823316","1426","Fine particles (PM 2.5)","Summer mean","mcg/m3","UHF42","104","Pelham - Throgs Neck","2022","2022-01-01T00:00:00.000","7.005098509",
"823318","1425","Fine particles (PM 2.5)","Annual mean","mcg/m3","UHF42","103","Fordham - Bronx Pk","2022","2022-01-01T00:00:00.000","6.126579475",
"823322","1426","Fine particles (PM 2.5)","Summer mean","mcg/m3","UHF42","102","Northeast Bronx","2022","2022-01-01T00:00:00.000","7.076432621",
"823313","1426","Fine particles (PM 2.5)","Summer mean","mcg/m3","UHF42","105","Crotona - Tremont","2022","2022-01-01T00:00:00.000","7.191219229",
"823312","1425","Fine particles (PM 2.5)","Annual mean","mcg/m3","UHF42","105","Crotona - Tremont","2022","2022-01-01T00:00:00.000","6.232981101",
"823314","1427","Fine particles (PM 2.5)","Winter mean","mcg/m3","UHF42","105","Crotona - Tremont","2022","2022-01-01T00:00:00.000","7.346079748",
"823315","1425","Fine particles (PM 2.5)","Annual mean","mcg/m3","UHF42","104","Pelham - Throgs Neck","2022","2022-01-01T00:00:00.000","6.06439456",
"823311","1427","Fine particles (PM 2.5)","Winter mean","mcg/m3","UHF42","106","High Bridge - Morrisania","2022","2022-01-01T00:00:00.000","7.077733735",
"823323","1427","Fine particles (PM 2.5)","Winter mean","mcg/m3","UHF42","102","Northeast Bronx","2022","2022-01-01T00:00:00.000","7.30175338",
"823331","1426","Fine particles (PM 2.5)","Summer mean","mcg/m3","Borough","4","Queens","2022","2022-01-01T00:00:00.000","6.415143517",
"823332","1427","Fine particles (PM 2.5)","Winter mean","mcg/m3","Borough","4","Queens","2022","2022-01-01T00:00:00.000","6.681202515",
"823305","1427","Fine particles (PM 2.5)","Winter mean","mcg/m3","UHF42","201","Greenpoint","2022","2022-01-01T00:00:00.000","7.355772885",
"823304","1426","Fine particles (PM 2.5)","Summer mean","mcg/m3","UHF42","201","Greenpoint","2022","2022-01-01T00:00:00.000","7.186699469",
"823306","1425","Fine particles (PM 2.5)","Annual mean","mcg/m3","UHF42","107","Hunts Point - Mott Haven","2022","2022-01-01T00:00:00.000","6.24082796",
"823302","1427","Fine particles (PM 2.5)","Winter mean","mcg/m3","UHF42","202","Downtown - Heights - Slope","2022","2022-01-01T00:00:00.000","7.365504023",
"823301","1426","Fine particles (PM 2.5)","Summer mean","mcg/m3","UHF42","202","Downtown - Heights - Slope","2022","2022-01-01T00:00:00.000","6.911800513",
"823303","1425","Fine particles (PM 2.5)","Annual mean","mcg/m3","UHF42","201","Greenpoint","2022","2022-01-01T00:00:00.000","6.497213811",
"823307","1426","Fine particles (PM 2.5)","Summer mean","mcg/m3","UHF42","107","Hunts Point - Mott Haven","2022","2022-01-01T00:00:00.000","7.222672542",
"823298","1426","Fine particles (PM 2.5)","Summer mean","mcg/m3","UHF42","203","Bedford Stuyvesant - Crown Heights","2022","2022-01-01T00:00:00.000","6.499405841",
"823297","1425","Fine particles (PM 2.5)","Annual mean","mcg/m3","UHF42","203","Bedford Stuyvesant - Crown Heights","2022","2022-01-01T00:00:00.000","5.930993839",
"823299","1427","Fine particles (PM 2.5)","Winter mean","mcg/m3","UHF42","203","Bedford Stuyvesant - Crown Heights","2022","2022-01-01T00:00:00.000","6.934554575",
"823295","1426","Fine particles (PM 2.5)","Summer mean","mcg/m3","UHF42","204","East New York","2022","2022-01-01T00:00:00.000","6.401286506",
"823294","1425","Fine particles (PM 2.5)","Annual mean","mcg/m3","UHF42","204","East New York","2022","2022-01-01T00:00:00.000","5.747771906",
"823296","1427","Fine particles (PM 2.5)","Winter mean","mcg/m3","UHF42","204","East New York","2022","2022-01-01T00:00:00.000","6.742515428",
"823300","1425","Fine particles (PM 2.5)","Annual mean","mcg/m3","UHF42","202","Downtown - Heights - Slope","2022","2022-01-01T00:00:00.000","6.387990997",
"823308","1427","Fine particles (PM 2.5)","Winter mean","mcg/m3","UHF42","107","Hunts Point - Mott Haven","2022","2022-01-01T00:00:00.000","7.286723462",
"823290","1427","Fine particles (PM 2.5)","Winter mean","mcg/m3","UHF42","206","Borough Park","2022","2022-01-01T00:00:00.000","6.809837367",
"823289","1426","Fine particles (PM 2.5)","Summer mean","mcg/m3","UHF42","206","Borough Park","2022","2022-01-01T00:00:00.000","6.156469785",
"823291","1425","Fine particles (PM 2.5)","Annual mean","mcg/m3","UHF42","205","Sunset Park","2022","2022-01-01T00:00:00.000","6.182700369",
"823287","1427","Fine particles (PM 2.5)","Winter mean","mcg/m3","UHF42","207","East Flatbush - Flatbush","2022","2022-01-01T00:00:00.000","6.721923463",
"823286","1426","Fine particles (PM 2.5)","Summer mean","mcg/m3","UHF42","207","East Flatbush - Flatbush","2022","2022-01-01T00:00:00.000","6.173406281",
"823288","1425","Fine particles (PM 2.5)","Annual mean","mcg/m3","UHF42","206","Borough Park","2022","2022-01-01T00:00:00.000","5.665083598",
"823292","1426","Fine particles (PM 2.5)","Summer mean","mcg/m3","UHF42","205","Sunset Park","2022","2022-01-01T00:00:00.000","6.696804885",
"823283","1426","Fine particles (PM 2.5)","Summer mean","mcg/m3","UHF42","208","Canarsie - Flatlands","2022","2022-01-01T00:00:00.000","5.929055364",
"823282","1425","Fine particles (PM 2.5)","Annual mean","mcg/m3","UHF42","208","Canarsie - Flatlands","2022","2022-01-01T00:00:00.000","5.350505083",
"823284","1427","Fine particles (PM 2.5)","Winter mean","mcg/m3","UHF42","208","Canarsie - Flatlands","2022","2022-01-01T00:00:00.000","6.407656215",
"823280","1426","Fine particles (PM 2.5)","Summer mean","mcg/m3","UHF42","209","Bensonhurst - Bay Ridge","2022","2022-01-01T00:00:00.000","6.036921521",
"823279","1425","Fine particles (PM 2.5)","Annual mean","mcg/m3","UHF42","209","Bensonhurst - Bay Ridge","2022","2022-01-01T00:00:00.000","5.58462253",
"823281","1427","Fine particles (PM 2.5)","Winter mean","mcg/m3","UHF42","209","Bensonhurst - Bay Ridge","2022","2022-01-01T00:00:00.000","6.73795274",
"823285","1425","Fine particles (PM 2.5)","Annual mean","mcg/m3","UHF42","207","East Flatbush - Flatbush","2022","2022-01-01T00:00:00.000","5.640862065",
"823293","1427","Fine particles (PM 2.5)","Winter mean","mcg/m3","UHF42","205","Sunset Park","2022","2022-01-01T00:00:00.000","7.303354116",
"823309","1425","Fine particles (PM 2.5)","Annual mean","mcg/m3","UHF42","106","High Bridge - Morrisania","2022","2022-01-01T00:00:00.000","6.067705336",
"823274","1426","Fine particles (PM 2.5)","Summer mean","mcg/m3","UHF42","211","Williamsburg - Bushwick","2022","2022-01-01T00:00:00.000","6.9921169",
"823273","1425","Fine particles (PM 2.5)","Annual mean","mcg/m3","UHF42","211","Williamsburg - Bushwick","2022","2022-01-01T00:00:00.000","6.411338422",
"823275","1427","Fine particles (PM 2.5)","Winter mean","mcg/m3","UHF42","211","Williamsburg - Bushwick","2022","2022-01-01T00:00:00.000","7.398084728",
"823271","1426","Fine particles (PM 2.5)","Summer mean","mcg/m3","UHF42","301","Washington Heights","2022","2022-01-01T00:00:00.000","7.231888703",
"823270","1425","Fine particles (PM 2.5)","Annual mean","mcg/m3","UHF42","301","Washington Heights","2022","2022-01-01T00:00:00.000","6.287272736",
"823272","1427","Fine particles (PM 2.5)","Winter mean","mcg/m3","UHF42","301","Washington Heights","2022","2022-01-01T00:00:00.000","7.286981107",
"823276","1425","Fine particles (PM 2.5)","Annual mean","mcg/m3","UHF42","210","Coney Island - Sheepshead Bay","2022","2022-01-01T00:00:00.000","5.401120876",
"823267","1425","Fine particles (PM 2.5)","Annual mean","mcg/m3","UHF42","302","Central Harlem - Morningside Heights","2022","2022-01-01T00:00:00.000","6.245586287",
"823266","1427","Fine particles (PM 2.5)","Winter mean","mcg/m3","UHF42","303","East Harlem","2022","2022-01-01T00:00:00.000","6.979186691",
"823268","1426","Fine particles (PM 2.5)","Summer mean","mcg/m3","UHF42","302","Central Harlem - Morningside Heights","2022","2022-01-01T00:00:00.000","7.126396863",
"823264","1425","Fine particles (PM 2.5)","Annual mean","mcg/m3","UHF42","303","East Harlem","2022","2022-01-01T00:00:00.000","6.148291756",
"823263","1427","Fine particles (PM 2.5)","Winter mean","mcg/m3","UHF42","304","Upper West Side","2022","2022-01-01T00:00:00.000","6.806725052",
"823265","1426","Fine particles (PM 2.5)","Summer mean","mcg/m3","UHF42","303","East Harlem","2022","2022-01-01T00:00:00.000","7.035453199",
"823269","1427","Fine particles (PM 2.5)","Winter mean","mcg/m3","UHF42","302","Central Harlem - Morningside Heights","2022","2022-01-01T00:00:00.000","7.135525196",
"823277","1426","Fine particles (PM 2.5)","Summer mean","mcg/m3","UHF42","210","Coney Island - Sheepshead Bay","2022","2022-01-01T00:00:00.000","5.821626343",
"823259","1426","Fine particles (PM 2.5)","Summer mean","mcg/m3","UHF42","305","Upper East Side","2022","2022-01-01T00:00:00.000","7.097573293",
"823258","1425","Fine particles (PM 2.5)","Annual mean","mcg/m3","UHF42","305","Upper East Side","2022","2022-01-01T00:00:00.000","6.361393551",
"823260","1427","Fine particles (PM 2.5)","Winter mean","mcg/m3","UHF42","305","Upper East Side","2022","2022-01-01T00:00:00.000","7.119448511",
"823256","1426","Fine particles (PM 2.5)","Summer mean","mcg/m3","UHF42","306","Chelsea - Clinton","2022","2022-01-01T00:00:00.000","8.340367159",
"823255","1425","Fine particles (PM 2.5)","Annual mean","mcg/m3","UHF42","306","Chelsea - Clinton","2022","2022-01-01T00:00:00.000","8.378450902",
"823257","1427","Fine particles (PM 2.5)","Winter mean","mcg/m3","UHF42","306","Chelsea - Clinton","2022","2022-01-01T00:00:00.000","9.318093123",
"823261","1425","Fine particles (PM 2.5)","Annual mean","mcg/m3","UHF42","304","Upper West Side","2022","2022-01-01T00:00:00.000","6.111708505",
"823310","1426","Fine particles (PM 2.5)","Summer mean","mcg/m3","UHF42","106","High Bridge - Morrisania","2022","2022-01-01T00:00:00.000","7.075342639",
"823253","1426","Fine particles (PM 2.5)","Summer mean","mcg/m3","UHF42","307","Gramercy Park - Murray Hill","2022","2022-01-01T00:00:00.000","7.965107517",
"823333","1425","Fine particles (PM 2.5)","Annual mean","mcg/m3","Borough","3","Manhattan","2022","2022-01-01T00:00:00.000","6.964430444",
"823262","1426","Fine particles (PM 2.5)","Summer mean","mcg/m3","UHF42","304","Upper West Side","2022","2022-01-01T00:00:00.000","7.014746696",
"823254","1427","Fine particles (PM 2.5)","Winter mean","mcg/m3","UHF42","307","Gramercy Park - Murray Hill","2022","2022-01-01T00:00:00.000","8.796552831",
"823278","1427","Fine particles (PM 2.5)","Winter mean","mcg/m3","UHF42","210","Coney Island - Sheepshead Bay","2022","2022-01-01T00:00:00.000","6.555623425",
"823365","1427","Fine particles (PM 2.5)","Winter mean","mcg/m3","UHF34","404406","Bayside Little Neck-Fresh Meadows","2022","2022-01-01T00:00:00.000","6.593739371",
"823425","1427","Fine particles (PM 2.5)","Winter mean","mcg/m3","UHF34","207","East Flatbush - Flatbush","2022","2022-01-01T00:00:00.000","6.721923463",
"823244","1426","Fine particles (PM 2.5)","Summer mean","mcg/m3","UHF42","310","Lower Manhattan","2022","2022-01-01T00:00:00.000","7.359813119",
"823243","1425","Fine particles (PM 2.5)","Annual mean","mcg/m3","UHF42","310","Lower Manhattan","2022","2022-01-01T00:00:00.000","7.105169767",
"823245","1427","Fine particles (PM 2.5)","Winter mean","mcg/m3","UHF42","310","Lower Manhattan","2022","2022-01-01T00:00:00.000","8.056371282",
"823241","1426","Fine particles (PM 2.5)","Summer mean","mcg/m3","UHF42","401","Long Island City - Astoria","2022","2022-01-01T00:00:00.000","7.223992797",
"823240","1425","Fine particles (PM 2.5)","Annual mean","mcg/m3","UHF42","401","Long Island City - Astoria","2022","2022-01-01T00:00:00.000","6.44099378",
"823242","1427","Fine particles (PM 2.5)","Winter mean","mcg/m3","UHF42","401","Long Island City - Astoria","2022","2022-01-01T00:00:00.000","7.310481812",
"823246","1425","Fine particles (PM 2.5)","Annual mean","mcg/m3","UHF42","309","Union Square - Lower East Side","2022","2022-01-01T00:00:00.000","7.451469795",
"823237","1425","Fine particles (PM 2.5)","Annual mean","mcg/m3","UHF42","402","West Queens","2022","2022-01-01T00:00:00.000","6.195663561",
"823236","1427","Fine particles (PM 2.5)","Winter mean","mcg/m3","UHF42","403","Flushing - Clearview","2022","2022-01-01T00:00:00.000","6.944210031",
"823238","1426","Fine particles (PM 2.5)","Summer mean","mcg/m3","UHF42","402","West Queens","2022","2022-01-01T00:00:00.000","6.947133295",
"823234","1425","Fine particles (PM 2.5)","Annual mean","mcg/m3","UHF42","403","Flushing - Clearview","2022","2022-01-01T00:00:00.000","5.8536927",
"823233","1427","Fine particles (PM 2.5)","Winter mean","mcg/m3","UHF42","404","Bayside - Little Neck","2022","2022-01-01T00:00:00.000","6.659478064",
"823235","1426","Fine particles (PM 2.5)","Summer mean","mcg/m3","UHF42","403","Flushing - Clearview","2022","2022-01-01T00:00:00.000","6.644860341",
"823239","1427","Fine particles (PM 2.5)","Winter mean","mcg/m3","UHF42","402","West Queens","2022","2022-01-01T00:00:00.000","7.128130858",
"823247","1426","Fine particles (PM 2.5)","Summer mean","mcg/m3","UHF42","309","Union Square - Lower East Side","2022","2022-01-01T00:00:00.000","7.592961678",
"823229","1426","Fine particles (PM 2.5)","Summer mean","mcg/m3","UHF42","405","Ridgewood - Forest Hills","2022","2022-01-01T00:00:00.000","6.496026238",
"823228","1425","Fine particles (PM 2.5)","Annual mean","mcg/m3","UHF42","405","Ridgewood - Forest Hills","2022","2022-01-01T00:00:00.000","5.754248643",
"823230","1427","Fine particles (PM 2.5)","Winter mean","mcg/m3","UHF42","405","Ridgewood - Forest Hills","2022","2022-01-01T00:00:00.000","6.703134065",
"823226","1426","Fine particles (PM 2.5)","Summer mean","mcg/m3","UHF42","406","Fresh Meadows","2022","2022-01-01T00:00:00.000","6.28872517",
"823225","1425","Fine particles (PM 2.5)","Annual mean","mcg/m3","UHF42","406","Fresh Meadows","2022","2022-01-01T00:00:00.000","5.500339599",
"823227","1427","Fine particles (PM 2.5)","Winter mean","mcg/m3","UHF42","406","Fresh Meadows","2022","2022-01-01T00:00:00.000","6.490359285",
"823231","1425","Fine particles (PM 2.5)","Annual mean","mcg/m3","UHF42","404","Bayside - Little Neck","2022","2022-01-01T00:00:00.000","5.589418743",
"825726","1431","Nitrogen dioxide (NO2)","Annual mean","ppb","UHF42","306","Chelsea - Clinton","2022","2022-01-01T00:00:00.000","22.87959806",
"823222","1425","Fine particles (PM 2.5)","Annual mean","mcg/m3","UHF42","407","Southwest Queens","2022","2022-01-01T00:00:00.000","5.533811217",
"825728","1433","Nitrogen dioxide (NO2)","Winter mean","ppb","UHF42","306","Chelsea - Clinton","2022","2022-01-01T00:00:00.000","26.81178899",
"823221","1427","Fine particles (PM 2.5)","Winter mean","mcg/m3","UHF42","408","Jamaica","2022","2022-01-01T00:00:00.000","6.62032068",
"823223","1426","Fine particles (PM 2.5)","Summer mean","mcg/m3","UHF42","407","Southwest Queens","2022","2022-01-01T00:00:00.000","6.186049843",
"823219","1425","Fine particles (PM 2.5)","Annual mean","mcg/m3","UHF42","408","Jamaica","2022","2022-01-01T00:00:00.000","5.627562114",
"823218","1427","Fine particles (PM 2.5)","Winter mean","mcg/m3","UHF42","409","Southeast Queens","2022","2022-01-01T00:00:00.000","6.398875838",
"825736","1432","Nitrogen dioxide (NO2)","Summer mean","ppb","UHF42","303","East Harlem","2022","2022-01-01T00:00:00.000","12.95828058",
"825737","1433","Nitrogen dioxide (NO2)","Winter mean","ppb","UHF42","303","East Harlem","2022","2022-01-01T00:00:00.000","21.58116385",
"825739","1432","Nitrogen dioxide (NO2)","Summer mean","ppb","UHF42","302","Central Harlem - Morningside Heights","2022","2022-01-01T00:00:00.000","13.24042398",
"825740","1433","Nitrogen dioxide (NO2)","Winter mean","ppb","UHF42","302","Central Harlem - Morningside Heights","2022","2022-01-01T00:00:00.000","21.55429779",
"825744","1431","Nitrogen dioxide (NO2)","Annual mean","ppb","UHF42","211","Williamsburg - Bushwick","2022","2022-01-01T00:00:00.000","17.37980792",
"825745","1432","Nitrogen dioxide (NO2)","Summer mean","ppb","UHF42","211","Williamsburg - Bushwick","2022","2022-01-01T00:00:00.000","12.66801156",
"825747","1431","Nitrogen dioxide (NO2)","Annual mean","ppb","UHF42","210","Coney Island - Sheepshead Bay","2022","2022-01-01T00:00:00.000","13.05855438",
"825748","1432","Nitrogen dioxide (NO2)","Summer mean","ppb","UHF42","210","Coney Island - Sheepshead Bay","2022","2022-01-01T00:00:00.000","8.463694088",
"825751","1432","Nitrogen dioxide (NO2)","Summer mean","ppb","UHF42","209","Bensonhurst - Bay Ridge","2022","2022-01-01T00:00:00.000","9.773626847",
"825752","1433","Nitrogen dioxide (NO2)","Winter mean","ppb","UHF42","209","Bensonhurst - Bay Ridge","2022","2022-01-01T00:00:00.000","20.14367088",
"825754","1432","Nitrogen dioxide (NO2)","Summer mean","ppb","UHF42","208","Canarsie - Flatlands","2022","2022-01-01T00:00:00.000","8.604527294",
"825755","1433","Nitrogen dioxide (NO2)","Winter mean","ppb","UHF42","208","Canarsie - Flatlands","2022","2022-01-01T00:00:00.000","19.18550528",
"823220","1426","Fine particles (PM 2.5)","Summer mean","mcg/m3","UHF42","408","Jamaica","2022","2022-01-01T00:00:00.000","6.298728089",
"823224","1427","Fine particles (PM 2.5)","Winter mean","mcg/m3","UHF42","407","Southwest Queens","2022","2022-01-01T00:00:00.000","6.503810506",
"825761","1433","Nitrogen dioxide (NO2)","Winter mean","ppb","UHF42","206","Borough Park","2022","2022-01-01T00:00:00.000","21.0263611",
"825762","1431","Nitrogen dioxide (NO2)","Annual mean","ppb","UHF42","205","Sunset Park","2022","2022-01-01T00:00:00.000","17.32333632",
"825765","1431","Nitrogen dioxide (NO2)","Annual mean","ppb","UHF42","204","East New York","2022","2022-01-01T00:00:00.000","15.63027325",
"825766","1432","Nitrogen dioxide (NO2)","Summer mean","ppb","UHF42","204","East New York","2022","2022-01-01T00:00:00.000","10.9473018",
"825768","1431","Nitrogen dioxide (NO2)","Annual mean","ppb","UHF42","203","Bedford Stuyvesant - Crown Heights","2022","2022-01-01T00:00:00.000","16.16730564",
"825769","1432","Nitrogen dioxide (NO2)","Summer mean","ppb","UHF42","203","Bedford Stuyvesant - Crown Heights","2022","2022-01-01T00:00:00.000","11.43810998",
"825773","1433","Nitrogen dioxide (NO2)","Winter mean","ppb","UHF42","202","Downtown - Heights - Slope","2022","2022-01-01T00:00:00.000","23.33332186",
"825774","1431","Nitrogen dioxide (NO2)","Annual mean","ppb","UHF42","201","Greenpoint","2022","2022-01-01T00:00:00.000","18.39671461",
"825776","1433","Nitrogen dioxide (NO2)","Winter mean","ppb","UHF42","201","Greenpoint","2022","2022-01-01T00:00:00.000","23.71531564",
"825777","1431","Nitrogen dioxide (NO2)","Annual mean","ppb","UHF42","107","Hunts Point - Mott Haven","2022","2022-01-01T00:00:00.000","17.35166499",
"825780","1431","Nitrogen dioxide (NO2)","Annual mean","ppb","UHF42","106","High Bridge - Morrisania","2022","2022-01-01T00:00:00.000","17.20522688",
"825781","1432","Nitrogen dioxide (NO2)","Summer mean","ppb","UHF42","106","High Bridge - Morrisania","2022","2022-01-01T00:00:00.000","13.57753358",
"825783","1431","Nitrogen dioxide (NO2)","Annual mean","ppb","UHF42","105","Crotona - Tremont","2022","2022-01-01T00:00:00.000","17.15201747",
"825784","1432","Nitrogen dioxide (NO2)","Summer mean","ppb","UHF42","105","Crotona - Tremont","2022","2022-01-01T00:00:00.000","13.62824594",
"823232","1426","Fine particles (PM 2.5)","Summer mean","mcg/m3","UHF42","404","Bayside - Little Neck","2022","2022-01-01T00:00:00.000","6.370590039",
"823248","1427","Fine particles (PM 2.5)","Winter mean","mcg/m3","UHF42","309","Union Square - Lower East Side","2022","2022-01-01T00:00:00.000","8.39859803",
"823213","1425","Fine particles (PM 2.5)","Annual mean","mcg/m3","CD","104","Clinton and Chelsea (CD4)","2022","2022-01-01T00:00:00.000","7.818004398",
"823212","1427","Fine particles (PM 2.5)","Winter mean","mcg/m3","CD","105","Midtown (CD5)","2022","2022-01-01T00:00:00.000","10.14130492",
"825792","1431","Nitrogen dioxide (NO2)","Annual mean","ppb","UHF42","102","Northeast Bronx","2022","2022-01-01T00:00:00.000","15.40448714",
"825793","1432","Nitrogen dioxide (NO2)","Summer mean","ppb","UHF42","102","Northeast Bronx","2022","2022-01-01T00:00:00.000","11.61930339",
"825795","1431","Nitrogen dioxide (NO2)","Annual mean","ppb","UHF42","101","Kingsbridge - Riverdale","2022","2022-01-01T00:00:00.000","14.52914393",
"825796","1432","Nitrogen dioxide (NO2)","Summer mean","ppb","UHF42","101","Kingsbridge - Riverdale","2022","2022-01-01T00:00:00.000","10.63957234",
"823214","1426","Fine particles (PM 2.5)","Summer mean","mcg/m3","CD","104","Clinton and Chelsea (CD4)","2022","2022-01-01T00:00:00.000","8.03547456",
"823210","1425","Fine particles (PM 2.5)","Annual mean","mcg/m3","CD","105","Midtown (CD5)","2022","2022-01-01T00:00:00.000","9.104075687",
"825801","1431","Nitrogen dioxide (NO2)","Annual mean","ppb","Borough","4","Queens","2022","2022-01-01T00:00:00.000","14.91358384",
"825802","1432","Nitrogen dioxide (NO2)","Summer mean","ppb","Borough","4","Queens","2022","2022-01-01T00:00:00.000","10.61178834",
"825805","1432","Nitrogen dioxide (NO2)","Summer mean","ppb","Borough","3","Manhattan","2022","2022-01-01T00:00:00.000","15.44110312",
"825806","1433","Nitrogen dioxide (NO2)","Winter mean","ppb","Borough","3","Manhattan","2022","2022-01-01T00:00:00.000","23.43545911",
"825808","1432","Nitrogen dioxide (NO2)","Summer mean","ppb","Borough","2","Brooklyn","2022","2022-01-01T00:00:00.000","10.73512557",
"825809","1433","Nitrogen dioxide (NO2)","Winter mean","ppb","Borough","2","Brooklyn","2022","2022-01-01T00:00:00.000","21.19404384",
"823209","1427","Fine particles (PM 2.5)","Winter mean","mcg/m3","CD","106","Stuyvesant Town and Turtle Bay (CD6)","2022","2022-01-01T00:00:00.000","8.334763209",
"823211","1426","Fine particles (PM 2.5)","Summer mean","mcg/m3","CD","105","Midtown (CD5)","2022","2022-01-01T00:00:00.000","8.719927105",
"823215","1427","Fine particles (PM 2.5)","Winter mean","mcg/m3","CD","104","Clinton and Chelsea (CD4)","2022","2022-01-01T00:00:00.000","8.681031801",
"825814","1433","Nitrogen dioxide (NO2)","Winter mean","ppb","CD","201","Mott Haven and Melrose (CD1)","2022","2022-01-01T00:00:00.000","23.4564059",
"823206","1427","Fine particles (PM 2.5)","Winter mean","mcg/m3","CD","107","Upper West Side (CD7)","2022","2022-01-01T00:00:00.000","6.790552345",
"823205","1426","Fine particles (PM 2.5)","Summer mean","mcg/m3","CD","107","Upper West Side (CD7)","2022","2022-01-01T00:00:00.000","7.006053998",
"823207","1425","Fine particles (PM 2.5)","Annual mean","mcg/m3","CD","106","Stuyvesant Town and Turtle Bay (CD6)","2022","2022-01-01T00:00:00.000","7.470738375",
"823203","1427","Fine particles (PM 2.5)","Winter mean","mcg/m3","CD","108","Upper East Side (CD8)","2022","2022-01-01T00:00:00.000","7.135165258",
"823202","1426","Fine particles (PM 2.5)","Summer mean","mcg/m3","CD","108","Upper East Side (CD8)","2022","2022-01-01T00:00:00.000","7.106722049",
"823204","1425","Fine particles (PM 2.5)","Annual mean","mcg/m3","CD","107","Upper West Side (CD7)","2022","2022-01-01T00:00:00.000","6.101604201",
"823208","1426","Fine particles (PM 2.5)","Summer mean","mcg/m3","CD","106","Stuyvesant Town and Turtle Bay (CD6)","2022","2022-01-01T00:00:00.000","7.688369004",
"823216","1425","Fine particles (PM 2.5)","Annual mean","mcg/m3","UHF42","409","Southeast Queens","2022","2022-01-01T00:00:00.000","5.400702957",
"823198","1425","Fine particles (PM 2.5)","Annual mean","mcg/m3","CD","109","Morningside Heights and Hamilton Heights (CD9)","2022","2022-01-01T00:00:00.000","6.246436688",
"823199","1426","Fine particles (PM 2.5)","Summer mean","mcg/m3","CD","109","Morningside Heights and Hamilton Heights (CD9)","2022","2022-01-01T00:00:00.000","7.149468936",
"823196","1426","Fine particles (PM 2.5)","Summer mean","mcg/m3","CD","110","Central Harlem (CD10)","2022","2022-01-01T00:00:00.000","7.118712172",
"823197","1427","Fine particles (PM 2.5)","Winter mean","mcg/m3","CD","110","Central Harlem (CD10)","2022","2022-01-01T00:00:00.000","7.159814817",
"823200","1427","Fine particles (PM 2.5)","Winter mean","mcg/m3","CD","109","Morningside Heights and Hamilton Heights (CD9)","2022","2022-01-01T00:00:00.000","7.114914707",
"823193","1426","Fine particles (PM 2.5)","Summer mean","mcg/m3","CD","111","East Harlem (CD11)","2022","2022-01-01T00:00:00.000","7.051746883",
"823192","1425","Fine particles (PM 2.5)","Annual mean","mcg/m3","CD","111","East Harlem (CD11)","2022","2022-01-01T00:00:00.000","6.164136723",
"823194","1427","Fine particles (PM 2.5)","Winter mean","mcg/m3","CD","111","East Harlem (CD11)","2022","2022-01-01T00:00:00.000","7.00234585",
"823201","1425","Fine particles (PM 2.5)","Annual mean","mcg/m3","CD","108","Upper East Side (CD8)","2022","2022-01-01T00:00:00.000","6.376792447",
"823195","1425","Fine particles (PM 2.5)","Annual mean","mcg/m3","CD","110","Central Harlem (CD10)","2022","2022-01-01T00:00:00.000","6.248865352",
"823217","1426","Fine particles (PM 2.5)","Summer mean","mcg/m3","UHF42","409","Southeast Queens","2022","2022-01-01T00:00:00.000","6.112324219",
"823249","1425","Fine particles (PM 2.5)","Annual mean","mcg/m3","UHF42","308","Greenwich Village - SoHo","2022","2022-01-01T00:00:00.000","8.045839268",
"823186","1425","Fine particles (PM 2.5)","Annual mean","mcg/m3","CD","211","Morris Park and Bronxdale (CD11)","2022","2022-01-01T00:00:00.000","6.094025419",
"823187","1427","Fine particles (PM 2.5)","Winter mean","mcg/m3","CD","212","Williamsbridge and Baychester (CD12)","2022","2022-01-01T00:00:00.000","7.316377996",
"823188","1427","Fine particles (PM 2.5)","Winter mean","mcg/m3","CD","201","Mott Haven and Melrose (CD1)","2022","2022-01-01T00:00:00.000","7.083975811",
"823185","1426","Fine particles (PM 2.5)","Summer mean","mcg/m3","CD","211","Morris Park and Bronxdale (CD11)","2022","2022-01-01T00:00:00.000","7.072485394",
"823182","1426","Fine particles (PM 2.5)","Summer mean","mcg/m3","CD","210","Throgs Neck and Co-op City (CD10)","2022","2022-01-01T00:00:00.000","6.92260039",
"823183","1425","Fine particles (PM 2.5)","Annual mean","mcg/m3","CD","210","Throgs Neck and Co-op City (CD10)","2022","2022-01-01T00:00:00.000","5.961578046",
"823189","1425","Fine particles (PM 2.5)","Annual mean","mcg/m3","CD","112","Washington Heights and Inwood (CD12)","2022","2022-01-01T00:00:00.000","6.280599169",
"825824","1431","Nitrogen dioxide (NO2)","Annual mean","ppb","CD","109","Morningside Heights and Hamilton Heights (CD9)","2022","2022-01-01T00:00:00.000","16.84972409",
"823184","1427","Fine particles (PM 2.5)","Winter mean","mcg/m3","CD","211","Morris Park and Bronxdale (CD11)","2022","2022-01-01T00:00:00.000","7.332284828",
"823178","1427","Fine particles (PM 2.5)","Winter mean","mcg/m3","CD","209","Parkchester and Soundview (CD9)","2022","2022-01-01T00:00:00.000","7.292761755",
"823179","1426","Fine particles (PM 2.5)","Summer mean","mcg/m3","CD","209","Parkchester and Soundview (CD9)","2022","2022-01-01T00:00:00.000","7.066304658",
"823180","1425","Fine particles (PM 2.5)","Annual mean","mcg/m3","CD","209","Parkchester and Soundview (CD9)","2022","2022-01-01T00:00:00.000","6.148854199",
"823177","1425","Fine particles (PM 2.5)","Annual mean","mcg/m3","CD","208","Riverdale and Fieldston (CD8)","2022","2022-01-01T00:00:00.000","6.042036842",
"823175","1427","Fine particles (PM 2.5)","Winter mean","mcg/m3","CD","208","Riverdale and Fieldston (CD8)","2022","2022-01-01T00:00:00.000","7.231778349",
"823181","1427","Fine particles (PM 2.5)","Winter mean","mcg/m3","CD","210","Throgs Neck and Co-op City (CD10)","2022","2022-01-01T00:00:00.000","7.158332563",
"823176","1426","Fine particles (PM 2.5)","Summer mean","mcg/m3","CD","208","Riverdale and Fieldston (CD8)","2022","2022-01-01T00:00:00.000","7.140612287",
"823190","1426","Fine particles (PM 2.5)","Summer mean","mcg/m3","CD","112","Washington Heights and Inwood (CD12)","2022","2022-01-01T00:00:00.000","7.238636415",
"823172","1427","Fine particles (PM 2.5)","Winter mean","mcg/m3","CD","207","Kingsbridge Heights and Bedford (CD7)","2022","2022-01-01T00:00:00.000","7.371820545",
"823173","1426","Fine particles (PM 2.5)","Summer mean","mcg/m3","CD","207","Kingsbridge Heights and Bedford (CD7)","2022","2022-01-01T00:00:00.000","7.160723146",
"823191","1427","Fine particles (PM 2.5)","Winter mean","mcg/m3","CD","112","Washington Heights and Inwood (CD12)","2022","2022-01-01T00:00:00.000","7.30197507",
"823174","1425","Fine particles (PM 2.5)","Annual mean","mcg/m3","CD","207","Kingsbridge Heights and Bedford (CD7)","2022","2022-01-01T00:00:00.000","6.170215371",
"823250","1426","Fine particles (PM 2.5)","Summer mean","mcg/m3","UHF42","308","Greenwich Village - SoHo","2022","2022-01-01T00:00:00.000","8.043034783",
"823170","1426","Fine particles (PM 2.5)","Summer mean","mcg/m3","CD","206","Belmont and East Tremont (CD6)","2022","2022-01-01T00:00:00.000","7.222086973",
"823171","1425","Fine particles (PM 2.5)","Annual mean","mcg/m3","CD","206","Belmont and East Tremont (CD6)","2022","2022-01-01T00:00:00.000","6.308894366",
"823251","1427","Fine particles (PM 2.5)","Winter mean","mcg/m3","UHF42","308","Greenwich Village - SoHo","2022","2022-01-01T00:00:00.000","9.025038107",
"823162","1425","Fine particles (PM 2.5)","Annual mean","mcg/m3","CD","203","Morrisania and Crotona (CD3)","2022","2022-01-01T00:00:00.000","6.29030656",
"823161","1426","Fine particles (PM 2.5)","Summer mean","mcg/m3","CD","203","Morrisania and Crotona (CD3)","2022","2022-01-01T00:00:00.000","7.220292085",
"823163","1427","Fine particles (PM 2.5)","Winter mean","mcg/m3","CD","204","Highbridge and Concourse (CD4)","2022","2022-01-01T00:00:00.000","7.040065585",
"823159","1425","Fine particles (PM 2.5)","Annual mean","mcg/m3","CD","202","Hunts Point and Longwood (CD2)","2022","2022-01-01T00:00:00.000","6.515231572",
"823158","1426","Fine particles (PM 2.5)","Summer mean","mcg/m3","CD","202","Hunts Point and Longwood (CD2)","2022","2022-01-01T00:00:00.000","7.453216161",
"823160","1427","Fine particles (PM 2.5)","Winter mean","mcg/m3","CD","203","Morrisania and Crotona (CD3)","2022","2022-01-01T00:00:00.000","7.407894723",
"823164","1426","Fine particles (PM 2.5)","Summer mean","mcg/m3","CD","204","Highbridge and Concourse (CD4)","2022","2022-01-01T00:00:00.000","7.059353902",
"823155","1426","Fine particles (PM 2.5)","Summer mean","mcg/m3","CD","201","Mott Haven and Melrose (CD1)","2022","2022-01-01T00:00:00.000","7.163027195",
"823156","1425","Fine particles (PM 2.5)","Annual mean","mcg/m3","CD","201","Mott Haven and Melrose (CD1)","2022","2022-01-01T00:00:00.000","6.123500683",
"823165","1425","Fine particles (PM 2.5)","Annual mean","mcg/m3","CD","204","Highbridge and Concourse (CD4)","2022","2022-01-01T00:00:00.000","6.038090123",
"823157","1427","Fine particles (PM 2.5)","Winter mean","mcg/m3","CD","202","Hunts Point and Longwood (CD2)","2022","2022-01-01T00:00:00.000","7.632038452",
"825872","1431","Nitrogen dioxide (NO2)","Annual mean","ppb","UHF34","305307","Upper East Side-Gramercy","2022","2022-01-01T00:00:00.000","20.74648204",
"823426","1425","Fine particles (PM 2.5)","Annual mean","mcg/m3","UHF34","206","Borough Park","2022","2022-01-01T00:00:00.000","5.665083598",
"823169","1427","Fine particles (PM 2.5)","Winter mean","mcg/m3","CD","206","Belmont and East Tremont (CD6)","2022","2022-01-01T00:00:00.000","7.475861252",
"823252","1425","Fine particles (PM 2.5)","Annual mean","mcg/m3","UHF42","307","Gramercy Park - Murray Hill","2022","2022-01-01T00:00:00.000","7.897742036",
"823167","1426","Fine particles (PM 2.5)","Summer mean","mcg/m3","CD","205","Fordham and University Heights (CD5)","2022","2022-01-01T00:00:00.000","7.122674797",
"823168","1425","Fine particles (PM 2.5)","Annual mean","mcg/m3","CD","205","Fordham and University Heights (CD5)","2022","2022-01-01T00:00:00.000","6.123150287",
"823166","1427","Fine particles (PM 2.5)","Winter mean","mcg/m3","CD","205","Fordham and University Heights (CD5)","2022","2022-01-01T00:00:00.000","7.212346386",
"740906","1432","Nitrogen dioxide (NO2)","Summer mean","ppb","UHF42","105","Crotona - Tremont","2021","2021-01-01T00:00:00.000","13.8190272",
"740905","1433","Nitrogen dioxide (NO2)","Winter mean","ppb","UHF42","105","Crotona - Tremont","2021","2021-01-01T00:00:00.000","20.93965076",
"740907","1431","Nitrogen dioxide (NO2)","Annual mean","ppb","UHF42","105","Crotona - Tremont","2021","2021-01-01T00:00:00.000","17.64194468",
"740903","1432","Nitrogen dioxide (NO2)","Summer mean","ppb","UHF42","104","Pelham - Throgs Neck","2021","2021-01-01T00:00:00.000","12.31674151",
"740902","1433","Nitrogen dioxide (NO2)","Winter mean","ppb","UHF42","104","Pelham - Throgs Neck","2021","2021-01-01T00:00:00.000","19.5542201",
"740904","1431","Nitrogen dioxide (NO2)","Annual mean","ppb","UHF42","104","Pelham - Throgs Neck","2021","2021-01-01T00:00:00.000","16.00939977",
"740908","1433","Nitrogen dioxide (NO2)","Winter mean","ppb","UHF42","106","High Bridge - Morrisania","2021","2021-01-01T00:00:00.000","21.49521979",
"740899","1433","Nitrogen dioxide (NO2)","Winter mean","ppb","UHF42","103","Fordham - Bronx Pk","2021","2021-01-01T00:00:00.000","19.32926512",
"740898","1431","Nitrogen dioxide (NO2)","Annual mean","ppb","UHF42","102","Northeast Bronx","2021","2021-01-01T00:00:00.000","15.97800832",
"740900","1432","Nitrogen dioxide (NO2)","Summer mean","ppb","UHF42","103","Fordham - Bronx Pk","2021","2021-01-01T00:00:00.000","12.14542185",
"740896","1433","Nitrogen dioxide (NO2)","Winter mean","ppb","UHF42","102","Northeast Bronx","2021","2021-01-01T00:00:00.000","19.18248894",
"740895","1431","Nitrogen dioxide (NO2)","Annual mean","ppb","UHF42","101","Kingsbridge - Riverdale","2021","2021-01-01T00:00:00.000","14.77021939",
"740897","1432","Nitrogen dioxide (NO2)","Summer mean","ppb","UHF42","102","Northeast Bronx","2021","2021-01-01T00:00:00.000","12.38240673",
"740901","1431","Nitrogen dioxide (NO2)","Annual mean","ppb","UHF42","103","Fordham - Bronx Pk","2021","2021-01-01T00:00:00.000","16.03453373",
"740909","1432","Nitrogen dioxide (NO2)","Summer mean","ppb","UHF42","106","High Bridge - Morrisania","2021","2021-01-01T00:00:00.000","14.18961104",
"740891","1432","Nitrogen dioxide (NO2)","Summer mean","ppb","Borough","5","Staten Island","2021","2021-01-01T00:00:00.000","7.715126299",
"740890","1433","Nitrogen dioxide (NO2)","Winter mean","ppb","Borough","5","Staten Island","2021","2021-01-01T00:00:00.000","18.72074056",
"740892","1431","Nitrogen dioxide (NO2)","Annual mean","ppb","Borough","5","Staten Island","2021","2021-01-01T00:00:00.000","12.84495181",
"740888","1432","Nitrogen dioxide (NO2)","Summer mean","ppb","Borough","4","Queens","2021","2021-01-01T00:00:00.000","11.0058459",
"740887","1433","Nitrogen dioxide (NO2)","Winter mean","ppb","Borough","4","Queens","2021","2021-01-01T00:00:00.000","20.73316681",
"740889","1431","Nitrogen dioxide (NO2)","Annual mean","ppb","Borough","4","Queens","2021","2021-01-01T00:00:00.000","15.46265071",
"740893","1433","Nitrogen dioxide (NO2)","Winter mean","ppb","UHF42","101","Kingsbridge - Riverdale","2021","2021-01-01T00:00:00.000","18.02258258",
"740884","1433","Nitrogen dioxide (NO2)","Winter mean","ppb","Borough","3","Manhattan","2021","2021-01-01T00:00:00.000","23.67404351",
"740883","1431","Nitrogen dioxide (NO2)","Annual mean","ppb","Borough","2","Brooklyn","2021","2021-01-01T00:00:00.000","16.68091536",
"740885","1432","Nitrogen dioxide (NO2)","Summer mean","ppb","Borough","3","Manhattan","2021","2021-01-01T00:00:00.000","16.36850296",
"740881","1433","Nitrogen dioxide (NO2)","Winter mean","ppb","Borough","2","Brooklyn","2021","2021-01-01T00:00:00.000","22.73678664",
"740880","1431","Nitrogen dioxide (NO2)","Annual mean","ppb","Borough","1","Bronx","2021","2021-01-01T00:00:00.000","16.54096158",
"740882","1432","Nitrogen dioxide (NO2)","Summer mean","ppb","Borough","2","Brooklyn","2021","2021-01-01T00:00:00.000","11.46463917",
"740886","1431","Nitrogen dioxide (NO2)","Annual mean","ppb","Borough","3","Manhattan","2021","2021-01-01T00:00:00.000","19.96942812",
"740894","1432","Nitrogen dioxide (NO2)","Summer mean","ppb","UHF42","101","Kingsbridge - Riverdale","2021","2021-01-01T00:00:00.000","10.77928362",
"740910","1431","Nitrogen dioxide (NO2)","Annual mean","ppb","UHF42","106","High Bridge - Morrisania","2021","2021-01-01T00:00:00.000","18.04002412",
"740878","1433","Nitrogen dioxide (NO2)","Winter mean","ppb","Borough","1","Bronx","2021","2021-01-01T00:00:00.000","19.91634153",
"740911","1433","Nitrogen dioxide (NO2)","Winter mean","ppb","UHF42","107","Hunts Point - Mott Haven","2021","2021-01-01T00:00:00.000","21.86906445",
"740879","1432","Nitrogen dioxide (NO2)","Summer mean","ppb","Borough","1","Bronx","2021","2021-01-01T00:00:00.000","12.82602654",
"740912","1432","Nitrogen dioxide (NO2)","Summer mean","ppb","UHF42","107","Hunts Point - Mott Haven","2021","2021-01-01T00:00:00.000","15.1106655",
"740913","1431","Nitrogen dioxide (NO2)","Annual mean","ppb","UHF42","107","Hunts Point - Mott Haven","2021","2021-01-01T00:00:00.000","18.51667627",
"743724","1435","Ozone (O3)","Summer mean","ppb","UHF42","103","Fordham - Bronx Pk","2021","2021-01-01T00:00:00.000","29.99755964",
"743723","1435","Ozone (O3)","Summer mean","ppb","UHF42","104","Pelham - Throgs Neck","2021","2021-01-01T00:00:00.000","30.29229041",
"743725","1435","Ozone (O3)","Summer mean","ppb","UHF42","102","Northeast Bronx","2021","2021-01-01T00:00:00.000","30.37266906",
